begin_va	end_va	size	unwind_va
0x140000000	0x20bcc546f	3419165807	0x140000001
0x14017d82d	0x1580499ea	401392061	0x195972457
0x14027b786	0x17a808184	978897406	0x1a78e66f2
0x1403aa1cd	0x20e5e1eab	3458432222	0x186cf0174
0x1409bc343	0x1734db4c4	850522497	0x1a8ff3343
0x140a36169	0x1e5ae7a2f	2768967878	0x1622005fa
0x140bc3dea	0x17d10ecaf	1012182725	0x15ee6fd90
0x140d52571	0x235a647c7	4107346518	0x167d0fd2a
0x14122b5d1	0x140a00ca9	-8562984	0x1911d3432
0x14143dd59	0x1c796dc5b	2253586178	0x1b9b2405d
0x1417289a5	0x14a5fea61	149774524	0x17f7ba27a
0x14181360f	0x165d00dbc	609146797	0x188045148
0x141a0511c	0x207a683a4	3322294920	0x19b694ed4
0x141c23ec3	0x1f86e4681	3064727486	0x17e7783b4
0x141d28516	0x21566d6d9	3549712835	0x18ed901d2
0x141d3c754	0x16e5c5cd9	747148677	0x1a426dba4
0x141de51a5	0x1ed14489b	2872440566	0x170004953
0x142c40d95	0x15b4df208	411690099	0x1b7018baf
0x1432bbeca	0x1525662d4	254452746	0x1759598ce
0x1432c9269	0x1da8e89af	2539779910	0x1ae73a09f
0x1433a9a87	0x23798b96a	4099808995	0x143ca1bd1
0x1433c8bf3	0x1c1a30434	2120644673	0x18d14e924
0x14355609e	0x1872ca0ce	1138180144	0x14737a0db
0x143f10a65	0x175252d65	825500416	0x196214c8e
0x143fb849b	0x1dd754843	2574893992	0x152275cc4
0x14400ba39	0x1e5f990d0	2717439639	0x1b7604212
0x1441c6321	0x15b85ee2d	392792844	0x1707eba6c
0x1442f2633	0x1af5dade7	1798211508	0x16d67df57
0x14457b003	0x179f9d22e	899818027	0x14155e45a
0x14471c04b	0x1ae303867	1774090268	0x1b6577bd4
0x14471c10a	0x200b87b67	3158751837	0x1b4e0fab5
0x14499b614	0x147e7ef4d	55458105	0x181023fe0
0x144c36a53	0x1b9b2405c	1961809417	0x193a04ab3
0x146088c09	0x227c1d808	3787017215	0x1a930246c
0x14641fe4e	0x2017e5d29	3141295835	0x1a6184bd1
0x1464831b3	0x218b39023	3530251888	0x150235e10
0x14681d86b	0x1bc84dd72	1979909383	0x1ad4bb2da
0x1468cb4dc	0x2224a96da	3686654462	0x19911dea4
0x146a409be	0x226567247	3753011337	0x19f70f0f5
0x146b8defa	0x1a9d50c7c	1662791042	0x16ad8ded7
0x146cefb29	0x22b74136d	3836024900	0x1a01e7c7d
0x146ea3a71	0x1ffdd464c	3102936027	0x1b276d001
0x147386460	0x21c924f38	3579439832	0x19696cfd9
0x1474be49e	0x1ee7e45ce	2805096752	0x14df3b500
0x147550933	0x20ae92c09	3281265366	0x140e22191
0x147c3dc2b	0x1eec40e36	2801807883	0x1a2d0f821
0x147c742aa	0x22a48a2b2	3800129544	0x16976e4d4
0x147d05f88	0x2327a07c9	3936987201	0x179584de8
0x1483f81da	0x20112b306	3100848428	0x17d213e57
0x148483fdb	0x1a3009d4d	1522031986	0x15dbd946c
0x1486a0bae	0x1d8189dc8	2410582554	0x1aa11f709
0x14895c052	0x1760d18ad	762796123	0x180aca1f9
0x148acaf7f	0x1815bd5a9	951002666	0x15349268b
0x148adb1f3	0x220c4c6e3	3625391344	0x178a6e3f9
0x149acbf03	0x208e598e3	3208174048	0x1be64b718
0x149c7a0db	0x161024b23	389720648	0x1abd796b9
0x149df1045	0x19d6541a5	1401303392	0x16509df10
0x149df924d	0x1e059fd91	2524605252	0x150998d45
0x149f7df13	0x1432159d6	-114722109	0x18e8282cc
0x14a5b666b	0x219af7711	3478392998	0x145468476
0x14a75f546	0x17512d471	714923819	0x143efca43
0x14ab00245	0x151d8a175	120102704	0x18735e87f
0x14ad91598	0x1e0511c8b	2507671283	0x1b491e202
0x14af4a2a9	0x177470ce9	743598656	0x1457f903d
0x14af52a56	0x23265f402	3882928556	0x1bb09e581
0x14af99724	0x1b8fce830	1845711116	0x1b0715514
0x14b4cbc38	0x1f8fd6b9d	2914037605	0x18ad05d87
0x14b4cbd87	0x171c5659d	645441558	0x14e126332
0x14b4d5779	0x2043724f4	3102330235	0x1be94aafb
0x14b7f1cad	0x23afa0e88	4017811931	0x19a0feab0
0x14bbca3c1	0x1d800687d	2353251516	0x1805c2852
0x14bdab61e	0x1901e1a8a	1145267308	0x162630956
0x14bf50a0d	0x1f62b2a7f	2855673970	0x1b148139a
0x14c2254bc	0x1b7f502fb	1808969279	0x1a20599cc
0x14c9ee9c8	0x17a972ef0	771245352	0x151581642
0x14cb5716d	0x165abf955	418809832	0x1bcf2cae9
0x14cf66e7a	0x239e92599	3975329567	0x1740fbb4e
0x14d05011a	0x1411a9a7d	-199911069	0x15dc885ed
0x14d506709	0x1d0c2386a	2205274465	0x1a73dd933
0x14d7a1d9f	0x23d0be15b	4019307452	0x156cbedb6
0x14d7c0b0d	0x238b00018	3946050827	0x140fbc602
0x14d8417bf	0x22cf4a183	3748694468	0x1992dbc1e
0x14d8d5cd6	0x19af98aab	1298935253	0x1bc5ce6ce
0x14d954152	0x14d62da10	-3303234	0x1752552a5
0x14d954152	0x21f79a15b	3521404937	0x1b66a73b9
0x14dbd358e	0x16a8e1c99	483452683	0x191ee187e
0x14de4de49	0x225c2a585	3621635900	0x1640a1f2d
0x14e058f02	0x206414f17	3090923541	0x154f591f6
0x14e258bb4	0x1e0db4749	2461383573	0x1a8ccf83f
0x14e33ee98	0x233cdb028	3852059024	0x14857b533
0x14e360e69	0x21654c6c4	3357456475	0x18d36bd8f
0x14e37618c	0x1a982b8c4	1531664184	0x17e3497b3
0x14e4e747b	0x1e1cc06b9	2474480190	0x1b9b2405c
0x14e8fd3fc	0x1f42e1554	2778612056	0x19ae76fc2
0x14eb498c7	0x23275b468	3821083553	0x15e8fab7c
0x14f00328f	0x1611ab07d	303726062	0x18d700af8
0x14f11bdd5	0x2008f810a	2977809205	0x1952ddf84
0x14f4b9ebd	0x141b870e0	-227749341	0x177c2a4d6
0x14f576f5d	0x1af5d2d07	1610988970	0x1465fef57
0x14f7f2aff	0x222ca0c45	3544899910	0x140544f9a
0x14f8515ae	0x181384078	833825482	0x190e7f372
0x14fe94358	0x21ff0b99f	3490149959	0x15203d385
0x1501b6195	0x21cf68284	3436912879	0x15077eed3
0x150b1193c	0x143d616ac	-215679632	0x18b5e48f4
0x150bb2028	0x226bdb950	3590494504	0x150d56999
0x150f49e60	0x22c61ef19	3681374393	0x174389186
0x1513813ae	0x1e163d746	2418787224	0x18642deb9
0x1515d294f	0x22374f1af	3524773984	0x1b2398a99
0x151897f70	0x16b5c6eac	433254204	0x172599fd3
0x1518f15cc	0x206b6dea0	3039283412	0x1ae9f09fb
0x151ad461c	0x1be16de3e	1818859554	0x18a6f1b37
0x151c61934	0x2270e0484	3578260304	0x18c2b41e3
0x1520afcb7	0x197155f3d	1158308486	0x1520ebd69
0x1521f6fd3	0x1813349d3	789830144	0x19f4b46e0
0x1525f2c6e	0x21da2672c	3410180798	0x142856166
0x152a139aa	0x176441cd0	597877542	0x157bfdd10
0x15300ce30	0x227d3c43f	3570595343	0x171641c39
0x1532620b0	0x153bc682a	9848698	0x1605ba9d0
0x15368609d	0x19ea2a931	1262110868	0x1b4cbb3e6
0x1536c7fe5	0x191146f9e	1034416057	0x17f7c13e1
0x15382852f	0x184ff82ce	830274975	0x18faa7d1e
0x153bc68a9	0x1650fadd0	290669863	0x1ba076a01
0x15456b889	0x22ef65f10	3667895943	0x1b20af21d
0x1546b622a	0x23e13a0dc	3920117426	0x19a648977
0x15479b240	0x1c7578383	1927139651	0x16096575e
0x154844670	0x23f79abfd	3941950861	0x152599301
0x1548cfcab	0x1e49c73a7	2416932604	0x1695293b1
0x1548cfdea	0x22d8137a7	3639884221	0x1896d1000
0x154946300	0x1a3009dfd	1315715837	0x15d65e094
0x154a1f843	0x207a30211	3003189710	0x16e6ea246
0x154ca5a2b	0x1c17f806b	1823811136	0x15f3c87cd
0x154de9e9e	0x1ea90daaf	2511485969	0x17ea4bdbf
0x15517e3d0	0x15ba54db0	109930976	0x1bcd17ad9
0x1556310d6	0x1add5bf46	1483910768	0x154b97f1b
0x155885d75	0x143fe5784	-294258161	0x15dd77871
0x155a3968d	0x1e4059cd7	2388788810	0x19025a055
0x15602a051	0x2350690b5	3741577316	0x170b0263f
0x156047314	0x140f66ac9	-353241163	0x17aaeeea3
0x1563e2ea0	0x19233ee2a	1005961098	0x1563e2fed
0x15649b77e	0x1d890e741	2185703363	0x17eeff632
0x15682d655	0x2144f8684	3184308271	0x1b7090dd6
0x15694382e	0x2308edba3	3657081717	0x169a208fd
0x1569465b0	0x23addb6a4	3830010100	0x15276527c
0x156b429e8	0x185fe96fd	793406741	0x1962c4737
0x1572a1bf7	0x1b9a43f85	1652171662	0x1a623077f
0x157dcb60b	0x160955442	146316855	0x19cea490b
0x157e49104	0x211443c4d	3110054729	0x1bc4d17e4
0x157e60722	0x19ea72161	1187060287	0x1452e921e
0x158797bdb	0x19383752f	990509396	0x16eecd2cd
0x1589cb592	0x238a0368c	3758326010	0x19fa02a80
0x158dd6027	0x1e0511d99	2272509298	0x146b84a19
0x159a87207	0x1fe68a737	2764059952	0x1a92b248e
0x159f790f5	0x14c7304c2	-226790451	0x172ccd910
0x15a0f9ce4	0x16151a013	121766703	0x14d144e8f
0x15a29919b	0x1ae45d9c8	1411139629	0x18cc41b6e
0x15a4ebee3	0x1840f4c80	700485021	0x194bb22b5
0x15a57b9d6	0x1c252b2e8	1744501010	0x172e81a17
0x15a58b626	0x1db6ce720	2165584122	0x16dfd8e16
0x15a633162	0x14d0d4490	-223734994	0x1861708c5
0x15a654c4d	0x1ddab8c5e	2202419217	0x1a9e2de6a
0x15a771648	0x1d9566ae1	2128565401	0x1b9b2405c
0x15abf2a32	0x17aa2b2e8	535005366	0x172fb6798
0x15b279141	0x22dcb23d0	3533935247	0x1b8d88a92
0x15b630ddd	0x1bdad7d01	1649045284	0x16d85afba
0x15b633dad	0x1dd7d4d01	2182745940	0x1ad011b63
0x15b745463	0x220f10d3d	3313285338	0x192850f10
0x15b919541	0x1b1771b14	1441105363	0x1b3811342
0x15bacc839	0x235889fba	3655063425	0x1a084ef47
0x15bb11d56	0x17cc42669	554895635	0x1a39e9618
0x15be24220	0x161a035a8	96334728	0x14cc9fa23
0x15c2c2c29	0x17d70884b	558128162	0x1b51ae538
0x15c2d9470	0x21450827c	3089296908	0x147ab7bda
0x15c2fe6b0	0x1f5a706e1	2574721073	0x18aa3968d
0x15c30b469	0x21419a051	3085495272	0x19858b20c
0x15c6c2c9e	0x1e6936802	2317826916	0x1890cba39
0x15c7cdee7	0x232cadef8	3595436049	0x1b791b6af
0x15c8149bb	0x1ce276a41	1906712710	0x19e2491e2
0x15c8b5aab	0x157428b1d	-88657806	0x17096bf3d
0x15c9dbcc7	0x18fbbb0ac	857600997	0x16964d462
0x15cba3ffe	0x14e37b9a3	-243435099	0x1a03ea8c4
0x15cd4a49e	0x230ade2c9	3554229803	0x1aa1dae26
0x15d204c49	0x19f5043de	1110439829	0x19dd1830c
0x15d21eef8	0x1c0c5efb1	1671692473	0x1550c3ac1
0x15d2e35d7	0x1c92b948b	1811766964	0x1a988173c
0x15d3527bb	0x1f501a051	2546759830	0x19d80cdde
0x15d69c905	0x14deea051	-259729588	0x173001d60
0x15d71a87e	0x19dafb5c7	1077808457	0x14f22ab0d
0x15d8cf479	0x1f401b2b7	2524233278	0x198c7cab9
0x15db879aa	0x21cf68284	3208513754	0x1b518b7a9
0x15ddd4440	0x19353f23e	896970238	0x15c0947d9
0x15ddd4501	0x20d6f0b3e	2945566269	0x161dc9ec4
0x15df95044	0x178df25c8	451270020	0x15e4635fe
0x15e45428d	0x15f166f8c	13708543	0x15805c863
0x15e70eb14	0x1b55ffa5d	1458507593	0x1a9e4a94b
0x15eae2d76	0x2274f2b3c	3365993926	0x153800f0d
0x15f312606	0x1525ffa5d	-215034793	0x1485a272a
0x15f3b3b24	0x1e51e57ac	2246253704	0x16ded931a
0x15f5c2317	0x16bef0234	210951965	0x16c9ea15f
0x15f860479	0x1af19254a	1335042257	0x16504991c
0x15f8605bc	0x233cf553a	3561574270	0x19ee60d0f
0x15ff89b2c	0x17d2e9e76	490079050	0x14285a3ab
0x1605ce6b5	0x1caf98c04	1788650831	0x1bbf0eaad
0x1606a6bf3	0x1a529d03f	1153393740	0x1a3135997
0x16090b8c3	0x203ec33ae	2740681451	0x183553e24
0x160c3ffd9	0x1e39db1ee	2195304981	0x19cf68285
0x160c65935	0x1c07e0921	1605873644	0x17632405d
0x160d9d5c0	0x17b02f8a3	438903523	0x19b47dceb
0x160f6467f	0x2392115b3	3626684212	0x1b56e2070
0x16109ba64	0x14792deb5	-427219887	0x1b8eacbff
0x1613a3f4e	0x1ee51082b	2367080669	0x162b553c0
0x1620aab35	0x1c3e2ef70	1641563195	0x1aef78324
0x1620f6043	0x2351fe271	3541074478	0x1661813d3
0x162175ce8	0x15287d991	-261063511	0x1815216ce
0x1622058cb	0x20073c3d9	2656267022	0x143d92220
0x1622070c3	0x180332bd9	504544022	0x1abd92220
0x16220d84b	0x1eb8babd9	2305479566	0x18226ca48
0x16262488c	0x20e1cf02a	2881136542	0x1b3e09831
0x1629ae3b9	0x1adf10313	1263935322	0x16dba841c
0x162d2bc11	0x15292b96a	-272630439	0x1a70949b1
0x1630cf969	0x1e14bf21d	2118056116	0x14b7fba22
0x1637cdc77	0x14430f80b	-525067372	0x1b0a04628
0x163be9c66	0x1f5b02843	2448526301	0x19a029155
0x163cadedd	0x17aab5522	383809093	0x14f8ff416
0x1644ffcf2	0x239dfa8f9	3582962695	0x155be77c5
0x164b1e2f1	0x1c270a99f	1572783790	0x1799febb9
0x164c55967	0x20749b235	2726582478	0x14605bb5b
0x164ddb7e7	0x140d66028	-604460991	0x19380fcfb
0x164ede0ce	0x1e4f8aabe	2148190704	0x16fefc193
0x164f0fa46	0x161614b12	-59748148	0x154826681
0x1652f60a0	0x1ced3d944	1772386468	0x171747e38
0x165504218	0x1ea882876	2235033182	0x160511d8e
0x165c79b62	0x21a33fe66	3027002116	0x18c0825dd
0x165c79b6a	0x1dbcaaa1a	1979911856	0x17a7a25c7
0x165c79b8a	0x1db7a66e6	1974651740	0x1966225c7
0x165c79bc2	0x1dbf22a92	1982500560	0x1a24e25c7
0x165ccc9f8	0x1daabda1c	1960775716	0x199098ea9
0x165e6ecbe	0x153d4eb34	-303169930	0x146abab4f
0x165e8cea5	0x1f985c21b	2476536694	0x14525d34f
0x16690fd58	0x1b60852b1	1333220697	0x188728140
0x16694be49	0x1894fb8b3	582679146	0x166df652d
0x166aafd8d	0x1fc9f17a1	2515802644	0x144b433f0
0x166b518ca	0x1e14e3701	2056855095	0x16b6c2c9e
0x166b7b8e1	0x14099c490	-639497297	0x17483ef51
0x166c2dacd	0x1813cbbd4	444195079	0x140be3eb0
0x166cdbc59	0x152b648a8	-337081265	0x1848308ba
0x166d48d09	0x22f5c576e	3364342373	0x178e301bd
0x166e5bd50	0x1648ff241	-39176975	0x15615140d
0x16702a00d	0x1611bc37e	-99015823	0x160f80029
0x1676d7337	0x171efa579	176304706	0x188bd47ff
0x1677d9d77	0x236abb620	3475904681	0x162c0328d
0x167a109a8	0x1e3ba96a1	2082049273	0x188e841d5
0x167baa319	0x1af0f6bde	1196738757	0x1b7ccb487
0x167d52d20	0x2256968e6	3180608454	0x1a8e60715
0x167e328a4	0x1481ea0e9	-532973499	0x1a2fe7d1a
0x167f1902f	0x16956b63c	23406093	0x1854e4ba5
0x1683783e2	0x1a49ac1fd	1013136923	0x1947e0bb3
0x168385102	0x1e9d98dfa	2174827768	0x1a9a0511c
0x16838b8ad	0x22bf74314	3284044391	0x19dada235
0x1684bb204	0x1bccbd7c1	1417684413	0x195c05a50
0x168ba8aae	0x1cd8d232d	1691523199	0x1bfce1875
0x168ec8cd2	0x225326910	3158694974	0x1a810bb67
0x16909f36d	0x201a934b7	2560573770	0x1be458bef
0x1698bc21b	0x1b5cd1d8a	1279351663	0x191bb1d9d
0x169c02f90	0x232b1b5b5	3371271717	0x1b7db97aa
0x16a54228a	0x219c4c455	2943394251	0x1416c80a2
0x16a64ebd3	0x1a5038a09	983473718	0x187283fcd
0x16a69fc97	0x232e131e7	3363255632	0x1bc5c436c
0x16a83a724	0x1805ca879	366543189	0x19f8b79b2
0x16aa24640	0x22c7881fa	3252042682	0x152e29343
0x16aec7881	0x1c112abda	1445344089	0x1ba4aec78
0x16b0e780a	0x186020bfb	452170737	0x15c8e1231
0x16b1c7aa8	0x17d242b03	302493787	0x163ee6fa2
0x16b35dc33	0x21e9f164f	3010017820	0x155c55c6e
0x16b5de22d	0x149604c4f	-570267102	0x15cd8dddb
0x16ba214d7	0x1dea17427	1929338704	0x14a146c2c
0x16c006ea8	0x224bad021	3099222393	0x1a8e98860
0x16c0cba59	0x22408ec9a	3086758465	0x15787af99
0x16c9ea05f	0x178f8ff6c	207249165	0x1b7dd53b6
0x16c9ea074	0x231764a6c	3302468088	0x1b3659c47
0x16c9ea122	0x159f3c36c	-313187766	0x14a7fcde6
0x16ca55363	0x1fe0677a5	2439062594	0x1443b7b3a
0x16cab2064	0x183f09c97	390429747	0x197074d0e
0x16cadbc3e	0x1617cf3ed	-187746385	0x14b4ca16e
0x16cb374c0	0x1b87b4129	1271385193	0x1a989c2b1
0x16cc850e3	0x198803e0d	733474090	0x16cc2d3f5
0x16cf5eb7a	0x1d27831c8	1703036494	0x15caac332
0x16d180d1f	0x2211d553a	3020245019	0x145c5c391
0x16db50dfe	0x19dfee564	810145638	0x191bd2d4d
0x16dbe33e0	0x1cbc49369	1577475977	0x1692db5a8
0x16dbf2c2c	0x1644c26fe	-158532910	0x166fe2db7
0x16e006b77	0x221fc2608	3019618961	0x16f21b4d0
0x16e064141	0x1afa7caed	1101105580	0x199ad79e7
0x16e0c2ee7	0x1f8dea824	2329049405	0x19e05927d
0x16e3a4e1f	0x1e18a08bd	1934604958	0x1604ae1be
0x16e49ee9d	0x1a6b91ce7	946810442	0x1b89e218f
0x16e4e451b	0x1bfefa9ec	1369531601	0x153760694
0x16e5c3fbf	0x146c7146f	-664087376	0x16486a0f5
0x16e966df8	0x1565b3efc	-406531836	0x1b9b2405d
0x16f015c7d	0x22b74b723	3161676454	0x197ef1355
0x16f3497f6	0x15c2774a9	-319628109	0x188eea051
0x16f3789c3	0x1a9d80272	983595183	0x199c01e1f
0x16f393ec0	0x2237d8265	3024372645	0x15872d908
0x16f3b386d	0x158470535	-385102648	0x1426db08c
0x16fb4ccb4	0x21ed762bf	2938279435	0x1b58b68df
0x16fd06fd1	0x21ea5be0f	2933214782	0x1593f777d
0x16fe19ed2	0x14596e1b7	-709541147	0x17741e2fa
0x16fe6c42a	0x18d9b6911	498377959	0x1993f19c5
0x17005b6e0	0x22e4e26da	3192418298	0x166da307d
0x1700d9ede	0x2361e26da	3322972156	0x166da3065
0x17019448c	0x19ddc26a4	767746584	0x14c6e1dee
0x17019d96f	0x1613e57dd	-249266578	0x1bed1eb3d
0x170231db6	0x17ac9249a	178652900	0x1862f6349
0x1702c6300	0x1a33e9158	856829528	0x1b77550b6
0x1705dcec6	0x1fe7e26da	2384484372	0x166da302d
0x170b38e5a	0x19e8afab2	769092696	0x1bec10927
0x1710e745a	0x201c47417	2427846589	0x188987011
0x1715e82c7	0x1889992e3	389746716	0x18ba3afef
0x1716100ef	0x1f49bf0b9	2201677770	0x156971881
0x1717234fa	0x237f29577	3330302077	0x1bae05d66
0x1720b4a34	0x16c9ea074	-91007424	0x1ae77436c
0x17211e892	0x2157f6d23	2741863569	0x1820a486f
0x172465f30	0x19071923f	506147599	0x145a58700
0x1724ebb9b	0x18c8232d9	439580478	0x15117a7e0
0x172eb1d07	0x21be7218a	2835088515	0x1476ef5af
0x172eed3bd	0x23e746131	3414527348	0x1a41c39e7
0x17320e7f8	0x1b19bb008	1048234000	0x19beb4756
0x17373dbc7	0x1b32b00ee	1068967207	0x15999eeb1
0x1737c8d9d	0x20f454ff2	2613625429	0x1955f5848
0x17383e54d	0x196b1d736	590213609	0x17de9f6e9
0x173972995	0x22d8b98d9	3119804228	0x1489de471
0x173beb94c	0x23ee78ad2	3408449926	0x1733b68d6
0x173caf10c	0x1defe9c14	1798548232	0x1983a5496
0x173f35e4f	0x20930844a	2503812603	0x1a119e51a
0x1740cec78	0x2147353dc	2691065700	0x1887aac12
0x17426db93	0x22c534588	3089918453	0x1a279f909
0x17468cbba	0x1a672361e	839477860	0x14bac486a
0x174711edc	0x1b13aa2b2	1019839446	0x18fe49799
0x174e542a1	0x15ce0f0e9	-402936248	0x175688ad6
0x175606c5f	0x20fac3259	2588657146	0x1728cdfb9
0x175986b46	0x21aab6f4a	2769486852	0x15ddd4545
0x17609805b	0x23660784b	3226925040	0x19ca80036
0x1761cd2ad	0x217c19256	2711928745	0x160511cd7
0x176390456	0x19ce849df	649020809	0x1ac61f851
0x17676a3a5	0x1a560ffd6	787110961	0x144bc2058
0x1768cf7ff	0x18598ba26	252428839	0x193d6b20d
0x176ac5495	0x1bb75043a	1154002853	0x185cf1361
0x176d6f48b	0x1ea285287	1934712316	0x159567e8b
0x176efc103	0x203456b0c	2354424329	0x14823212d
0x17746e592	0x1fd6e90ea	2250746712	0x179e11d51
0x17751affb	0x231a8326d	3126231666	0x1731b221e
0x177c8158b	0x20c0bdd6e	2487470051	0x19ccdd4cf
0x177d3bcc0	0x1f5fbc29f	2116552159	0x148866547
0x177e3960e	0x1ddf34c87	1712305785	0x1809d1465
0x178233369	0x1b93f8d80	1092377111	0x163807de8
0x1782ce8b9	0x1a6339cd4	772191259	0x1436b1271
0x1783fbfbf	0x16e0426c0	-171677951	0x1993d12e6
0x1784fe83e	0x1feeeb966	2258555176	0x16644f43c
0x178ddcb91	0x1a81bacc8	792584503	0x1bb8432a5
0x178df25c9	0x20cf873b7	2484686318	0x1a4070e99
0x178f76f66	0x1e693101c	1838915766	0x1b1355a98
0x1794426ca	0x23a972309	3243441215	0x1794426cb
0x179505a89	0x1e71aacc8	1841975871	0x15c866579
0x179630d39	0x16d257d67	-205361106	0x19d011b63
0x179b19a27	0x1ac1bca2e	845819911	0x15738f0ac
0x179e69221	0x1f81b641c	2117390843	0x14b40bfee
0x179e6b64a	0x1f982641c	2140909010	0x14e599b85
0x179e6da58	0x1edff641c	1947765188	0x1aeb4d789
0x179f7956d	0x188f090c1	251198292	0x1466af164
0x17a04d17f	0x1e828450c	1847817101	0x160136a95
0x17a62c2c7	0x182f876aa	144028643	0x1905c9e97
0x17a690083	0x20d589814	2465175441	0x1b014435a
0x17aae8aed	0x1eeb2d18f	1946437282	0x1914fda3a
0x17b01dee4	0x163793d78	-394830188	0x197f405a6
0x17b19a051	0x1c0c1f9be	1168660845	0x1aeea7d91
0x17b4d6376	0x1cf972956	1414120928	0x1af1bad3a
0x17ba43720	0x1aec4bc89	857769321	0x1691c9ccd
0x17bc19e30	0x19431e203	410010579	0x1ae1af168
0x17bf6d903	0x1ea4252ce	1850440139	0x1b9b0722d
0x17c085c60	0x143683312	-950020430	0x15396fa93
0x17c173d0f	0x1562f78a7	-635946088	0x1aa23de1c
0x17c1a8e41	0x1829f524a	109364233	0x1630774a9
0x17c341e05	0x1c60e1aa9	1239022756	0x15aa93cec
0x17c448e5e	0x16e761aa9	-231633845	0x15aa93ce4
0x17c5a415f	0x1573a62dc	-622845571	0x16c598ba3
0x17ca26071	0x1728f90e3	-169004942	0x140d5b849
0x17ce05afe	0x19c9a85c9	532294347	0x19911cd9c
0x17cebc22d	0x166740cb4	-376943993	0x14756e74b
0x17cec4b73	0x1917b2837	344906948	0x181caf21f
0x17d04b9a9	0x229887d71	2894316488	0x18f027468
0x17d20da95	0x21cf66248	2681571251	0x1a0ba4f5e
0x17d2f25e5	0x1c74fc1cd	1243651048	0x193424640
0x17d7bc29f	0x159568d12	-606418317	0x15db2a7f5
0x17d81f02a	0x18068497f	48650581	0x1a96436be
0x17d95dc4a	0x1f60b6a55	2020969995	0x165bf8b9c
0x17d974d73	0x1f7732059	2044449510	0x17fe9380a
0x17db874d3	0x1cd989e72	1340090783	0x18d999bb4
0x17dbd51c7	0x196218b3a	409221491	0x14d31bd85
0x17dc5c6d6	0x23273e0e2	3031308812	0x18657b533
0x17e0ccf4f	0x20a901a98	2357414729	0x192f316ca
0x17ec8c7ce	0x17ebf7878	-610134	0x14e07a77e
0x17ed70268	0x21f0a2aec	2687707268	0x19c3017e0
0x17f09ff5f	0x1d0d54668	1372276489	0x18ee02bce
0x17f47ce33	0x1f2cfdc2f	1938296316	0x19b3a707f
0x17f5b2df8	0x23e4c4885	3203472013	0x14285fe0d
0x17fbfbec5	0x1d28b5e58	1389076371	0x155e54ea0
0x1805c78b8	0x19e1179b2	498401530	0x1aa6b42cf
0x1805de011	0x159ee79b2	-644834911	0x165c7ab0b
0x180837e6c	0x2151682b0	2492662852	0x165b07b92
0x180ad85db	0x1f1ef6bf3	1900144152	0x1599c81f8
0x18123a784	0x1c2d67287	1102236419	0x1b0191e82
0x1813f3fb3	0x21d4dc5bc	2618197513	0x145bd36b9
0x18152c111	0x15bb10d95	-631354236	0x1bcce5848
0x1815318db	0x210f30d95	2409624762	0x16dd2f828
0x181bab9b6	0x1969db47a	350419652	0x142f8abfa
0x1822b759b	0x1a0f33862	516408007	0x1a0689dae
0x18230b0a2	0x230a4dc68	2926848966	0x18a6f1aec
0x18231a0db	0x1b3b6fc72	830823319	0x15b32fd26
0x18233f18c	0x1ec513ced	1780304737	0x164839872
0x182500bf4	0x155b1b30f	-748574949	0x173e58877
0x1825b2c6d	0x1a173e506	521713817	0x151a84b42
0x182adaf46	0x1c6f9cf16	1145839568	0x18c7f7bc5
0x182efdcf6	0x20f66225b	2356561253	0x1894b2c02
0x18311138d	0x1ed9b6cec	1787451743	0x19a2656c5
0x183580493	0x22c61efea	2835999575	0x19f1b1786
0x1835a1588	0x1f5781814	1914569356	0x17814435a
0x1835a15d8	0x195102814	297144892	0x1b814435a
0x1835ab5d8	0x195a08814	306565692	0x15814435a
0x183c6c6aa	0x211bcc21e	2381708148	0x150ca0b92
0x184142d14	0x23922ea77	3037642083	0x1962907da
0x184306300	0x1a3009d35	516962869	0x15d5d004c
0x1855a79b2	0x18f8a9ec4	170927378	0x147be73c7
0x1859073df	0x1b578177f	803709856	0x194ae6df5
0x1859782d2	0x2192ec155	2476162691	0x1a8162283
0x185a4dd9d	0x15a449c90	-727728397	0x153bc68ea
0x186032611	0x16fbe1231	-373625824	0x15d60e83a
0x1863e81e7	0x1d027a0db	1240014580	0x1698d670e
0x1863f043b	0x1f7d81e90	1905859157	0x1b4f8bdf4
0x1863fbfbf	0x1a75a9cab	555408620	0x1a1690685
0x18640aca1	0x1b598acbb	794296346	0x14124557f
0x1864569fc	0x204ce3203	2122893319	0x1bdbb6b4b
0x1865d9263	0x2314e57ae	2867905867	0x197f404e7
0x18673ac8c	0x18ad590d8	73524300	0x1417753d6
0x1869fce59	0x1c89cd41b	1107101122	0x150cbcf3a
0x186dbe067	0x20528d856	2118973423	0x1805c5830
0x186ddcb25	0x191c1a0db	182703542	0x1bb6e2dcc
0x186f27f84	0x1a2e33f0f	468762507	0x19fa0db46
0x18702db34	0x1877ec627	8121075	0x16995eb7b
0x18735ae3e	0x1cc05a0db	1154478749	0x171433b95
0x18754067e	0x150ced900	-914697598	0x14f3839f9
0x187839105	0x18be66b56	73587281	0x14ee51442
0x1879c24e0	0x2382da0db	2962324475	0x1b42fc209
0x187a36faa	0x1c246627b	983757521	0x1ad3b2f2b
0x187b84a94	0x169a7ae21	-504405107	0x17b528421
0x187cc4dc9	0x231775319	2846557520	0x151696a03
0x187dc51b5	0x14d954152	-977735779	0x15173e5cc
0x187dcc755	0x14ad9a0db	-1023616634	0x143b92b6c
0x187eab9ba	0x22625a0db	2654660385	0x1b4f8252a
0x188196d68	0x17b52e319	-214338127	0x156f479d3
0x1882cbc69	0x22728dabd	2667322964	0x1a1635714
0x18871c52c	0x1fb5ea601	1928126677	0x19f36fc01
0x1887f1478	0x222de78b4	2589942844	0x147efac5b
0x188819454	0x21312bb4d	2324768505	0x153ab76eb
0x18889c2b0	0x1b20dbd8d	696515293	0x1b233f918
0x188936ac6	0x1bed869ca	910491396	0x19608acaf
0x188b053b3	0x1c34efbdc	983476265	0x1a22c8cd6
0x188dea303	0x1a3f3fbbc	454383801	0x1bbbc487e
0x1890211a8	0x21e9bd2ea	2509881666	0x1b8400909
0x1892cf72e	0x1f5506709	1814261723	0x1880f3a1e
0x1895a0d95	0x16366e68d	-636692232	0x1b3f5e491
0x1897e7c55	0x2251032fc	2610017959	0x19cb0d2d9
0x1899df122	0x22660ac2a	2630007560	0x15b7311ce
0x189b7ef64	0x1dce575ff	1395492507	0x162232cc4
0x18a1be9ca	0x15b647c7d	-783773005	0x1685b5e12
0x18a6f58f8	0x1f3f66078	1770456960	0x19c93f42e
0x18adefe0c	0x2104b68c9	2238474941	0x167620118
0x18b13cd49	0x1a8e989ca	500546689	0x19ca53774
0x18b2a3028	0x233461545	2820400413	0x15e9dd828
0x18b3ad7f3	0x14bf644c8	-1061458731	0x17c186384
0x18b44a58f	0x17b8033e8	-264532391	0x185f3d3ef
0x18b454b2f	0x1ebd62be8	1620107449	0x1bcdb9a4f
0x18b4d06af	0x1b468e988	689693401	0x18d0678e5
0x18b876484	0x179e7266b	-295714329	0x17ace641c
0x18b9039eb	0x1d8fdd4bf	1299028692	0x16aaac195
0x18bbb2d55	0x23df81a0a	2990337205	0x14a223cf4
0x18bbda9fa	0x163f32e85	-667581301	0x1703ca410
0x18bcb8cbd	0x203fee917	2016631898	0x16cb6fa66
0x18c3dfc0d	0x20b4767b5	2131323816	0x178afe89c
0x18c6f7c9c	0x176fed72e	-359703918	0x1b0687420
0x18ca1e0bd	0x197972fcd	183848720	0x18ab696bb
0x18d4b03d0	0x22aaa101c	2640251980	0x1ad7a3aa0
0x18d5d01fa	0x1b4769b2d	655989043	0x1ae14099d
0x18d617141	0x19a41ae12	216022225	0x1808d78b3
0x18d807468	0x1c5adb30c	942489252	0x148f20fff
0x18d91567b	0x15318f1fc	-980968575	0x19abaffc4
0x18d9d32fc	0x14d954153	-1074262441	0x18716f370
0x18da460f8	0x1a7b4b777	437278335	0x187657315
0x18de08ba3	0x22fe671ae	2718295563	0x162e5eb87
0x18e069e61	0x2332d411e	2770772669	0x191b78657
0x18ea42051	0x193ff5a20	89864655	0x1b3f7f6f3
0x18ee973e8	0x239796159	2861559153	0x1bc40aca1
0x18ee9df00	0x234a10a67	2780244839	0x1444c3f8d
0x18f0fd28d	0x2037e5c2c	1953401247	0x160955503
0x18f2cc6c6	0x1e1f88823	1389085021	0x1528f40ac
0x18f388242	0x1c4c6df7a	898522424	0x19498c69b
0x18f535fec	0x19fece4b1	278496453	0x15c2343a3
0x18f552cca	0x2109b2bf0	2168848166	0x1ae30c7b0
0x18f78c3a6	0x20dda796b	2120332741	0x1423af5f4
0x18fa9a8c5	0x203baf373	1947290286	0x176e6dd8d
0x190374064	0x1db56421c	1260323256	0x15fc8b5d4
0x1908dad1e	0x1a7cdb97f	390073441	0x1ae9ff6e7
0x1909527e1	0x18f3fad84	-22379101	0x152f86d00
0x190ee6b5b	0x15658c480	-982886107	0x1677f3a96
0x1911d17c7	0x1fc8de9a0	1802555865	0x1933d4dcd
0x1911eefa5	0x20a0f1c91	2029006060	0x187b6de9b
0x19128623b	0x20e7aae4a	2102545423	0x17c9dc96d
0x1912e78f4	0x175928b3c	-463203768	0x19e431cf3
0x1914d2f1f	0x1cc4f1a72	989981523	0x14a0a510f
0x1915d8a90	0x21c44c2a5	2330408981	0x14d137cbe
0x1916c6c40	0x1e15a0925	1340972261	0x17216a03e
0x19174dce0	0x1e9f9d3e1	1485108993	0x14fc59dab
0x191a77cdb	0x1eeb02307	1560847916	0x1b01fa722
0x191b68d8a	0x1a7967eae	366997796	0x1548be628
0x19226bc46	0x237cb967f	2779044409	0x14dcad1bf
0x192bc6fc5	0x18a690fd4	-139681777	0x1a631d7ec
0x192c23893	0x1968d136d	63625946	0x16ea76e19
0x192e283ef	0x1be278967	725943672	0x19fb79024
0x192ed162a	0x15542874f	-1034587867	0x1a0380a6e
0x193237997	0x19a6f60e7	122414928	0x1ac19cd91
0x1934ca20d	0x1c85df8c0	890328755	0x1b6609aa4
0x1935b3d2a	0x21d4b1420	2314196726	0x177fd06ff
0x193e12b2d	0x18152b0ce	-311327327	0x14e050d95
0x193e8092c	0x22b034c64	2535146296	0x162d9982a
0x193f50365	0x15b3086fb	-952401002	0x18cde30fb
0x193f8d815	0x1cd4b98e3	961724622	0x1bd6705f7
0x194307915	0x1e8943461	1415822156	0x1af78a14b
0x19443f5b8	0x1f54e45dd	1628065829	0x1aa72d06b
0x1949cea2c	0x16af086a6	-699163526	0x1a14f9bf4
0x194d76f07	0x18af45516	-165878257	0x18b489419
0x195012b51	0x176631950	-513675777	0x198339c5e
0x19503bd94	0x199216111	69051261	0x1715506a1
0x1950a0db0	0x1613541e5	-869583819	0x1717dbca5
0x1951a6103	0x1bb233f8b	638115464	0x167551a61
0x19528870d	0x1fdd7db7b	1756320878	0x1916632e6
0x19529cc28	0x1ca839d20	895078648	0x14d13833d
0x1953a86ec	0x220567dd7	2333865707	0x1704e12ca
0x195755d26	0x1fcd9324e	1734595880	0x171e0728c
0x1957e9fda	0x16394352e	-837446316	0x18fba7a96
0x1961d0de4	0x238e9d510	2731329324	0x14bbb5b30
0x196386ec8	0x1a25dca62	203774874	0x17daa9bee
0x19639b88d	0x16bbe55a4	-712729321	0x1470e9a4a
0x196541dc9	0x187fd4d75	-240570452	0x1a88dc34e
0x1965e7ff2	0x1e71c91da	1354633704	0x14f577bd1
0x19675d4af	0x23d6b01e6	2801085751	0x1ae83af94
0x19679b1b8	0x187b50339	-247770751	0x14ba9cc92
0x196a645a3	0x1a43d213e	227990427	0x1b910f726
0x196b345fb	0x21f37ebe4	2290394601	0x19c14d997
0x196bdeb0f	0x23002d6e4	2571430869	0x192ebf025
0x196c99820	0x23a3d213e	2742257950	0x173fd9411
0x196cfbb71	0x22bc4c93f	2499087822	0x193c0ae3b
0x196e8839e	0x225cba1fd	2397249119	0x19b4627dc
0x197267619	0x1764240b7	-551826786	0x1436b4c6f
0x1977b818f	0x15c15b011	-996528510	0x1a5d5e02f
0x197ab69e7	0x21a82e3a0	2195159481	0x1bfc7bbff
0x197abf3f4	0x15651e5ee	-1096420870	0x15509fab1
0x197ec188c	0x14012c38b	-1473860865	0x1697a50f0
0x19812633f	0x180aca1f8	-392544583	0x14f286b09
0x1984026da	0x166da2c2b	-828766895	0x19a148828
0x198590012	0x22eeff9d0	2526476734	0x14e8bde95
0x198613265	0x1fe481c3b	1709631958	0x1423a42d3
0x19883fcce	0x1fa17fbf6	1637089064	0x160511d17
0x198a4bce1	0x21509a153	2086986866	0x17f7f89da
0x198c8b16d	0x199f77e8b	19844382	0x17712cd77
0x198ca8ad4	0x18d9959fe	-187773142	0x17f5b7c20
0x198e97a3d	0x16de0617a	-722016451	0x14407d752
0x19907ab48	0x1c884110b	796681667	0x1b6a402ea
0x1993fd403	0x16e001650	-725597619	0x189a5c9d2
0x19951487e	0x1b85aebd0	520725330	0x16077a7f8
0x199b6aa2d	0x20c4ef107	1922582234	0x1999a02aa
0x199e901f6	0x140efbb24	-1492731602	0x1902709d2
0x199eabd3b	0x1e2913a80	1218870597	0x146932956
0x199f718ca	0x197a635db	-38855407	0x17d3d213e
0x19a0a34fa	0x174fa6936	-621792196	0x1a916aa52
0x19a3cd4d3	0x22c61efea	2451905303	0x1ba0c5386
0x19a4bfa0c	0x1eb8ac2a9	1363069085	0x17dbec458
0x19a4da261	0x19a5e9fae	1113421	0x1622a631a
0x19a54295c	0x1ba6c873d	538467809	0x16da0aa0c
0x19a5af3f8	0x233eb2ff8	2576366592	0x171a1d1b1
0x19a699bbf	0x1fceca846	1652755591	0x1a6fa6ed6
0x19ac852e9	0x14c9d535c	-1311440781	0x1815318c2
0x19ae60b01	0x1a108b8ef	102936046	0x14d7c6d16
0x19afb151f	0x2336d0dac	2557606029	0x19e332909
0x19b0a83ec	0x1c45a4e7c	693095056	0x1811175ba
0x19b3dcdde	0x1aa606e07	253927465	0x19318d936
0x19b491733	0x14f34dd62	-1276393937	0x1894a3a99
0x19b9e98f9	0x22cb9894e	2434461781	0x189463c4f
0x19bc54b4d	0x1805d1ff2	-459811675	0x161c279b2
0x19c23d1c9	0x140b9587b	-1533704526	0x1b8c7cce4
0x19c2cd391	0x236331131	2584100256	0x18cbde917
0x19c31794a	0x1f9bba6cc	1569336706	0x182c027ce
0x19c92f4d9	0x1bf851018	586292031	0x16414e7b1
0x19ce9fda4	0x22708d994	2317278192	0x15916280e
0x19d33e1ea	0x14cd23269	-1348579201	0x1ac5a94e7
0x19d67c00c	0x21b1208fc	2108311792	0x15d7ff140
0x19d94e6b2	0x22b781825	2380476787	0x1bb31237f
0x19db59ad0	0x17aff7c47	-582360713	0x153bc6954
0x19dd5f4af	0x1a41c39e7	105268536	0x1b01aed4e
0x19df5aa8a	0x1ce963271	815826919	0x17754c6b2
0x19e02a549	0x1762ef428	-668184865	0x1b660784b
0x19e07855d	0x23f4e41e3	2705767558	0x186bff2fe
0x19e3626da	0x166d90133	-928851367	0x1a22091d5
0x19e6ead83	0x19d8c0063	-14855456	0x184cf81b8
0x19eaccc00	0x1a2ea5e41	71144001	0x16ef479e4
0x19eb96eca	0x1423fd5f0	-1551472858	0x163ae1a57
0x19ed5fe4f	0x14f578e48	-1333686279	0x1a3fc149f
0x19edce9f9	0x1820a0d0f	-483581162	0x1963d37c2
0x19f498aaa	0x1f2037ebe	1387918356	0x17bba9220
0x19f54690a	0x2285430c6	2298464188	0x1504420f7
0x19f67afc4	0x1439740f7	-1540386509	0x1583f5ee5
0x19f680905	0x1f05b4909	1358118916	0x1b5c64606
0x19fb166e3	0x1a6e3957f	120729244	0x16e0fffb1
0x19fb1b1d9	0x1eaebb41c	1262092867	0x1a3b6fe64
0x19fcf46ef	0x15b8656db	-1145630740	0x170681f9a
0x1a00db319	0x2330af4da	2466070977	0x19704cc91
0x1a05c23d3	0x1589345fb	-1204346328	0x15861aef9
0x1a070aea4	0x14c86a041	-1407848035	0x1be6d8bea
0x1a0a61102	0x1a54ee0cb	78172105	0x17de58d50
0x1a0aa0125	0x229036482	2287559517	0x14cb52165
0x1a0d145e3	0x182f8dca3	-500721984	0x1a3ff6e34
0x1a0da40fe	0x227f6a8b5	2266785719	0x1a1eee8f4
0x1a18ba7c5	0x1c4cc70b8	591448307	0x190fd964c
0x1a1ee1ba0	0x22df886ec	2349493068	0x19701093c
0x1a2161ce7	0x22084c097	2121180080	0x1558a3d5a
0x1a259fc12	0x186c4958b	-462775943	0x1717a5f16
0x1a25c58ee	0x1ea71009c	1209313198	0x1a515bc6f
0x1a26a207a	0x1f2405c28	1339440046	0x14ee56679
0x1a272efe1	0x1a45c9245	32088676	0x16a638549
0x1a2a3a89e	0x1c375a46c	550632398	0x154cdba51
0x1a2e15114	0x1d0d56998	770971780	0x18a0ab4e1
0x1a30c3ac7	0x166795c4c	-1016258171	0x18157b30a
0x1a31a44ff	0x15a81dede	-1217947169	0x14f00f86d
0x1a32a91d9	0x14d7d30e7	-1437425906	0x15fef0018
0x1a344c472	0x1911cd7d6	-304606364	0x193cee9a0
0x1a35ece52	0x1d858474b	888764665	0x1a41c39e6
0x1a3649117	0x166c71fcb	-1016951116	0x17054b526
0x1a39c2672	0x2186e52fe	1959931020	0x1a43988ff
0x1a3abfff7	0x2200a39d6	2086549983	0x16a99d701
0x1a3d63534	0x14dcd98da	-1443404890	0x1647fb123
0x1a3eb890f	0x1645e3273	-1066227356	0x1922387d8
0x1a41476e6	0x1b65e4d50	306828906	0x176da21e4
0x1a41c39e6	0x1700ca998	-873435214	0x172406b77
0x1a41c39e6	0x1ffa6d57b	1535810453	0x14b42a270
0x1a41c39e7	0x23031486c	2350190213	0x1796faec7
0x1a46ab4bf	0x225e5f579	2172338362	0x188c0e93e
0x1a49b19ff	0x141d90bb3	-1656884812	0x18d4e5830
0x1a4a77184	0x157511628	-1297505116	0x1902d50f0
0x1a4b4edee	0x22deeaa89	2302262427	0x16cf279a4
0x1a4df6f4b	0x1d59d8163	817762840	0x17dc26b68
0x1a4e173a8	0x1b729c97d	306730453	0x16ef8944e
0x1a4eceae9	0x225630af9	2155225104	0x1565616be
0x1a52f0e6d	0x1cd79040f	675935650	0x18700c45f
0x1a54ee1a8	0x1c4ac1550	526201768	0x1abdb5466
0x1a56f5346	0x1cf7912c0	705281914	0x16e064141
0x1a57bb469	0x1c06ba788	451932959	0x17b554a88
0x1a58ca62b	0x23939328e	2477558883	0x190bed8e0
0x1a5bc01a0	0x1ffbb6ac5	1509910821	0x15c25b8b1
0x1a5ec7880	0x1c035e52c	441019564	0x1adedec78
0x1a607f20c	0x194b934ad	-290372959	0x151cb14e3
0x1a627d101	0x1b0add4b2	176554929	0x1b2408a31
0x1a63ef420	0x1489c5096	-1570939786	0x1811adf88
0x1a66d7468	0x21fef0567	2038534399	0x17d343b8b
0x1a677d6f6	0x22bc14e6b	2236184437	0x1bba731a0
0x1a688b8da	0x1fbd9f49a	1431387072	0x163a10b45
0x1a688b99b	0x1554e039a	-1362802177	0x181e0a524
0x1a68d8b0b	0x193ea2d7d	-312696206	0x14ce795a7
0x1a6aefedd	0x23edd2756	2553161849	0x1befe8ec6
0x1a6bf1956	0x1fa73a8a3	1404342093	0x15e82ff37
0x1a6c172c7	0x224d24156	2115030671	0x1b18fece3
0x1a6f3a56a	0x14d763f40	-1501390378	0x1610b055d
0x1a6fd890a	0x1e1f9360d	989572355	0x14df940ac
0x1a742f02a	0x1ce8787f0	658806726	0x177a242f4
0x1a74513da	0x192b5bedd	-344937725	0x1a8cba3fb
0x1a7a35019	0x17ba3434e	-738200779	0x1b3cda863
0x1a81ef989	0x1d46b2f5b	743192018	0x1bf72f4f9
0x1a82e880b	0x1cf28fe3c	653948465	0x14eb10a68
0x1a86f5e4a	0x144c910e8	-1671843170	0x1758be86f
0x1a87bb439	0x1d54153a2	751148905	0x1983cad0d
0x1a87d7d89	0x1e0382a4b	934980802	0x1406c2c9e
0x1a8841ada	0x1cf192b75	647303323	0x143475894
0x1a92da983	0x1d9d88217	816502932	0x1477c0013
0x1a96c2c9e	0x1dd665a3a	872033692	0x19a629faf
0x1a972c011	0x20fd9dce6	1718033621	0x17e79fc96
0x1a97468e9	0x1a4e518bc	-76501037	0x15131975a
0x1a9802a3f	0x14f80ac01	-1509916222	0x1a5fd9a6a
0x1a9818b95	0x225314055	2075112640	0x1a3a0fdf6
0x1a983d2dd	0x1ef68adf7	1172626202	0x1b6776670
0x1aa0d2a62	0x1dcde0736	852548820	0x155ef722d
0x1aa5810a5	0x197a51f81	-313717028	0x15f814297
0x1aa7a13ab	0x229894412	2131701863	0x15ec6537b
0x1aa89dcf6	0x1dd2257df	848853737	0x182c5ae21
0x1ab7023c5	0x162272222	-1229521315	0x19c08e422
0x1abacbd80	0x1603ec7f7	-1265497481	0x18c61a195
0x1abbf5ae9	0x165379e25	-1183300804	0x1ab26cc2f
0x1abc4f56a	0x16e890bca	-1027336608	0x1622f4a53
0x1abd777ec	0x16c9ea141	-1060689579	0x19880886c
0x1abe07c0d	0x16a6ead6c	-1097977505	0x1bb5bb0ec
0x1ac12081b	0x1a64e01a2	-96732793	0x196ebf15b
0x1ac403fbf	0x19226e11d	-437870242	0x185a95b08
0x1ac4c4c1d	0x23f2909f3	2463940054	0x158ca5e10
0x1ac546e1c	0x172421e22	-974278650	0x1bf82222e
0x1acc8478a	0x2259d67ca	2027233344	0x1b8369b9c
0x1acdc0c28	0x1976db39c	-359553164	0x1ac060de5
0x1ad1b1b3b	0x2046e8261	1465083686	0x1b23b4f0f
0x1ad449a0a	0x150fe2676	-1548120980	0x1a290d8f3
0x1ad7101dc	0x1f42e9da4	1186831304	0x1bfe97e54
0x1adad8fc0	0x1fc8af025	1323130981	0x19ca39902
0x1adf6ad58	0x1a19fe7a7	-207013297	0x14fd7d28e
0x1ae175215	0x2092aa1a6	1527992209	0x1780f266f
0x1ae359aa1	0x233c1f9a0	2240569087	0x1a797bfe1
0x1ae439450	0x1f1ac9d43	1130957043	0x1a59d9ccc
0x1aebfc0a2	0x1b63fcb9c	125831930	0x18312b0c2
0x1aedfb0cc	0x1c90fbde9	439356701	0x16680b4d9
0x1af3599a9	0x169513a3c	-1172594541	0x1b94a7e04
0x1af4006c0	0x1ce199bd5	517575957	0x1773b6c2a
0x1af5664f4	0x141a0511d	-1840649175	0x15bc365ce
0x1af6a329f	0x1ce93b823	522814852	0x160511c30
0x1af8eee7b	0x14ffd30bf	-1603386812	0x14d271a8c
0x1afa3a820	0x17625d9d9	-964546119	0x1aba0c40e
0x1afba7b69	0x1fb6968e6	1269755261	0x1a8e6cf1c
0x1afd771cf	0x14b77f74c	-1683978883	0x152cc7577
0x1afd78071	0x1bcd7f313	218133154	0x172908e18
0x1afd7d9a6	0x18967ce4c	-644877146	0x17e4c6fd7
0x1afdd5e4f	0x212ae7a33	1657871332	0x1866dc42d
0x1afe29a38	0x18b8b8331	-609687303	0x182ad6603
0x1b01e38de	0x2020f86b2	1374768596	0x144759f62
0x1b09bb0c4	0x15bbf8421	-1423715491	0x1b086ca6f
0x1b0aac87a	0x1d684c506	635042956	0x17ef99a5d
0x1b0ee05a5	0x14435ed23	-1824004226	0x16b9f8e3e
0x1b108d227	0x16debedd7	-1125966928	0x19209a7da
0x1b1396082	0x17bbf41fa	-897195656	0x14086ee05
0x1b1505e74	0x23f4b40a0	2382029356	0x16f6921b4
0x1b16c2c9e	0x15a486778	-1461962022	0x1a2844352
0x1b1aaf34b	0x1a0aa81d5	-285241718	0x16503f482
0x1b1c37468	0x22aade4ce	2028630118	0x14766f47e
0x1b1cd1fa2	0x15ac44de3	-1460195775	0x16e82ca6f
0x1b1d7051f	0x1900945fd	-567131938	0x14e5c4790
0x1b1f2287c	0x1e221a14d	808417489	0x15d993cb3
0x1b2381698	0x18561690f	-752266633	0x1552626b5
0x1b26144fc	0x2395c1fba	2264586942	0x14fd97412
0x1b27e191e	0x191f5b1fd	-545810209	0x16ad06409
0x1b29330b8	0x21fb306fc	1830803012	0x1527831c8
0x1b2ae2ff6	0x19626a3a0	-478645334	0x18fed23f7
0x1b2b72d67	0x1ca38f5d7	394381424	0x141a0511c
0x1b2d273b4	0x1b29a6bca	-3672042	0x17983c5f7
0x1b35acfb6	0x235b8c252	2187195036	0x1a8d0876c
0x1b39ce32a	0x1c6612cfd	314853843	0x155ebe448
0x1b3b2ffd6	0x1c951f784	362739630	0x175f248a2
0x1b3f2f273	0x172acca81	-1095116786	0x1a666376f
0x1b3ffb40e	0x1a8d20716	-187542776	0x1650b80f1
0x1b4348b80	0x1c3852575	256940533	0x1412ddea1
0x1b4663242	0x20dd5969a	1500472408	0x16d92b4da
0x1b468e988	0x15d1df77d	-1464529419	0x1ac73b5d4
0x1b468e988	0x213f783b7	1603181103	0x143604b7b
0x1b468e988	0x22f1034d5	2057784141	0x1647c08fc
0x1b4ac7a87	0x1efec6ebf	994047032	0x1756167fd
0x1b4af933c	0x2009f6c9a	1274009950	0x167b3cb5c
0x1b4bca125	0x1cee55dce	438877353	0x1a4fddcce
0x1b4eea051	0x1d0231fd6	456425349	0x16e8feb9a
0x1b5570d00	0x156353f01	-1596050943	0x147e6ceda
0x1b57f890f	0x1a6a1609a	-249440373	0x1886aff37
0x1b5852ba7	0x1b468e988	-18629151	0x15d25e5a0
0x1b5c646ea	0x2329d2e63	2094458745	0x15e2eff2f
0x1b5c647ab	0x1aca18b63	-153402440	0x156f92532
0x1b658b000	0x1626248b2	-1408657230	0x15380f02a
0x1b69f1376	0x1bb069770	73892858	0x17cbe830b
0x1b6b85ebc	0x17c4f89e5	-979948759	0x14284e365
0x1b6c11f81	0x1de666256	665141973	0x15da132d4
0x1b6c4dcf6	0x237ba1f7f	2163557001	0x14285a2a5
0x1b7576f5d	0x1af5dbd97	-133804486	0x14da70f57
0x1b78263cc	0x207213bb2	1335810022	0x16e971416
0x1b7a71644	0x1783e1e3f	-1063843845	0x191419aff
0x1b7c1ebe9	0x14b27e519	-1822033616	0x16c18c0eb
0x1b7e9df5a	0x23db9fe38	2245009118	0x1a08663ff
0x1b8287d38	0x1bd4b3f64	86164012	0x1467f8951
0x1b84f19a5	0x220b275e0	1751342139	0x1a989e415
0x1b8a59b23	0x234652ef4	2076152785	0x16839a3d2
0x1b8b6cca8	0x1d6018e40	491438488	0x1b2994c07
0x1b91c70c6	0x14d954153	-1804021619	0x16244ed13
0x1b957a67b	0x1f65a24c3	1023573576	0x19bdc1a59
0x1b96c98c6	0x20a083357	1352374929	0x15e8a1258
0x1b9b2405c	0x2094e1d9d	1335614785	0x1b2bf7534
0x1b9b2405d	0x193f229e1	-633345660	0x15b2ff458
0x1b9f90fae	0x1527a8c62	-1736344396	0x17c8292c5
0x1ba4e68b2	0x1cfe41ca0	362132462	0x184965681
0x1ba759362	0x1638ef64a	-1457954072	0x14b209554
0x1ba9a6363	0x21d01bf50	1650940909	0x15592feb9
0x1bab500ac	0x193b9e1e9	-653991619	0x199efa9dc
0x1baccd9b7	0x22ec3cb93	1945563612	0x14178e457
0x1bad55128	0x16b768ee0	-1331610184	0x172405de0
0x1bade32e2	0x228543019	1836449079	0x16f652cf7
0x1baebed6f	0x1e0db4766	636443127	0x1a50417d5
0x1baec05cc	0x16ce93044	-1308808584	0x19ca91fd7
0x1baec18bb	0x187dc0323	-856692120	0x1b5df9151
0x1bb489364	0x16957c81a	-1374735178	0x1974c6fd7
0x1bb97ad20	0x1690cb6a2	-1384838782	0x14940d296
0x1bba76b45	0x1b7f90f8d	-61758392	0x1b1967fed
0x1bbed22ec	0x1f1fcc27a	906993550	0x14d954153
0x1bc007ba5	0x1743552a9	-1204496636	0x14a2ee6b6
0x1bc9f75e0	0x15d883831	-1595358639	0x150317c9f
0x1bcc4c128	0x19727ebfc	-631035180	0x14d954153
0x1bcf8aa79	0x1acf375c2	-268776631	0x187115872
0x1bd0a7e8b	0x16262c0ad	-1520942558	0x1588af02a
0x1bd320b8b	0x1c8472263	185931480	0x19e095196
0x1bd71c6f3	0x19e2528b0	-525114947	0x17ce258ce
0x1bdac8125	0x19530038f	-679247254	0x15b698be5
0x1be0161b3	0x1a9b39023	-340644240	0x150231669
0x1be035249	0x23813a1ae	2047889253	0x172c40e36
0x1be21b1bc	0x164ca580b	-1498896817	0x144b7428b
0x1be27935b	0x1ca738a28	206304973	0x158b10b02
0x1be7caa19	0x1491c8e82	-1969232791	0x160814076
0x1bea926c6	0x17d733e90	-1094051894	0x1b6457427
0x1bee35def	0x22301de72	1679720579	0x1692276d6
0x1bf147ef1	0x23b3fd2b0	2083214271	0x14d12d350
0x1bf4f53d2	0x237f58a8c	2024158906	0x17f80b6ec
0x1bf7988d5	0x197f76edf	-662837750	0x19cebe8ea
0x1c0877148	0x159fe7300	-1720254024	0x1b6681092
0x1c08dd291	0x18fd6c0c3	-817304014	0x14b2dbef5
0x1c098ece1	0x1997e9c98	-656035913	0x18aea0b2f
0x1c0ba6e1f	0x1aec78b7b	-301130404	0x18ba380ba
0x1c0ba6e97	0x1ae87d3f3	-305306276	0x19be380ba
0x1c0d047fd	0x1ed9d3b81	751629188	0x1485df90c
0x1c10ff151	0x1684eeca0	-1489044657	0x162832e46
0x1c11d7468	0x221d14006	1622395806	0x1a13601ca
0x1c12d4495	0x1d8cdafaf	396389146	0x19e9248d8
0x1c13d761b	0x1fd3b60b5	1006496410	0x1810859ea
0x1c1c1239c	0x219137ca9	1465014541	0x1769d99db
0x1c1e13414	0x18a4ad066	-932602798	0x18f372ad9
0x1c1f07cfb	0x1a29f0ada	-525431329	0x15c39e721
0x1c2769958	0x227b6e024	1698711244	0x19f050e23
0x1c2841c91	0x23b56dcf6	2027077733	0x189577f9d
0x1c2842c00	0x236a3dcf6	1948233974	0x184a24f0c
0x1c29d24b7	0x1b468e988	-238304047	0x142f1abf5
0x1c2cd8123	0x19b8f5cfc	-658383911	0x174e46f49
0x1c2d51e6c	0x1558938a3	-1833690569	0x14d647d55
0x1c2e4f7f7	0x20a9c1238	1203182145	0x16f587788
0x1c3710a4a	0x174fac4f9	-1316373841	0x1b88d1fa1
0x1c37ff4ac	0x2188f6993	1427076327	0x18c3f6089
0x1c3f6cca8	0x1d75114dd	324683829	0x14ca016ee
0x1c46cca20	0x1790345b4	-1265206380	0x173e21348
0x1c482620f	0x142826661	-2181036974	0x19cfe7a16
0x1c4d1bcf9	0x1dd927e0b	415285522	0x18e4060d0
0x1c572bdf0	0x1cd10b10e	127791902	0x162637e8c
0x1c58e1f3d	0x15af6d03d	-1788301056	0x1954f0fce
0x1c5a77efa	0x1ad0cccc0	-412791354	0x145a77f18
0x1c5e727c8	0x17992c453	-1280598901	0x16490753c
0x1c608a7bc	0x1b683ec2f	-260357005	0x1b88dcfe1
0x1c6642e19	0x1e6e8502c	545530387	0x14284100c
0x1c6aa1edc	0x1c7c316c6	18413546	0x16a2e525b
0x1c6ce102d	0x1a111034c	-633146593	0x17ef0d151
0x1c6d2436b	0x1f27bec78	732539149	0x1a27c6ddb
0x1c6dba566	0x16e7cb800	-1482616166	0x1987c978f
0x1c6fe23b6	0x197ac134a	-793907308	0x185276619
0x1c75d4e5f	0x18403fbd2	-1129927309	0x15a97ca16
0x1c779c119	0x21774b0ad	1341845396	0x187c8d2ef
0x1c77e4721	0x1e732421f	531888894	0x14a13ded0
0x1c77ff90b	0x1aac6421f	-481933036	0x160c496e4
0x1c7cc6c34	0x2112fd6c8	1231252116	0x19e864851
0x1c7e68307	0x1fd3a2f79	894676082	0x18f3659ea
0x1c8045047	0x1f5b4ee71	766549546	0x18080986d
0x1c850d96b	0x1ac583a8e	-469278429	0x15865144c
0x1c85fb7ec	0x2094aa724	1089138488	0x1bf5907ea
0x1c87d019d	0x18aff9595	-1031629832	0x183ad57b1
0x1c8946d0e	0x210238ed0	1200562626	0x15c76b4fb
0x1c8fca4da	0x166fc176d	-1644203373	0x181520fdf
0x1c90fbde8	0x2061515cf	1023760359	0x19767e281
0x1c90fdcf6	0x225d19337	1556198977	0x186926454
0x1c9138faf	0x1ca0de65b	16406188	0x16186c53e
0x1c949b4b7	0x2135e86a5	1242878446	0x1a4faeb8d
0x1c99423c9	0x1d9e06830	273433703	0x1b5546e7a
0x1c9c52155	0x22c7d9f54	1656258047	0x169c581fd
0x1c9c71fbb	0x2382bdee0	1852096293	0x14dd28303
0x1ca297082	0x17821b1c9	-1376239289	0x14a1eaf88
0x1cab9c1ac	0x1bba76aaf	-252860157	0x1bcfe1a8d
0x1cac6a391	0x1c4c5c8ae	-100719331	0x160dcf682
0x1caca6f1a	0x1b52c0845	-362702549	0x17d44552c
0x1cad042f2	0x17c3a6e2e	-1318442180	0x1930946a6
0x1cad3073d	0x18c6bce4e	-1046952175	0x174fcbbb4
0x1cae6a41f	0x178185ec0	-1389249887	0x17878d188
0x1cb2059dd	0x20de7da0f	1120370738	0x1a41c39e6
0x1cb57ec19	0x21802f104	1286276331	0x14b57ec18
0x1cb63c252	0x1f313ab76	665839908	0x1b6234283
0x1cba5bc57	0x155ef87a3	-1974875316	0x150919632
0x1cc139010	0x1b8f50d97	-320766585	0x197d01079
0x1cc14a4d4	0x1eaa306b4	512647648	0x17432f8e3
0x1ccbdf99b	0x19d3e58f8	-796893347	0x17a79b240
0x1cd0da53d	0x207b3f277	983977274	0x18466755a
0x1cd12d36c	0x173e51956	-1496168982	0x1b851a53f
0x1cd315b92	0x23d232cfd	1878118763	0x15cc5cdbf
0x1cd5f4918	0x1c075b2cc	-216634956	0x1a7c072b6
0x1cd9d40bd	0x1fa7a8ecf	752700946	0x17484963c
0x1cdc686ec	0x21ab761bc	1290853072	0x16f0413b1
0x1ce05d3f1	0x19535adba	-953165367	0x148acaf7e
0x1ce08464b	0x1bf532dea	-246749281	0x15c131899
0x1ce0ae086	0x1da5212a1	205992475	0x141ec239d
0x1ce16411f	0x1ef8d2304	561439205	0x1900cfc65
0x1ceb8008b	0x202c40e37	873205164	0x17d5ee9f8
0x1cec47244	0x1e470d353	363618575	0x1533c68fc
0x1cec8ccd0	0x17dcde9fd	-1358619347	0x1b00b9e15
0x1cf75cf4d	0x19dbad319	-834337844	0x1a3dc1fb3
0x1cf7af6f6	0x1c2dd612b	-211654091	0x1896e774b
0x1cf91b62d	0x2106647cb	1087672734	0x1709bf814
0x1cfd0fbb4	0x177bac542	-1477850738	0x14b1417e2
0x1cff6a079	0x1ea439614	441251227	0x17ec59b13
0x1d052a1d8	0x1a627d100	-707449048	0x17d8eaead
0x1d054396f	0x20be0bc80	999064337	0x14f2ee88a
0x1d0688301	0x23c655ee4	1811733475	0x160db4662
0x1d06d51fd	0x234e66f0a	1685658893	0x1769a2a70
0x1d0868dcc	0x20fefbfb9	1063858669	0x18bfed99a
0x1d0a00c26	0x232e6fe97	1648816753	0x1819790d0
0x1d0a03cd6	0x23cd69697	1815501249	0x1b69790a0
0x1d0a07c96	0x224cea697	1412311553	0x1669790a0
0x1d0dcf682	0x1d17133ec	9715050	0x1811251de
0x1d0f88a7c	0x22fd99104	1591805576	0x150f88b57
0x1d11b73ec	0x214920164	1131842936	0x16939d925
0x1d1230017	0x18c50c40c	-1154628619	0x149df4065
0x1d13083af	0x1a0726d87	-817763880	0x18845878c
0x1d155cbf6	0x1957df6ed	-1004000521	0x155cded91
0x1d16c1eb7	0x1e9e13e37	410328960	0x1b3224861
0x1d1b509df	0x21f92d5e9	1306381322	0x185299d09
0x1d1db3090	0x21a21cf3a	1212587690	0x199b468d8
0x1d1dbcc58	0x20fd9ddd3	1040060795	0x1854e3596
0x1d1e8c911	0x1c3a414e6	-239383595	0x198388d46
0x1d1e91efc	0x15f1000dc	-1926831648	0x1621f8604
0x1d1fe59ea	0x1f206c4ce	537422564	0x199a5382f
0x1d20104a6	0x1e6bdeb0f	347924073	0x152ccd066
0x1d20d241c	0x182f1372d	-1327230191	0x1a12879f6
0x1d256c704	0x203f7dcdc	832640472	0x1421d1abe
0x1d2783198	0x163535716	-1864686210	0x1becec175
0x1d2a2dec0	0x21ec07258	1277006744	0x1b2f01ab2
0x1d2dd66d6	0x21fee7458	1292963202	0x16769b2dd
0x1d31327c7	0x17a668265	-1487709538	0x1bd8acd85
0x1d34ccbd8	0x1e0511dcb	218386931	0x18b9e9101
0x1d37ae318	0x1fee07bc3	728078507	0x1ad1ea184
0x1d38c6279	0x1b105cce4	-579245461	0x157fff9eb
0x1d3a642d2	0x16ec68965	-1692383597	0x15dc96c1a
0x1d3d37c30	0x23d43975c	1768954668	0x1b5796588
0x1d406ebb4	0x16a24c0cb	-1776429801	0x18b973462
0x1d410c32f	0x1844670c3	-1338659436	0x1a840e8e8
0x1d4166c40	0x1884d8261	-1271458271	0x1a51c481d
0x1d4b17f0b	0x2300807d1	1532397766	0x15c309cd0
0x1d4bb4e3f	0x1cdf87e27	-113430552	0x15433028a
0x1d4e1e165	0x1666b8862	-1853249795	0x190120768
0x1d51cdf46	0x1e0db474f	197027849	0x1b3f5acfd
0x1d541526a	0x20f7a570d	976815267	0x16ed229bd
0x1d54a98ef	0x1d8e63488	60529561	0x1482fa178
0x1d567af7e	0x17749f18b	-1579007475	0x17041457e
0x1d576e284	0x14c8bd930	-2297104724	0x18e90f12a
0x1d590f865	0x1c0d5b1e0	-347817605	0x18f1ada30
0x1d5963de4	0x1b0b4f219	-618744779	0x1566372a9
0x1d5c6de85	0x20598c764	802285791	0x1a5647dad
0x1d5ebd9e1	0x1c72ae140	-247527585	0x17154d85b
0x1d62c12c4	0x21e1341c5	1206333185	0x189be61f0
0x1d64d3862	0x160968fac	-1974905014	0x1552616a1
0x1d66ec640	0x1c2ce9657	-329265129	0x18df3ec8c
0x1d68db4f2	0x236d325a3	1615163569	0x146f0a5dc
0x1d68db54d	0x1522459a3	-2221497258	0x14843f798
0x1d6c39598	0x1d5d0235a	-15954494	0x17c6296c3
0x1d793e5db	0x234e1d9e4	1565389833	0x18a9c2ee0
0x1d7aca75f	0x1977f0780	-1076731871	0x19949e514
0x1d7c4d997	0x21becc098	1143465729	0x18972c80a
0x1d7e6030c	0x1617eaa7a	-1986484370	0x182ff6865
0x1d7e92b24	0x14777c4b5	-2423350895	0x18a3145a3
0x1d82c9b7e	0x182fa7bf8	-1429348230	0x1698af7d3
0x1d89b40f6	0x2143b6cfa	1000352772	0x1a7b60108
0x1d8a5cd6c	0x23067b6b6	1472325962	0x148f095d5
0x1d8b0ca41	0x2260ae4f8	1297750711	0x17c624ad7
0x1d8e92a0f	0x16c5d9e86	-1821084553	0x145cb58ea
0x1d8ffad8e	0x1eba5dd84	312881142	0x17cf3e0ed
0x1d900a00a	0x173604b3f	-1705006283	0x1b0caea97
0x1d92fdfcc	0x191aed2de	-1199639790	0x14abd0503
0x1d945b6d8	0x20e98ade4	894629644	0x179df6608
0x1d94fd1a0	0x143672553	-2515053645	0x14ce51b0c
0x1d97322aa	0x1c1e75f55	-395035477	0x1bb4a4640
0x1d97a1d01	0x1adc54334	-733272525	0x18aa2adba
0x1d9aad5ae	0x1945d75ad	-1162698753	0x18941b7f0
0x1d9b013f5	0x1fa8cce60	551336555	0x1af4a9283
0x1d9b2cfa0	0x22bdc8639	1378465433	0x16df7d9a8
0x1d9e37746	0x1c0a07e27	-423819551	0x1536bb242
0x1da008653	0x234d1efdb	1523673480	0x18b807dd0
0x1da1f517b	0x16b35d044	-1860796727	0x19ee3c9bd
0x1da28ac30	0x1af8d5de5	-714821195	0x14e627850
0x1da3a62f6	0x1ecb009ae	309700280	0x183078336
0x1da895e6a	0x159a51f81	-2162441961	0x15f817206
0x1dac17a7f	0x14b2d556a	-2408850709	0x1ba4972c8
0x1daeee1e4	0x1481eecc8	-2463102236	0x1893b167f
0x1dafd9e39	0x1eb1a2113	270303962	0x1aace1f68
0x1db28507b	0x2277ca790	1280595733	0x1a41c39e7
0x1db2d780e	0x17205025f	-1764259247	0x167e9c130
0x1db6ffcc2	0x210490fdf	886641437	0x14577fe9d
0x1dbb4bc97	0x1e4e80431	154355610	0x1be39b759
0x1dbbf9f4f	0x1d7c7022a	-66624805	0x19d47a89c
0x1dbcb126d	0x1face499b	520304430	0x1a03dc09d
0x1dc628f3f	0x1e44003e1	131953826	0x1ae334d01
0x1dc842285	0x15227af3a	-2321314635	0x1bbb97092
0x1dc9cec93	0x229fd7b44	1298173617	0x160334008
0x1dcf9b4f4	0x20cf4e486	804990866	0x1b11856b9
0x1dd03f38b	0x1c373fee4	-428864679	0x1bee49d7b
0x1dd231b0b	0x14353fee4	-2580487207	0x1bee49dbb
0x1dd2bcb2b	0x21bbbfee4	1049637817	0x1bee49d1b
0x1dd732b6b	0x21b03fee4	1032901497	0x1bee49dfb
0x1dd94cb77	0x1b3f3dfb5	-698411970	0x1abf6ca81
0x1ddb4b572	0x1fc229111	510516127	0x18be35b9b
0x1ddbe638c	0x1cb3b74dd	-310570671	0x18d216aad
0x1ddcda555	0x145bdfee4	-2551162481	0x17597ef9a
0x1ddd5d366	0x1e2abf1d5	81141359	0x194e2f303
0x1ddf66078	0x232a5b00c	1420775316	0x1426c3193
0x1de0f2c69	0x2245c2594	1179449643	0x1b83b1326
0x1de32c729	0x185355897	-1493003922	0x17ca4463d
0x1de731956	0x157aa7df2	-2261293924	0x1411686d6
0x1de8d087c	0x18eb5d565	-1339503383	0x1b2e3eb08
0x1de922ebc	0x217298152	949441174	0x189c133b7
0x1deca6f1b	0x1bb7e9962	-592172473	0x195cf96c4
0x1df143595	0x212a25f1e	864954761	0x167b28a91
0x1df269a88	0x1710c24be	-1847227850	0x186051a9b
0x1dfde83ef	0x17114f385	-1858703466	0x14e346ca6
0x1dfe663b7	0x1e1502194	23707101	0x165cdbc5e
0x1e000a2ac	0x1e16c2c9e	23824882	0x1a3b9b929
0x1e00417b4	0x14d6c2c9e	-2459429654	0x16179a774
0x1e0511c74	0x1e443d601	66238861	0x190776eb5
0x1e0511cd8	0x1d97703ee	-114956522	0x17a56232f
0x1e0511d71	0x205275419	618018472	0x1a49a90a1
0x1e0511d8e	0x1500eef02	-2420256396	0x19f4a7a17
0x1e0511d99	0x23c97f4ee	1548146517	0x1835d99a1
0x1e065d71d	0x1c2845e15	-501315848	0x15e93dcf6
0x1e0db4654	0x1aba8e029	-892495403	0x14a2c11ce
0x1e0db4674	0x1a6ee563d	-971829303	0x15554e4cd
0x1e0db46be	0x19006c9cb	-1356102899	0x194c41bd3
0x1e0efc44b	0x1770d63ff	-1776443468	0x1adf21d50
0x1e1064a1d	0x1bb99b27c	-627873697	0x16751f4d1
0x1e139665a	0x20a0dcbc9	685008239	0x1ac2c9ea0
0x1e14170dd	0x1ff6c2c9e	506117057	0x19a164719
0x1e150189a	0x1d96e7e56	-132225604	0x19690d569
0x1e1740e67	0x19239eeb2	-1329209269	0x143c8ba01
0x1e1b9adbd	0x149015506	-2562218167	0x1bd825369
0x1e1f98e72	0x1792040ac	-1759071686	0x1723ab058
0x1e2347705	0x22f579399	1294146708	0x19d69a947
0x1e243177c	0x16c9ea000	-1973712764	0x175e2f16c
0x1e25ab1ac	0x1c1b5873d	-547695215	0x16d469382
0x1e25ba3fb	0x1cb238f3d	-389551294	0x19c58e96a
0x1e2b2df46	0x1b3df573c	-785614858	0x1402cf047
0x1e2db18cc	0x17dbbbc08	-1696554180	0x1a989c2ab
0x1e2f879b2	0x1bdc842ce	-623916772	0x17f8828ab
0x1e36dd406	0x1ac5b2511	-923971317	0x1bf58b9d0
0x1e3889f1f	0x21fee75c4	1013307045	0x1601f96dd
0x1e3968db5	0x21cd09d99	960106468	0x191dc7e20
0x1e3a136ba	0x1fa640303	381865033	0x17e276769
0x1e3f95ec0	0x22ed5017a	1255908026	0x1bed4813e
0x1e414a415	0x1c1fe6a15	-571881984	0x1b51f1167
0x1e414e619	0x206b8ff83	581179754	0x1966c5154
0x1e4556dce	0x197f4b343	-1281407627	0x17c624b96
0x1e48aa85a	0x15059b854	-2486235142	0x15d6742ef
0x1e4c1e51d	0x142e603e6	-2715541815	0x166bac6e4
0x1e506e1d7	0x23411e082	1326120619	0x1b1e6060f
0x1e52ff79e	0x1fe2688d9	418812219	0x17dfe4f26
0x1e5a63d0e	0x19ab080e0	-1257618478	0x19df93a74
0x1e5d0382e	0x1b6d56672	-788189628	0x1bff1506e
0x1e5fddbbc	0x1c8c99137	-489966213	0x1aa336b33
0x1e641b8f3	0x1b729c83c	-790098103	0x1a41e314e
0x1e67cc1d4	0x1d555b2e2	-287772402	0x148cb0b20
0x1e68e6dde	0x170f22474	-1973176682	0x146f7e854
0x1e6c8c5f1	0x147316a53	-2677496734	0x195ecb891
0x1e6da7c4f	0x1c68d78af	-541918112	0x17d0b876c
0x1e6ef27e6	0x1c3434940	-598466214	0x14e7850a0
0x1e6feafab	0x203728eae	477355779	0x194141493
0x1e726e7a2	0x1a6dd094d	-1078582869	0x1606382e2
0x1e7487b6a	0x1bba76b11	-731975769	0x16aa7738d
0x1e7490a77	0x170effff0	-1985546887	0x1a30ea9b3
0x1e761a73c	0x19cede07f	-1249101501	0x17276bc61
0x1e76962f0	0x192706dff	-1425601777	0x18315ccc8
0x1e7ab01fe	0x1ede5306d	104476271	0x1be610c72
0x1e7df9c4e	0x16f57e3a8	-2022160550	0x17de8f07b
0x1e80d7abe	0x1d5f5dd05	-303537593	0x1a1eee47e
0x1e8339ae3	0x19447a675	-1407972462	0x16647aaf0
0x1e8ba310e	0x21b9afb8e	853592704	0x178fe6c34
0x1e8f0901a	0x1ce601bb8	-445674594	0x185fdcead
0x1e8f58afa	0x1f22ee447	154753357	0x1b27ef20d
0x1e906ad42	0x1a87c462f	-1082812179	0x145123fdf
0x1e965cc3a	0x1e0d9ddae	-143388300	0x188aa6b8e
0x1e99686e6	0x1ae1652c1	-998257701	0x1b6a3a1a6
0x1ea086055	0x23b55b0fd	1364021416	0x177634b73
0x1ea17c8d2	0x1defbc59d	-186385205	0x1720e32b7
0x1ea4a3af8	0x23e55fc9a	1410056610	0x1b52963a8
0x1eac02b0b	0x1d2033a60	-415035563	0x1a781be72
0x1eae3514b	0x195e37e1b	-1426051888	0x1a0aaeb12
0x1eaec06bb	0x22cdefd9a	1106441951	0x145ad05f6
0x1eb1708c6	0x1a8aa029e	-1114441256	0x1869eab17
0x1eb1750a2	0x1c88a469e	-579668484	0x1b69eab17
0x1eb1d2755	0x21932f8e3	773181838	0x140789aa7
0x1eb653069	0x16be605b9	-2139040432	0x15fe2d013
0x1eb6d97b6	0x17d9fcf45	-1842202737	0x1a7d53081
0x1eb711a7e	0x237ba328f	1279858705	0x17c90855f
0x1eb7d36ff	0x1ff25f230	329825073	0x183763fa0
0x1eba0459a	0x18162026f	-1782465323	0x180b26fb2
0x1eba7d44e	0x1589cfbde	-2466961520	0x1458b57ec
0x1eba9da28	0x1aa8fc59d	-1092228235	0x1b37c1037
0x1ebdfbde9	0x210cb4b07	619416862	0x1679bee3d
0x1ebe2fc9b	0x218a523da	750921535	0x18a1a4e21
0x1ebe543a5	0x22470b399	948662260	0x15150b5a6
0x1ec3d33c6	0x2021c8a16	366958160	0x169ed6365
0x1ec686300	0x1a3009d4d	-1231537587	0x15d7db050
0x1eca1f948	0x21f878340	853903864	0x19e8089e0
0x1ecb2925a	0x2056dba0e	414918580	0x1a2e309ad
0x1ece071f9	0x1f9442ea0	207862951	0x173799a1b
0x1ed5fbb3e	0x20a442ea0	484733794	0x1b8e236d1
0x1ed800a1f	0x227a1ffb5	975304086	0x1a3b1b51b
0x1edb9cf36	0x22dc69163	1074577965	0x168c843a7
0x1ee0f72a2	0x21cf68285	786894819	0x19e9887a6
0x1ee8562af	0x183f84d45	-1787630954	0x186244637
0x1eea6dc53	0x16ef478a5	-2142397358	0x18a55da65
0x1eeacf2b8	0x16a9e0f13	-2215568293	0x1791acdf4
0x1eeada8b4	0x15dfd02fe	-2427495862	0x1bee49d25
0x1eeb2ab80	0x1883b2f63	-1719106589	0x140fbf51e
0x1eef6fad2	0x1dbdff678	-320275546	0x1406b3330
0x1ef000fce	0x1ff42b29e	272802512	0x1abfb80a8
0x1ef387d7a	0x23d00a92d	1304964019	0x15a151d3d
0x1ef4c4792	0x1b0c1c811	-1049264001	0x19b4735df
0x1ef614eba	0x2033bf585	333096651	0x16b0fb399
0x1ef7034d0	0x1833e2b3b	-1815218581	0x15448414c
0x1ef74de8f	0x1ba6f5cb9	-889553366	0x1b90bd9c0
0x1efa2d8d6	0x1ae04982d	-1100890281	0x15d26710b
0x1efbba488	0x167e37ed7	-2279089585	0x195ab8b63
0x1efd5a183	0x1ff39968c	258209033	0x14a058550
0x1eff716ce	0x185ac9f85	-1783265097	0x151fc94ff
0x1f07d75f8	0x1bea64586	-836186226	0x159c085a7
0x1f09a5cd8	0x20e6b6a73	500239771	0x15a30512a
0x1f0c3d912	0x17664911a	-2053064696	0x1bfa4acde
0x1f0d7ad68	0x1fc9dc96c	197532676	0x197ad139e
0x1f0f10d95	0x14467a8f6	-2894685343	0x1b1e89c43
0x1f101fdd0	0x1af78631c	-1099537076	0x15452d012
0x1f11a3475	0x21d263dac	738986295	0x153058149
0x1f1243e8d	0x1dd5fba4a	-331646019	0x1770d63fe
0x1f14872c8	0x2322105b5	1087935213	0x1a9db5e2e
0x1f1c9bb4c	0x1f223f06d	5911841	0x1a53fb4ac
0x1f1f4599a	0x1402235cf	-2983338955	0x1b5bd397a
0x1f23b33ae	0x167b6b49b	-2323939091	0x1a887414b
0x1f2405d17	0x1abac7679	-1184097950	0x18bf84c2d
0x1f2cd8546	0x14c12d47c	-2797252810	0x143efc73b
0x1f36e5095	0x1a7a205e4	-1271679665	0x14bfe6372
0x1f39029e1	0x236d71627	1128721478	0x18b1b3388
0x1f3abe829	0x1b0b7cafe	-1123294507	0x1b82dc8c7
0x1f3ce9a57	0x1c54c61a2	-780286133	0x1516081ab
0x1f3eecfb0	0x23daf194a	1237338522	0x14baf00f2
0x1f3fcbffe	0x16900105a	-2331815844	0x1a989ca46
0x1f4076344	0x190fc01ba	-1661690250	0x16e48214c
0x1f40eb498	0x1cf762534	-613977956	0x1599f1653
0x1f41137d2	0x1538053f5	-2693850077	0x14fbde9e6
0x1f41e51f6	0x160d44b86	-2471102064	0x15b3569a9
0x1f435ef7f	0x22b2123e0	921384033	0x14ecafda8
0x1f4513054	0x1dedf580d	-359782471	0x1be1284eb
0x1f4513115	0x17048e30d	-2215136776	0x16830588a
0x1f45e4f0e	0x1b561c1d8	-1056738614	0x168ce82e1
0x1f4888eb9	0x17074a4da	-2215897567	0x180aca1f8
0x1f4bc04ff	0x1afba3a5a	-1157745317	0x1824cf95f
0x1f4fea71f	0x1e7a7329a	-223835269	0x19ad2b4fe
0x1f4fea7cf	0x1e7ef7a0a	-219098565	0x16a6ab4fe
0x1f5100cfd	0x17fbfbf7b	-1968196994	0x17a6c885a
0x1f52f4816	0x1c7f9834b	-758498507	0x147c1b5a6
0x1f53866bd	0x229d2ef6b	882542766	0x1895c60b6
0x1f54d5d92	0x232a3968d	1029060859	0x19b0647b9
0x1f555b887	0x226b2b476	828177391	0x151c34d01
0x1f596171a	0x186408f49	-1867876305	0x148c4cdd5
0x1f607f66c	0x1c04e8716	-901345110	0x1844b05a8
0x1f61fba5a	0x1f76e9718	21945534	0x15c95280c
0x1f63c2b22	0x15e2ebe55	-2551016653	0x168872e36
0x1f658ef26	0x1fee9380a	143673572	0x1bc9a0ba2
0x1f681b7ec	0x1678e687e	-2398310254	0x1871e9df2
0x1f6d972e9	0x21ffcefd6	690191597	0x1abe953ec
0x1f6dfa6f6	0x15b1bad5f	-2613311895	0x1966ceaa3
0x1f71039d1	0x175a1ec38	-2171489689	0x1b468e989
0x1f719b2e4	0x1df6c9464	-397221504	0x17cd901d3
0x1f723f065	0x14c80fa8e	-2862806487	0x155b6f065
0x1f73f2e78	0x1ec5cbb2c	-182612812	0x16112ce4f
0x1f76e1cff	0x1e9efcb1b	-226382308	0x14285c454
0x1f77ded8e	0x1c58e1f3c	-837799506	0x15f3caf45
0x1f77ed571	0x17ae3f6e0	-2090524305	0x198c0b10d
0x1f7fe0649	0x18a609e33	-1839032342	0x1a56a1290
0x1f829e237	0x2123a6af7	437291200	0x18951f3bf
0x1f8511d39	0x1c9eb6f4a	-778415599	0x1613e5637
0x1f8645b8f	0x17cabfc44	-2075680587	0x15785d49d
0x1f86b3b3c	0x1d0167a9b	-676642977	0x160db4692
0x1f87c526c	0x1843fbfbe	-1950126766	0x14b9abb1f
0x1f8a4f16e	0x1aa9f4b90	-1308992990	0x1bb68640f
0x1f8b39cdc	0x206bfe83f	235686755	0x16e0641b2
0x1f8e51b78	0x23edded32	1173934522	0x170643abb
0x1f9281956	0x1f8440fa5	-14944689	0x145ea6d88
0x1f9618c90	0x142f1897f	-3060794129	0x199822597
0x1f9633e59	0x1faa262f7	20915358	0x1b5011653
0x1f984704a	0x20a8babe2	285686680	0x161ecdc2a
0x1f98eec27	0x1eb6745f6	-237479473	0x19a07013e
0x1f9955b2c	0x1e5ffb68c	-328574112	0x172908f55
0x1f9bdade7	0x1898dab82	-1882194533	0x18226eacc
0x1f9c250af	0x210a6ea21	384080242	0x15798af57
0x1f9c769bb	0x1c1e135f5	-937833414	0x193319d66
0x1fa1f0e25	0x14a0666b2	-2954405747	0x14407cea6
0x1fa6ca800	0x163e1d104	-2525681404	0x15012a4d6
0x1fa8f6265	0x1a41c39e6	-1450387583	0x157407bcd
0x1fade06d9	0x21e695b3f	596333670	0x18d41bbdb
0x1faf1ffea	0x192da13cc	-1746398238	0x1860d9541
0x1fb4f9623	0x191935e49	-1773942746	0x180ce69d2
0x1fb6a94a2	0x18b0613e7	-1885634747	0x1ab042e32
0x1fb8b4274	0x1822853ef	-2036526725	0x1806787f0
0x1fbcbafab	0x22926f2ae	760955651	0x1a4ad8e2a
0x1fbd2e7ef	0x1d9f800ef	-567994112	0x14a7bbda3
0x1fbfdcd22	0x2168db191	445637743	0x184133b94
0x1fc2cdaae	0x15dd59716	-2656519064	0x18f5045d4
0x1fc45ae0b	0x15dbc7aea	-2659791649	0x18f0da828
0x1fc7c7468	0x1a1effc9b	-1519155149	0x15ddb3d4f
0x1fc9dc96c	0x1dcad15a6	-535868358	0x1bfcf27a7
0x1fcad980b	0x1fe7cef8f	30365572	0x19551b8ab
0x1fcd6890a	0x213dfd435	386485035	0x150eeac3d
0x1fcd73f31	0x1ab3c2a30	-1369117953	0x154864d08
0x1fcf89d99	0x1a702b244	-1442179925	0x17f8cc9dc
0x1fd04bd9f	0x188dd9c5f	-1948721472	0x1a5359304
0x1fd3abcb7	0x22a2459ea	753507635	0x164d5ebad
0x1fd3bfd52	0x1d00c59ea	-758096744	0x154264464
0x1fd4bf756	0x1610a04cd	-2621567625	0x152552dd9
0x1fd73a786	0x1d3443458	-707752750	0x1b68284db
0x1fdd8dc4e	0x196f5804e	-1726176256	0x19912e520
0x1fe59215d	0x1cb77aae8	-853636725	0x1b95e3f7f
0x1fe806e1f	0x1d0e598f1	-765121838	0x1a82fe451
0x1fe810b1b	0x169f88961	-2491974074	0x172037f00
0x1fe91d8b3	0x178b39023	-2245937296	0x15493bd59
0x1fe927831	0x21f2dbd89	547046744	0x16bf1f984
0x1feca10d6	0x14130bfca	-3180941580	0x1404c4464
0x1fecb5585	0x236dc6ea1	940644636	0x17e411008
0x1feed442d	0x20559def7	107780810	0x1a9e323bf
0x1ff051a15	0x1eca1f838	-308486621	0x17336e240
0x1ff26da2a	0x172425777	-2363785907	0x16846bed9
0x1ff8727bb	0x1cd796e21	-839760282	0x17b11fc82
0x1ffa2f3df	0x17d340de1	-2188305918	0x1606f5949
0x1ffbd0ca0	0x16d7b1c3f	-2453794913	0x178d9dc8a
0x1ffbedbe5	0x223864a3f	600272474	0x1b2d5541f
0x1ffd7aa91	0x23585f5db	900614986	0x191012784
0x200193c60	0x1b5ac80d3	-1248639885	0x168672b44
0x200525907	0x15f095d72	-2705914773	0x17fbfa0bc
0x2006c2c9e	0x180e79543	-2139395931	0x1664b4406
0x200b8bc9d	0x1c55209f1	-996586156	0x1bfa1265a
0x200fe4a79	0x1f3649b6e	-228175627	0x15556090b
0x20120b234	0x1d7930a0b	-697149481	0x190f786c2
0x2012756a5	0x1f34eda3f	-232291430	0x16f14a781
0x2013a1fd4	0x1403540a1	-3238321971	0x167c5da5c
0x2013bb4e6	0x1ac63f8ee	-1423424504	0x15469c6e2
0x201a3b88e	0x1bc2a7fb3	-1165572315	0x1531e35a6
0x201cd0a04	0x21f105d15	490951441	0x1b5c5b109
0x2021b0812	0x2173967bf	354312109	0x169ff3db7
0x20229cf37	0x17cbf2761	-2238359510	0x143df0931
0x2022f5b56	0x19c963791	-1704534981	0x1be9790a0
0x20242cff0	0x23728e226	887493174	0x14c81d959
0x202833e2f	0x228e3191e	643816175	0x1489e8698
0x202995618	0x1d4495f33	-776992485	0x1958c3c3b
0x202a41aee	0x14065b1e0	-3258870030	0x15a476ad7
0x202af0b88	0x21e784638	466172592	0x154be33e8
0x202afc890	0x1fd283cac	-92769252	0x180317c9f
0x202ba6afa	0x18cc557f2	-1978995464	0x185797abb
0x202e2f3f8	0x233f85257	823483999	0x1924fda4a
0x2033cacc4	0x1991644c3	-1780901889	0x1bec61c61
0x20357e735	0x1e0ad6893	-581598882	0x19753442e
0x203765fa6	0x18ffb1533	-1937459827	0x19921d793
0x203774a9d	0x201bb7533	-29087082	0x1788af97b
0x20377a115	0x1f4ad1d33	-248153058	0x1aa282d31
0x20391b96d	0x2212dddc5	496772184	0x145c5c391
0x203c97b8a	0x1ef7ac66c	-340702494	0x1566373e8
0x203d6f99e	0x233ed5d83	806773733	0x18745718d
0x2040e379b	0x1446893a6	-3215303669	0x17af2bb99
0x2040e5fb8	0x140dc8582	-3274824246	0x1b4b722cf
0x204233369	0x20e77b94d	173311460	0x1b0a67c07
0x2042f8385	0x1ebe83c97	-407324398	0x194813b54
0x204565330	0x1b9f1ab94	-1248110492	0x195e18f62
0x2045e7d9a	0x1b2f3abc3	-1365955031	0x183d7aaf6
0x204650693	0x1feab4bc1	-96058066	0x1bbc1d1d8
0x204698c8b	0x2031a53ab	-21969120	0x161eed39e
0x2047cecfb	0x22deeaaa9	695319982	0x16a999c94
0x204854301	0x1fa94e526	-166747611	0x141f907ec
0x204872495	0x1d1616e24	-858109553	0x17c0cb8db
0x204bc8981	0x19a0eac6e	-1789779219	0x184bc887a
0x204bdeb0f	0x1f1d2a380	-317409167	0x147402261
0x204cb46fd	0x14f462530	-3045401037	0x182d36a08
0x205103020	0x1e87ac0a5	-479555451	0x1633500b4
0x205222a56	0x2395e6a62	876363788	0x1b3ee2d1d
0x205292585	0x17083769c	-2493886185	0x1bbcd3cbd
0x20530dcf6	0x1c97d3659	-1001629341	0x1ab512156
0x2054ba54d	0x1d3e52871	-828800220	0x143335b40
0x20558ecff	0x23660784b	822577996	0x1444a68f1
0x20574f3a9	0x18c7d88d5	-2029480660	0x179e773d3
0x2058661e9	0x1fd3a2f08	-139211489	0x14c8e59ea
0x2058f39ae	0x159979c9a	-2885131540	0x199ffa84a
0x205bed6df	0x1db424625	-712806586	0x1ae7625c7
0x205e78338	0x1d0783e2c	-896484620	0x19c1231c8
0x20631de90	0x15db7bd0b	-2826576261	0x19a91e397
0x2063c6386	0x1b6c6f7eb	-1333095323	0x143c1c465
0x2064dcc0f	0x1b9b2405c	-1285262259	0x16c5de374
0x206a44725	0x219c7778a	321073253	0x1877122e0
0x20729dcf6	0x1e28230d2	-614968356	0x19af0eff2
0x20783d85f	0x1980eb498	-1869947847	0x186b80e6a
0x20784a484	0x1bda21e79	-1239582219	0x17bb1d28b
0x20794a08f	0x204a64a12	-49174141	0x1acdbfbb7
0x207d20c92	0x2292e0640	559675822	0x1957f9e59
0x207d6a388	0x1f21746d0	-364862648	0x15d9a87c2
0x207dfc433	0x1db1d5548	-750939883	0x159de96a7
0x208042389	0x1714e7729	-2528488544	0x17c53179d
0x208056a03	0x205e7eced	-35486998	0x1492c9cf3
0x2080c76b3	0x22903cbce	553080091	0x1924018bd
0x20811ec18	0x1dcdaff58	-725019840	0x1bae7c70b
0x20833f4cb	0x154c0d622	-3010666153	0x17b8f2d75
0x2083581a1	0x1fae13aa7	-223627002	0x1bd0754a3
0x2086e5dec	0x1cc1b436d	-1012079231	0x189b2ca39
0x208a824a4	0x15d963864	-2870078528	0x140e9a051
0x208dad6cb	0x1dea0ede4	-708438247	0x140b66c2c
0x2091bbb07	0x199090aee	-1880272921	0x1b9b2405d
0x2096b8b65	0x1586587f6	-2969961327	0x1946c0020
0x2096c39ad	0x18153a8e4	-2283311305	0x161b70d95
0x2096da426	0x14e35bc9d	-3141003145	0x173e254b1
0x2096f5fa2	0x235ea9a2b	746273417	0x1b0a3fbf4
0x20974558e	0x1f1502fae	-405022176	0x17f2f1814
0x209f3df93	0x1e18fa0d1	-677658306	0x17f27073f
0x20a30531c	0x22d712d65	591452745	0x1b6bf790d
0x20a33676a	0x2351affe1	719820919	0x154c92a89
0x20a73eb1e	0x1d68db49d	-870725249	0x19d86efa3
0x20a8222b8	0x1d4823b57	-905963361	0x1ae2a3bd6
0x20a8d91e0	0x23fd4853a	893842266	0x1b10bd0b7
0x20abf85cb	0x1ad4528df	-1568300268	0x1a6562c84
0x20ace2732	0x15af4d5c0	-2950254962	0x16082c699
0x20ae8e209	0x1c6bd10d3	-1143722294	0x150231e51
0x20afda530	0x165b0e07f	-2773271729	0x1687fcafd
0x20b11be46	0x14b017da0	-3222290598	0x14909f8b9
0x20b2fca27	0x200c2f418	-174904847	0x1536aaa26
0x20b4056a2	0x2341000f9	684698199	0x1713cf8ee
0x20b469c0d	0x21008a51e	79825169	0x1787d1422
0x20b493e2f	0x1c0f12105	-1247288618	0x14d954153
0x20b51470c	0x1c68a1258	-1153905844	0x1b993874e
0x20b535fd8	0x2035a5cb8	-133759776	0x1ae777276
0x20b787140	0x22d2e0640	565548288	0x199d5e38b
0x20b83b55d	0x1934c1425	-2016911672	0x1684033e3
0x20b97b0a8	0x1dc116409	-797330591	0x153ca5477
0x20bb535ec	0x1bffb817e	-1270461550	0x14008acaf
0x20c1cf9bf	0x169a47f5d	-2725804642	0x1690f8b58
0x20c375737	0x22980f73e	491364359	0x1b084fd70
0x20c76639f	0x2130bfaad	110466830	0x1bbbc484e
0x20cb6728d	0x1c6d42bcb	-1172457154	0x1bdbdae43
0x20cca8bab	0x1d7c3b512	-889640601	0x1a3b8932c
0x20ce800ef	0x153bc696b	-3106641796	0x17e6764d0
0x20d0279b2	0x1871f0f0a	-2246273704	0x16e3a4dd5
0x20d2552a4	0x16e5b30b5	-2664047087	0x1a2b40e35
0x20d6c2c9e	0x18d65aae5	-2147910073	0x1acc97ba0
0x20d6c2c9e	0x1a0187061	-1834204221	0x15ba39bcd
0x20d7a3bde	0x16c9ea135	-2698746537	0x17686d96c
0x20d8fc724	0x15b56bc1b	-2990082825	0x199651a4e
0x20dfd4146	0x1cd38fce6	-1086604384	0x17eac52e0
0x20e0e5882	0x1e7ab008b	-644044791	0x1b3ad2465
0x20e1fc41f	0x236b965c2	681157027	0x1b02a2263
0x20e2c7a38	0x1f6f6c57a	-389395646	0x1bfe3a05f
0x20e685aa3	0x23e3aa8f0	802311757	0x142926f5e
0x20e9ef569	0x23edd27f6	809382541	0x1673e7686
0x20eb537cf	0x1c2295b10	-1284234431	0x17e200b9d
0x20ef5fe45	0x16cfc748c	-2717485497	0x1527831c8
0x20f36ef15	0x2336cdf41	607514668	0x186762909
0x20f60f39e	0x1514a20a1	-3189166845	0x14d0da12e
0x20f85a9db	0x1aa4e8dc4	-1698110487	0x1793ec7f7
0x20f94f030	0x2342c5ce1	613903537	0x18e10a8e9
0x20f9986b1	0x23b4d4969	733201080	0x189e01917
0x20fb6837e	0x1bb1e8efd	-1419244673	0x196fdcfb6
0x20fb6a3fe	0x23be69efd	741341951	0x186fdcfb6
0x20fb6abe6	0x17bf686fd	-2478843113	0x146fdcfb6
0x20fb6f316	0x1c1ebcefd	-1305158681	0x157fb904e
0x20fbb654d	0x190183035	-2141402392	0x1788793f5
0x20fc5dcf6	0x1fc89ec60	-322695318	0x167e784c0
0x20fca8bab	0x16e76aa66	-2706628933	0x16a720a5d
0x20fdf0cc3	0x2256ab5f4	361474353	0x15f49586e
0x21008a45f	0x1410f6822	-3472440381	0x166367991
0x2104292c3	0x16909f36c	-2805505879	0x15b975327
0x21050ec78	0x214616e69	68190705	0x19a67d112
0x2107c7664	0x18b57d268	-2233771004	0x16c9ea1c5
0x21083eafa	0x1fefab9c3	-294203703	0x1bd8e0c64
0x210a705ad	0x199eabd3a	-1992050803	0x188654129
0x210e3220e	0x18c48c94c	-2224707778	0x156651d6e
0x21104e35b	0x150d87f38	-3224134691	0x191b54457
0x2111a33a5	0x141a0511c	-3480871561	0x1ac2e56d9
0x2112e2fb2	0x1ee59d128	-584343178	0x19a20c132
0x2113a2f73	0x1b2d73b62	-1583543313	0x17edbd0ba
0x2117b9189	0x228395f6d	381537764	0x1a8aa3b98
0x211c86de9	0x226736dbd	346750932	0x148b2728f
0x211f60396	0x1890fdf9a	-2296783868	0x192b2837f
0x21202ac36	0x1aecc88c2	-1664492404	0x141ffdc4a
0x2120aaef0	0x1f529bf6a	-484503430	0x14c9e8a56
0x2121ba266	0x2095c60b7	-146751919	0x15f0fa52b
0x2124d1bd7	0x218b7afa4	107647949	0x15daaf70b
0x2125fdf1a	0x20ab1d63f	-128846043	0x19f52cf89
0x2126a7980	0x1dbdec6fc	-915124868	0x176fdcfb6
0x21277799c	0x1412fe95c	-3511128128	0x19d77799c
0x212befd62	0x1b55b550d	-1566812245	0x14eefd491
0x2133e3b9b	0x1b9387623	-1510327672	0x193eb5b3e
0x213cd02e8	0x22b1c39e7	391067391	0x18a8339c7
0x213d559ff	0x1529f39cb	-3241549876	0x1a01b7705
0x213f4ec8d	0x1eced2b84	-654819593	0x146fccf05
0x2144e6175	0x1cbfbed5c	-1213363225	0x1a3f21e18
0x2147b5a1c	0x2003b1512	-339756298	0x14e3e83ef
0x21516f40c	0x1bc180c2e	-1493100510	0x162a915be
0x215205de2	0x21954d485	70547107	0x1462c1b3e
0x2157d8b57	0x1f56709d0	-538345863	0x18fa04dcb
0x215b09f10	0x236fde1d8	558711496	0x140094fb9
0x215b4bcc8	0x2387c1734	583490156	0x171e3b92e
0x215b91caa	0x20139ecce	-343879644	0x17ba0694b
0x216000000	0x227f09893	300980371	0x158f8bfdb
0x21632574a	0x2375fe7de	556634260	0x150efedf3
0x216f3bc2e	0x1e3cb29e7	-858296903	0x14560e009
0x2170120ca	0x178726299	-2660154929	0x1a299d701
0x21701a08a	0x1f8f28a99	-504305137	0x14a99d701
0x21743e7e3	0x173e78c3a	-2740738985	0x157f4a4da
0x21767c604	0x23ccf1d9a	627529622	0x170929367
0x21791a5e9	0x1c3a414e7	-1408078082	0x1625e80b5
0x218020451	0x168ad02c4	-2941583757	0x17d503051
0x2183cdab7	0x183c40b7b	-2490945340	0x18b91c21e
0x21867fa3e	0x156637231	-3255076877	0x16e61298a
0x21879b240	0x231e205fc	426267580	0x1b1a969c0
0x218927831	0x141d223aa	-3602928775	0x1824d2a14
0x218a0cb11	0x20b14e0e2	-227273263	0x1a96e8aba
0x218ce5d64	0x16535d925	-3013116991	0x166ffafb7
0x218cef31d	0x21088c3a5	-138817400	0x14b9503ca
0x2190f7802	0x19df456a5	-2065375581	0x1805cc9fb
0x21925d41a	0x2145aa919	-80423681	0x1b951d925
0x21932145a	0x1556f0089	-3284341713	0x1bed45a5a
0x21937de6f	0x185a2732c	-2476043075	0x17749f0b0
0x219c95b1b	0x1f52fe536	-614036965	0x15c19069a
0x21a48e05a	0x2074a4b8a	-318674128	0x1b682851a
0x21a4d2b85	0x1c7d3116b	-1383733786	0x17452a3cf
0x21a7adec0	0x21ec072b0	71668720	0x168a3fa22
0x21ab9c63c	0x23c0051a4	558271336	0x152783199
0x21abaf5dd	0x220ada0d6	99789561	0x147695d33
0x21af323dc	0x1bab6ffa6	-1614554166	0x1946e3ae3
0x21b1757b6	0x19e2a9e28	-2095888782	0x17af1c45f
0x21b46d833	0x214dfcda0	-107416211	0x18ef7dabc
0x21b8e7a69	0x2224eaaec	113258627	0x14b3e92be
0x21b9aa0e9	0x1a68d49e3	-1963808518	0x186a09c82
0x21bc053b5	0x193c0af10	-2281677989	0x187d54ab5
0x21c194d33	0x1f9e52437	-573843708	0x19e71df25
0x21c21151c	0x1550c9901	-3340008475	0x181a1dc21
0x21c211554	0x155e47121	-3325862963	0x17941dc21
0x21c2115ac	0x1cfc82999	-1280896019	0x16dc5dc23
0x21c213f8c	0x17f8c3e14	-2627010936	0x1455ce421
0x21c230429	0x1e1408417	-987922450	0x1a17bf6db
0x21c56ec30	0x18087c8d5	-2614043483	0x14dad3446
0x21c62d8d6	0x1e3001847	-962773135	0x17b2363b5
0x21c6cedb3	0x1d9d49280	-1117281075	0x1a2f8da79
0x21c76da2f	0x1dc39e66d	-1077736386	0x1bbef3e60
0x21c7f6273	0x16ee57395	-2912546526	0x1a41ca51c
0x21c7f63cd	0x1559b5395	-3336835128	0x1be6ba254
0x21c87b37b	0x16544ec8e	-3074606829	0x1b6a63c0f
0x21cb6d87e	0x1d51c5f7e	-1201305856	0x196ff5e1b
0x21cedc402	0x1599f1f6f	-3276711059	0x19e4839cd
0x21cee28e4	0x190999e4b	-2354350745	0x1a1262384
0x21cf68284	0x222efefb1	100232493	0x17e69548b
0x21cf68285	0x1a2b0a9c4	-2051397825	0x17ac21413
0x21d1fe2a8	0x1570d7e76	-3323094066	0x158f1814e
0x21d2909aa	0x1f7e55424	-625194374	0x141fc530d
0x21dc58c7b	0x1ffbef5bb	-503748288	0x18d61303f
0x21dcdf437	0x190375c37	-2375456768	0x18a6f7f8c
0x21ddc2219	0x1411e3793	-3703433862	0x174636257
0x21df453c4	0x21f42190b	21873991	0x1b468e989
0x21e01caa4	0x2121da574	-199501104	0x17af463bf
0x21e3364d0	0x19dbe33e0	-2155163888	0x19f0a9414
0x21ee94cce	0x22c60030a	225883708	0x198e8505b
0x21f1cecdc	0x19d983a3e	-2172957342	0x1758f9fca
0x21f359677	0x1dcbe33e8	-1115120271	0x1a26a872d
0x21f407eb5	0x174fbae5a	-2856636507	0x14860c9e1
0x21f5077a1	0x168a09829	-3064979320	0x1489c4acc
0x21f935860	0x1d17fa3c6	-1309914266	0x199eabd3b
0x21fdeff2c	0x214286bba	-196514674	0x1aec13843
0x21ff7baee	0x1fcc40e36	-590589112	0x1b4cb2a44
0x21ffc497e	0x1455815e4	-3668194202	0x14fbde8f7
0x22028c3ab	0x232967570	309178821	0x1b0891d16
0x22034128c	0x1d296943d	-1302167119	0x1af5d23f5
0x22038625e	0x1a2457801	-2113071709	0x1942ea151
0x22085fb5c	0x18ce03d5a	-2477112834	0x1a2433e40
0x2208663fe	0x1ab9a9df1	-1961608717	0x1a69e366c
0x220a380b9	0x23a8e3e3b	434814338	0x1b111edcc
0x220b9cb01	0x1d9c0f575	-1190712716	0x193a0db47
0x220c2da8e	0x21a2a4c3f	-110661199	0x17caf2f26
0x220e431a6	0x1805d7086	-2693185824	0x15f1b79b2
0x2210a399a	0x19caa43cb	-2220881359	0x1bd3bed7b
0x22161bb93	0x23fef1faa	512582679	0x16ae16183
0x2217f9275	0x1c9c97120	-1471553877	0x1b1f98d72
0x221bfa48c	0x1dda988f5	-1142299543	0x18c60ba52
0x221f5c3cd	0x1e1c5bc07	-1076889542	0x1798e3295
0x221f8856a	0x19346a799	-2394021329	0x197c41dcd
0x221fc97d0	0x146014ce2	-3690679022	0x1421d1bff
0x2223d4f05	0x1a47cd9ee	-2109764887	0x16e0b0e37
0x222410662	0x1633d4fc8	-3204691610	0x1884cd0e3
0x222478f62	0x218afa325	-160951357	0x16a233b95
0x22258d6bf	0x146d5c880	-3682799167	0x17e538b1a
0x222914e20	0x1a12422b5	-2171415403	0x19be9fa60
0x22312e35a	0x2370d2579	335168031	0x16cf56496
0x223218ad3	0x1923e1190	-2430826819	0x15b53dbef
0x22330ff6f	0x1ec2490cc	-923561635	0x186c11c71
0x2236111dd	0x158d5f779	-3398113892	0x145dca817
0x2236a1a67	0x1d8c6a230	-1252227127	0x19815e4fd
0x223bdf89d	0x1b1835911	-1916444556	0x17e71de5f
0x223f92b7b	0x1f6d85070	-757127947	0x177ca7096
0x2240a0146	0x1e996af99	-980636077	0x1b9bdcc7e
0x2240b4084	0x199a5af99	-2321912043	0x1837258ec
0x224616ee2	0x14d954152	-3603705232	0x1ab32e5a0
0x2249b1c8c	0x1c47c6cfe	-1612623758	0x1b4fee49b
0x2249b4cec	0x1fcf45cfe	-665251822	0x1acfee49b
0x2249bcc74	0x23cacbcfe	403763338	0x16cfee49b
0x2249bdcd4	0x17cfcacfe	-2812227542	0x18cfee49b
0x224dc3ac2	0x14a8aec8b	-3662761527	0x169748d88
0x22508e408	0x19152f8fe	-2478172938	0x148ec6bbe
0x2251056ec	0x1875a682f	-2645946045	0x151483725
0x2258b57ec	0x2144ec7cb	-289181729	0x150c197d0
0x226499801	0x1bbd99014	-1785726957	0x19b5792d5
0x226679f85	0x15a641c39	-3422782284	0x1531a50bc
0x22669a9df	0x158e9c6ed	-3447710450	0x16e4571d1
0x2266e3303	0x146872414	-3756461807	0x1a73ffc3d
0x2267b92f3	0x23ad20826	341210419	0x146b2e8c4
0x22683b65a	0x18fc180ba	-2529310112	0x16cc838a9
0x2268d1915	0x20e1bf31b	-410068474	0x15814aa8f
0x2269f55a9	0x17f699c39	-2805315952	0x14b9c45e3
0x226a961b3	0x148b39023	-3723874704	0x150233e90
0x226e8609f	0x20e0f8748	-416864599	0x188631a7a
0x226ed9ec4	0x2309b5710	162379852	0x149b27050
0x2272af93d	0x147f7bd8b	-3744676786	0x173bda433
0x2273c04b5	0x1ebdfd7f7	-995896510	0x176f9d10e
0x227521a2a	0x1b48c9b48	-1925545698	0x166fe2dc7
0x2275d3595	0x147fac1f5	-3747771296	0x1896cffa1
0x227623006	0x16e090e01	-3109626373	0x1bfbaed31
0x227720269	0x19c6968e6	-2332596611	0x1a8e6ff6c
0x227a13fd6	0x1db8f8459	-1276230525	0x1a97ec2ff
0x227a43bcb	0x1f6e8e7ac	-817583135	0x1576ea086
0x227b27d63	0x1d49372de	-1394543237	0x14a47ecdc
0x227b67649	0x17c641c39	-2874300944	0x14473a6bb
0x227ca0dcb	0x196003fa2	-2445921833	0x14b5b0914
0x227d8aaff	0x1d0c6c108	-1460791799	0x154d63eca
0x227e33fa7	0x198f8457e	-2397764137	0x1ab5d1da0
0x227eb7e5e	0x180872414	-2808371786	0x19ca15e45
0x227f14009	0x23f695fd4	393748427	0x1471b1bf5
0x2285431d3	0x1df5d25f7	-1224149980	0x183dcd1d6
0x22879916a	0x2210bff59	-124621329	0x174c40e36
0x228c869e6	0x1ad92a857	-2067120527	0x19cba1e69
0x228e759fc	0x1eefefe33	-971529161	0x17ca4463d
0x228e8099f	0x146abb626	-3795604345	0x1ab289989
0x2291dfef8	0x1688053de	-3231558426	0x15c2474d1
0x2292e0640	0x1905f3737	-2563690249	0x19a223917
0x229300f06	0x14d954152	-3684355508	0x163634845
0x2296d43f0	0x1aa69390a	-2130971366	0x14eec8459
0x22978c859	0x1f0c40e37	-951368226	0x1607af653
0x229887d57	0x181ad7468	-2816149743	0x17fbc8250
0x22988b141	0x199f97468	-2408529113	0x151d4e658
0x2298935b9	0x14b277468	-3730948433	0x1792656b5
0x2298957ba	0x23ee37468	358227118	0x18334a72d
0x229898881	0x199517468	-2419594265	0x1a4867816
0x2298f42fe	0x1b51ae405	-1953783545	0x1aef252fe
0x229b8e8a6	0x1a6e1eb5d	-2195127625	0x157675c19
0x229ba6e4e	0x2312fc726	125130968	0x17b570214
0x229f4650e	0x2040e3607	-635842311	0x14f1d16a4
0x22a8a8782	0x2220eeb36	-142318668	0x19ea4ed38
0x22a9c14e4	0x19669d91c	-2486320072	0x1a326e1b1
0x22abf23cc	0x1f92242e7	-832364773	0x1b10922f9
0x22adf6979	0x21cdbb4c7	-235123890	0x189df5310
0x22b037468	0x1e4b0412d	-1179857723	0x152f98627
0x22b24a812	0x17418ed82	-3070999184	0x14ee1afe3
0x22b337a9d	0x2334bd5f1	135813972	0x14b4ca02f
0x22b5c15a0	0x236e75099	193673977	0x16e416d37
0x22b81c979	0x1c915f620	-1651233625	0x160ebb185
0x22bade166	0x189a8bf57	-2718245391	0x173e50b4c
0x22bb96abe	0x15221a89f	-3650601503	0x1b99febb9
0x22bc3550d	0x15a613307	-3512869382	0x18b9f9755
0x22bde4c14	0x15776ae18	-3563560444	0x1a9699d90
0x22be60b4f	0x158328e34	-3551755547	0x15651ceeb
0x22be7641c	0x23f51f47f	325750883	0x169c89bcb
0x22bf32222	0x1609b5941	-3411527905	0x1b57b1f81
0x22c36ed2e	0x1d9a752c6	-1385142888	0x1a32aa543
0x22c649547	0x16a4693e3	-3256746340	0x1b10eed07
0x22c78803a	0x14d325342	-3745918200	0x168a8627a
0x22c7886ca	0x212abdbe2	-432843496	0x16aec7886
0x22c91ec08	0x19948f299	-2471033199	0x14d954152
0x22c927831	0x19e211643	-2389795310	0x1455b87e8
0x22cbaafaa	0x23e87edb2	298663432	0x1761e7d87
0x22cd93e42	0x1f9a11e75	-859316173	0x15de06651
0x22cfebc9d	0x1dd1b0f6a	-1340321075	0x1896d4180
0x22d2dfee7	0x1f84dc0b3	-887111220	0x1791dbf8b
0x22d3bd8e2	0x18e90f12b	-2662000567	0x16002a171
0x22db90221	0x1ab47d8bc	-2188454245	0x1583f695f
0x22dd6831b	0x1f09bf815	-1027246854	0x160e22406
0x22dea7ce1	0x1d69235dc	-1465403141	0x1428551e7
0x22e704f1f	0x1d06aee8b	-1577410708	0x187dc2818
0x22e714ce9	0x1e4d2d68b	-1235121758	0x198a9df91
0x22ec7d077	0x1f28a7225	-1010654802	0x1908c276e
0x22ed4641c	0x219f9dccd	-349865807	0x158f25804
0x22ed6410d	0x1fee374ea	-804441123	0x1b42ad68e
0x22ef3bef2	0x20382fd68	-728809866	0x1a8872ae9
0x22f0c136b	0x1c8ffb597	-1712086484	0x1b552edf4
0x22f172b08	0x15b3cc20a	-3554306302	0x1740ab2f0
0x22f41e2e3	0x142ce41b2	-3967000881	0x17c4e1644
0x22f9196e4	0x1bc96c946	-1929039262	0x1aacd206a
0x22fa3578a	0x144dcf8b9	-3938868945	0x19e86bd1a
0x22fc813ec	0x18d01b855	-2730908567	0x1b5e37fae
0x2301352d5	0x15baf104f	-3563340422	0x161e1bd44
0x2301d154f	0x16589900b	-3398665540	0x1792b5b82
0x2302a2262	0x215b20a2c	-444078134	0x1a3b30448
0x2302a2263	0x1f6786708	-967949147	0x19311325e
0x2302a2263	0x238b581d2	143351663	0x19fedc808
0x2304326fc	0x19bd90ba8	-2489981780	0x1475dd1d9
0x2308be1ec	0x1e8b67478	-1205169524	0x1af42b176
0x23093e9d1	0x1c809d1d7	-1753880570	0x1b13d701d
0x230b76659	0x1d8b6812a	-1476453679	0x157bdf89d
0x230f288d5	0x1e4444ed5	-1286486528	0x1be70abc0
0x2312812a4	0x1c577c1e2	-1806717122	0x144cd8b85
0x2315652f4	0x233f852d7	44171235	0x192c75202
0x2315e0575	0x1b468e989	-2096438252	0x17a442e8d
0x2316da386	0x1a860851c	-2299338346	0x143162f49
0x231a53608	0x1ffbccbe8	-837315104	0x158d6143f
0x231a6b128	0x19679a0cf	-2603421785	0x172e3299e
0x231c9d946	0x1f8ec789a	-954032300	0x15aa93031
0x231fa31bf	0x21abf7a03	-389724092	0x18581a436
0x231fd0f48	0x20e643b81	-597218247	0x1b9f05a5e
0x2323f00be	0x16e7ff3ee	-3284077776	0x146b06d70
0x232a51d85	0x1ffb8c011	-854351220	0x14e37464c
0x232c323a0	0x1f7ed7ee6	-987079866	0x1a3c354ee
0x232ee5538	0x2011e4175	-835720131	0x1a3625609
0x233798cf6	0x1487f05f4	-3942287106	0x1a41c39e7
0x233bac178	0x20bd7004e	-669237546	0x1b66f6cf0
0x2346cc4dc	0x1d10c0c8c	-1667283024	0x197af4f7b
0x2349ff54c	0x233a796ee	-16277086	0x1849f3af5
0x234a44725	0x23deb337c	155642967	0x1bb199afa
0x234a68f6d	0x196739743	-2654140458	0x16eeb6225
0x2350c4b67	0x1d64710d4	-1589983891	0x164704a78
0x2350d9541	0x1cdf48e90	-1729693361	0x148cdb166
0x23599e1a3	0x1e02f608c	-1433043223	0x193d48c81
0x23599f1f6	0x140efbee8	-4104794894	0x1a0c2d6d2
0x235ee204d	0x1ff0fe485	-920533960	0x17855a614
0x236002ff4	0x1b4bdf238	-2168602044	0x150535c3f
0x23620eb51	0x201c5d9a5	-878383532	0x171f620eb
0x23620ee03	0x1dbfb5337	-1512413900	0x15ff620ee
0x2364f2d49	0x1c734e3bf	-1863993738	0x14be3d01c
0x2364fea12	0x1624ccffa	-3556973080	0x1a8ddf4da
0x23674a23c	0x1e1ca034b	-1420467953	0x1406c2c9e
0x23678d97b	0x20317adb0	-862006219	0x17b80d778
0x2367a4e3f	0x22b23135a	-190266085	0x14df180ad
0x2368284ac	0x17d3d47dc	-3108322512	0x14a417afb
0x23698c40e	0x20ca1101b	-704099315	0x1499cb3ac
0x236b66038	0x1580f796e	-3735480010	0x181dff88d
0x23735ae35	0x170730622	-3334645779	0x17447725b
0x237384c15	0x1934e5aeb	-2750017834	0x179e7d994
0x237685431	0x201efb9a3	-897096334	0x15450929e
0x2387f00c4	0x14884f5b8	-4026141452	0x16d0a5335
0x2388d7bf9	0x22a96d8d6	-234267427	0x1b88c562a
0x238a858fb	0x1e66cb7af	-1379639628	0x1bb5b2c45
0x238e0c2dc	0x166da2c4b	-3523647121	0x16c3380f0
0x23922e97c	0x1805d786e	-3099947278	0x1b66479b2
0x23935266b	0x21ce50ef8	-475010931	0x162896272
0x239384cda	0x1fa978654	-1050723974	0x191923613
0x23971b6f0	0x1f540aca1	-1144064591	0x174352ac4
0x239e9f00a	0x2393e3b9f	-11252843	0x15cabcbe9
0x239f1e94b	0x2283c4ed8	-297114227	0x180faf6fd
0x23a0aaeb2	0x1eeb2d16f	-1264049475	0x1b2b7e26a
0x23a16bb2c	0x21c3f3e69	-500661443	0x16e701d6e
0x23a5e30ae	0x1b7f30fc1	-2188058861	0x165b53842
0x23a602961	0x207b470d2	-850114703	0x1ba5f8069
0x23abb6601	0x165b267dd	-3574136356	0x19e4f9963
0x23abd9187	0x18c936ae6	-2921997985	0x19800c021
0x23abe33e0	0x164d3fde9	-3588896247	0x19085c21b
0x23aec46e7	0x1c09ae9d1	-2052152598	0x14b8e8f86
0x23af66078	0x1e45d3c64	-1452876820	0x18ef7f36e
0x23b4cd600	0x1a460bd82	-2532055166	0x1b8cfb91e
0x23ba05fe0	0x16f6e1373	-3425848429	0x1b2705b19
0x23ba3bda8	0x1d8ef8bcb	-1655976413	0x1b49a558c
0x23bb034f0	0x19623d3ef	-2777440513	0x1a9885259
0x23c818583	0x22763cd39	-354269258	0x14d954153
0x23c9bd2f4	0x18073893a	-3156756922	0x140f639b0
0x23cb32c9b	0x229afd77e	-318985501	0x16ccb33bb
0x23cd3d17f	0x16ed8eb5b	-3455772196	0x1b29e8389
0x23d15cde7	0x21f83c1c9	-496110622	0x16189ee6f
0x23d38d556	0x1f17d7d7a	-1270568924	0x15e441c2a
0x23d5224ce	0x199eabd3b	-2741462931	0x1b968592a
0x23d80683b	0x1d47b92a9	-1761924498	0x1b5c64b98
0x23d92f2a6	0x220207785	-494041889	0x1a55c031a
0x23dc83243	0x1f4ee88be	-1222224261	0x16552656c
0x23de74f99	0x21ea5bf4e	-524390475	0x177a8f87d
0x23e34c6fd	0x1d1602ffd	-1825871616	0x190d9b8db
0x23e51ea1b	0x1ee6c499b	-1340448896	0x1859582e9
0x23e6e2fb0	0x16c9b7956	-3520247386	0x151972817
0x23e91d474	0x1d2adfd2b	-1810093897	0x1b89f9060
0x23e9d66d9	0x2308a0bdf	-236149498	0x14dc17478
0x23eeb435b	0x17c3e1b9a	-3266127809	0x15d3e4aa6
0x23f5cd048	0x183f7f092	-3143950262	0x1606e8b47
0x23f72f237	0x19dec4c94	-2709956003	0x19c36a6ba
0x23f7c835c	0x1cd1bfe5a	-1918928130	0x17afd5c06
0x23fd6a875	0x1d4dfc85d	-1794564120	0x17d3a434a