ms,epoch,path,bytes
148,1790399138797,HpDrvPre.sys,19128
148,1790399138891,CAPTURED_HpDrvPre.sys,19128
148,1790399138891,MpCmdRun.log,20856
148,1790399138984,CAPTURED_MpCmdRun.log,20856
148,1790399138984,MpSigStub.log,7992
148,1790399139016,CAPTURED_MpSigStub.log,7992
148,1790399139031,SYS32_Hardware.exe,32671232
997,1790399139594,HpDrvPre.sys,19128
997,1790399139594,MpCmdRun.log,20856
997,1790399139609,MpSigStub.log,7992
997,1790399139625,SYS32_Hardware.exe,32671232
1542,1790399140141,HpDrvPre.sys,19128
1542,1790399140141,MpCmdRun.log,20856
1542,1790399140141,MpSigStub.log,7992
1542,1790399140156,SYS32_Hardware.exe,32671232
2073,1790399140672,HpDrvPre.sys,19128
2073,1790399140672,MpCmdRun.log,20856
2073,1790399140688,MpSigStub.log,7992
2073,1790399140688,SYS32_Hardware.exe,32671232
2604,1790399141219,HpDrvPre.sys,19128
2604,1790399141234,MpCmdRun.log,20856
2604,1790399141266,MpSigStub.log,7992
2604,1790399141266,SYS32_Hardware.exe,32671232
3198,1790399141797,HpDrvPre.sys,19128
3198,1790399141797,MpCmdRun.log,20856
3198,1790399141797,MpSigStub.log,7992
3198,1790399141797,SYS32_Hardware.exe,32671232
3714,1790399142313,HpDrvPre.sys,19128
3714,1790399142313,MpCmdRun.log,20856
3714,1790399142313,MpSigStub.log,7992
3714,1790399142328,SYS32_Hardware.exe,32671232
4231,1790399142828,HpDrvPre.sys,19128
4231,1790399142828,MpCmdRun.log,20856
4231,1790399142828,MpSigStub.log,7992
4231,1790399142859,SYS32_Hardware.exe,32671232
4776,1790399143375,HpDrvPre.sys,19128
4776,1790399143375,MpCmdRun.log,20856
4776,1790399143375,MpSigStub.log,7992
4776,1790399143391,SYS32_Hardware.exe,32671232
5292,1790399143891,HpDrvPre.sys,19128
5292,1790399143891,MpCmdRun.log,20856
5292,1790399143891,MpSigStub.log,7992
5292,1790399143906,SYS32_Hardware.exe,32671232
5808,1790399144406,HpDrvPre.sys,19128
5808,1790399144406,MpCmdRun.log,20856
5808,1790399144406,MpSigStub.log,7992
5808,1790399144422,SYS32_Hardware.exe,32671232
6323,1790399144922,HpDrvPre.sys,19128
6323,1790399144922,MpCmdRun.log,20856
6323,1790399144922,MpSigStub.log,7992
6323,1790399144938,SYS32_Hardware.exe,32671232
6871,1790399145469,HpDrvPre.sys,19128
6871,1790399145469,MpCmdRun.log,20856
6871,1790399145469,MpSigStub.log,7992
6871,1790399145484,SYS32_Hardware.exe,32671232
7386,1790399145984,HpDrvPre.sys,19128
7386,1790399145984,MpCmdRun.log,20856
7386,1790399145984,MpSigStub.log,7992
7386,1790399146000,SYS32_Hardware.exe,32671232
7901,1790399146500,HpDrvPre.sys,19128
7901,1790399146500,MpCmdRun.log,20856
7901,1790399146500,MpSigStub.log,7992
7901,1790399146516,SYS32_Hardware.exe,32671232
8417,1790399147016,HpDrvPre.sys,19128
8417,1790399147016,MpCmdRun.log,20856
8417,1790399147016,MpSigStub.log,7992
8417,1790399147031,SYS32_Hardware.exe,32671232
8949,1790399147547,HpDrvPre.sys,19128
8949,1790399147563,MpCmdRun.log,20856
8949,1790399147578,MpSigStub.log,7992
8949,1790399147578,SYS32_Hardware.exe,32671232
9495,1790399148094,HpDrvPre.sys,19128
9495,1790399148094,MpCmdRun.log,20856
9495,1790399148094,MpSigStub.log,7992
9495,1790399148109,SYS32_Hardware.exe,32671232
10011,1790399148609,HpDrvPre.sys,19128
10011,1790399148609,MpCmdRun.log,20856
10011,1790399148609,MpSigStub.log,7992
10011,1790399148625,SYS32_Hardware.exe,32671232
10542,1790399149141,HpDrvPre.sys,19128
10542,1790399149141,MpCmdRun.log,20856
10542,1790399149141,MpSigStub.log,7992
10542,1790399149156,SYS32_Hardware.exe,32671232
11073,1790399149672,HpDrvPre.sys,19128
11073,1790399149672,MpCmdRun.log,20856
11073,1790399149672,MpSigStub.log,7992
11073,1790399149688,SYS32_Hardware.exe,32671232
11589,1790399150188,HpDrvPre.sys,19128
11589,1790399150188,MpCmdRun.log,20856
11589,1790399150188,MpSigStub.log,7992
11589,1790399150203,SYS32_Hardware.exe,32671232
12120,1790399150719,HpDrvPre.sys,19128
12120,1790399150719,MpCmdRun.log,20856
12120,1790399150719,MpSigStub.log,7992
12120,1790399150734,SYS32_Hardware.exe,32671232
12652,1790399151250,HpDrvPre.sys,19128
12652,1790399151250,MpCmdRun.log,20856
12652,1790399151250,MpSigStub.log,7992
12652,1790399151266,SYS32_Hardware.exe,32671232
13167,1790399151766,HpDrvPre.sys,19128
13167,1790399151766,MpCmdRun.log,20856
13167,1790399151766,MpSigStub.log,7992
13167,1790399151781,SYS32_Hardware.exe,32671232
13683,1790399152281,HpDrvPre.sys,19128
13683,1790399152281,MpCmdRun.log,20856
13683,1790399152281,MpSigStub.log,7992
13683,1790399152297,SYS32_Hardware.exe,32671232
14198,1790399152797,HpDrvPre.sys,19128
14198,1790399152797,MpCmdRun.log,20856
14198,1790399152797,MpSigStub.log,7992
14198,1790399152813,SYS32_Hardware.exe,32671232
14729,1790399153328,HpDrvPre.sys,19128
14729,1790399153328,MpCmdRun.log,20856
14729,1790399153328,MpSigStub.log,7992
14729,1790399153344,SYS32_Hardware.exe,32671232
15259,1790399153858,HpDrvPre.sys,19128
15259,1790399153858,MpCmdRun.log,20856
15259,1790399153858,MpSigStub.log,7992
15259,1790399153873,SYS32_Hardware.exe,32671232
15775,1790399154373,HpDrvPre.sys,19128
15775,1790399154373,MpCmdRun.log,20856
15775,1790399154373,MpSigStub.log,7992
15775,1790399154389,SYS32_Hardware.exe,32671232
16291,1790399154889,HpDrvPre.sys,19128
16291,1790399154889,MpCmdRun.log,20856
16291,1790399154889,MpSigStub.log,7992
16291,1790399154905,SYS32_Hardware.exe,32671232
16822,1790399155420,HpDrvPre.sys,19128
16822,1790399155420,MpCmdRun.log,20856
16822,1790399155420,MpSigStub.log,7992
16822,1790399155436,SYS32_Hardware.exe,32671232
17337,1790399155936,HpDrvPre.sys,19128
17337,1790399155936,MpCmdRun.log,20856
17337,1790399155936,MpSigStub.log,7992
17337,1790399155952,SYS32_Hardware.exe,32671232
17853,1790399156452,HpDrvPre.sys,19128
17853,1790399156452,MpCmdRun.log,20856
17853,1790399156452,MpSigStub.log,7992
17853,1790399156452,SYS32_Hardware.exe,32671232
18368,1790399156967,HpDrvPre.sys,19128
18368,1790399156967,MpCmdRun.log,20856
18368,1790399156967,MpSigStub.log,7992
18368,1790399156983,SYS32_Hardware.exe,32671232
18900,1790399157499,HpDrvPre.sys,19128
18900,1790399157499,MpCmdRun.log,20856
18900,1790399157499,MpSigStub.log,7992
18900,1790399157514,SYS32_Hardware.exe,32671232
19415,1790399158014,HpDrvPre.sys,19128
19415,1790399158014,MpCmdRun.log,20856
19415,1790399158014,MpSigStub.log,7992
19415,1790399158030,SYS32_Hardware.exe,32671232
19947,1790399158545,HpDrvPre.sys,19128
19947,1790399158545,MpCmdRun.log,20856
19947,1790399158545,MpSigStub.log,7992
19947,1790399158561,SYS32_Hardware.exe,32671232
20462,1790399159061,HpDrvPre.sys,19128
20462,1790399159061,MpCmdRun.log,20856
20462,1790399159061,MpSigStub.log,7992
20462,1790399159077,SYS32_Hardware.exe,32671232
20994,1790399159592,HpDrvPre.sys,19128
20994,1790399159592,MpCmdRun.log,20856
20994,1790399159592,MpSigStub.log,7992
20994,1790399159608,SYS32_Hardware.exe,32671232
21509,1790399160108,HpDrvPre.sys,19128
21509,1790399160108,MpCmdRun.log,20856
21509,1790399160108,MpSigStub.log,7992
21509,1790399160123,SYS32_Hardware.exe,32671232
22025,1790399160624,HpDrvPre.sys,19128
22025,1790399160624,MpCmdRun.log,20856
22025,1790399160624,MpSigStub.log,7992
22025,1790399160639,SYS32_Hardware.exe,32671232
22556,1790399161155,HpDrvPre.sys,19128
22556,1790399161155,MpCmdRun.log,20856
22556,1790399161155,MpSigStub.log,7992
22556,1790399161170,SYS32_Hardware.exe,32671232
23087,1790399161686,HpDrvPre.sys,19128
23087,1790399161686,MpCmdRun.log,20856
23087,1790399161686,MpSigStub.log,7992
23087,1790399161686,SYS32_Hardware.exe,32671232
23603,1790399162202,HpDrvPre.sys,19128
23603,1790399162202,MpCmdRun.log,20856
23603,1790399162202,MpSigStub.log,7992
23603,1790399162217,SYS32_Hardware.exe,32671232
24118,1790399162717,HpDrvPre.sys,19128
24118,1790399162717,MpCmdRun.log,20856
24118,1790399162717,MpSigStub.log,7992
24118,1790399162733,SYS32_Hardware.exe,32671232
24650,1790399163248,HpDrvPre.sys,19128
24650,1790399163248,MpCmdRun.log,20856
24650,1790399163264,MpSigStub.log,7992
24650,1790399163280,SYS32_Hardware.exe,32671232
25181,1790399163780,HpDrvPre.sys,19128
25181,1790399163780,MpCmdRun.log,20856
25181,1790399163780,MpSigStub.log,7992
25181,1790399163795,SYS32_Hardware.exe,32671232
25718,1790399164311,HpDrvPre.sys,19128
25718,1790399164311,MpCmdRun.log,20856
25718,1790399164327,MpSigStub.log,7992
25718,1790399164327,SYS32_Hardware.exe,32671232
26245,1790399164842,HpDrvPre.sys,19128
26245,1790399164842,MpCmdRun.log,20856
26245,1790399164842,MpSigStub.log,7992
26245,1790399164858,SYS32_Hardware.exe,32671232
26790,1790399165389,HpDrvPre.sys,19128
26790,1790399165389,MpCmdRun.log,20856
26790,1790399165389,MpSigStub.log,7992
26790,1790399165405,SYS32_Hardware.exe,32671232
27306,1790399165905,HpDrvPre.sys,19128
27306,1790399165905,MpCmdRun.log,20856
27306,1790399165905,MpSigStub.log,7992
27306,1790399165920,SYS32_Hardware.exe,32671232
27822,1790399166420,HpDrvPre.sys,19128
27822,1790399166420,MpCmdRun.log,20856
27822,1790399166420,MpSigStub.log,7992
27822,1790399166436,SYS32_Hardware.exe,32671232
28338,1790399166936,HpDrvPre.sys,19128
28338,1790399166936,MpCmdRun.log,20856
28338,1790399166936,MpSigStub.log,7992
28338,1790399166952,SYS32_Hardware.exe,32671232
28868,1790399167467,HpDrvPre.sys,19128
28868,1790399167467,MpCmdRun.log,20856
28868,1790399167467,MpSigStub.log,7992
28868,1790399167483,SYS32_Hardware.exe,32671232
29385,1790399167983,HpDrvPre.sys,19128
29385,1790399167983,MpCmdRun.log,20856
29385,1790399167983,MpSigStub.log,7992
29385,1790399167998,SYS32_Hardware.exe,32671232
29900,1790399168499,HpDrvPre.sys,19128
29900,1790399168499,MpCmdRun.log,20856
29900,1790399168499,MpSigStub.log,7992
29900,1790399168514,SYS32_Hardware.exe,32671232
30415,1790399169014,HpDrvPre.sys,19128
30415,1790399169014,MpCmdRun.log,20856
30415,1790399169014,MpSigStub.log,7992
30415,1790399169030,SYS32_Hardware.exe,32671232
30947,1790399169545,HpDrvPre.sys,19128
30947,1790399169545,MpCmdRun.log,20856
30947,1790399169545,MpSigStub.log,7992
30947,1790399169561,SYS32_Hardware.exe,32671232
31462,1790399170061,HpDrvPre.sys,19128
31462,1790399170061,MpCmdRun.log,20856
31462,1790399170061,MpSigStub.log,7992
31462,1790399170077,SYS32_Hardware.exe,32671232
31978,1790399170577,HpDrvPre.sys,19128
31978,1790399170577,MpCmdRun.log,20856
31978,1790399170577,MpSigStub.log,7992
31978,1790399170592,SYS32_Hardware.exe,32671232
32509,1790399171108,HpDrvPre.sys,19128
32509,1790399171108,MpCmdRun.log,20856
32509,1790399171108,MpSigStub.log,7992
32509,1790399171123,SYS32_Hardware.exe,32671232
33040,1790399171639,HpDrvPre.sys,19128
33040,1790399171639,MpCmdRun.log,20856
33040,1790399171639,MpSigStub.log,7992
33040,1790399171655,SYS32_Hardware.exe,32671232
33556,1790399172155,HpDrvPre.sys,19128
33556,1790399172155,MpCmdRun.log,20856
33556,1790399172155,MpSigStub.log,7992
33556,1790399172170,SYS32_Hardware.exe,32671232
34072,1790399172670,HpDrvPre.sys,19128
34072,1790399172670,MpCmdRun.log,20856
34072,1790399172670,MpSigStub.log,7992
34072,1790399172686,SYS32_Hardware.exe,32671232
34587,1790399173186,HpDrvPre.sys,19128
34587,1790399173186,MpCmdRun.log,20856
34587,1790399173186,MpSigStub.log,7992
34587,1790399173202,SYS32_Hardware.exe,32671232
35103,1790399173702,HpDrvPre.sys,19128
35103,1790399173702,MpCmdRun.log,20856
35103,1790399173702,MpSigStub.log,7992
35103,1790399173717,SYS32_Hardware.exe,32671232
35618,1790399174217,HpDrvPre.sys,19128
35618,1790399174217,MpCmdRun.log,20856
35618,1790399174217,MpSigStub.log,7992
35618,1790399174217,SYS32_Hardware.exe,32671232
36134,1790399174733,HpDrvPre.sys,19128
36134,1790399174733,MpCmdRun.log,20856
36134,1790399174733,MpSigStub.log,7992
36134,1790399174748,SYS32_Hardware.exe,32671232
36665,1790399175264,HpDrvPre.sys,19128
36665,1790399175264,MpCmdRun.log,20856
36665,1790399175264,MpSigStub.log,7992
36665,1790399175280,SYS32_Hardware.exe,32671232
37181,1790399175780,HpDrvPre.sys,19128
37181,1790399175780,MpCmdRun.log,20856
37181,1790399175795,MpSigStub.log,7992
37181,1790399175795,SYS32_Hardware.exe,32671232
37712,1790399176311,HpDrvPre.sys,19128
37712,1790399176311,MpCmdRun.log,20856
37712,1790399176311,MpSigStub.log,7992
37712,1790399176327,SYS32_Hardware.exe,32671232
38228,1790399176827,HpDrvPre.sys,19128
38228,1790399176827,MpCmdRun.log,20856
38228,1790399176827,MpSigStub.log,7992
38228,1790399176842,SYS32_Hardware.exe,32671232
38759,1790399177358,HpDrvPre.sys,19128
38759,1790399177358,MpCmdRun.log,20856
38759,1790399177358,MpSigStub.log,7992
38759,1790399177373,SYS32_Hardware.exe,32671232
39275,1790399177874,HpDrvPre.sys,19128
39275,1790399177874,MpCmdRun.log,20856
39275,1790399177874,MpSigStub.log,7992
39275,1790399177889,SYS32_Hardware.exe,32671232
39790,1790399178389,HpDrvPre.sys,19128
39790,1790399178389,MpCmdRun.log,20856
39790,1790399178405,MpSigStub.log,7992
39790,1790399178405,SYS32_Hardware.exe,32671232
40329,1790399178928,HpDrvPre.sys,19128
40329,1790399178928,MpCmdRun.log,20856
40329,1790399178928,MpSigStub.log,7992
40329,1790399178944,SYS32_Hardware.exe,32671232
40860,1790399179459,HpDrvPre.sys,19128
40860,1790399179459,MpCmdRun.log,20856
40860,1790399179459,MpSigStub.log,7992
40860,1790399179459,SYS32_Hardware.exe,32671232
41392,1790399179991,HpDrvPre.sys,19128
41392,1790399179991,MpCmdRun.log,20856
41392,1790399179991,MpSigStub.log,7992
41392,1790399180006,SYS32_Hardware.exe,32671232
41923,1790399180522,HpDrvPre.sys,19128
41923,1790399180522,MpCmdRun.log,20856
41923,1790399180522,MpSigStub.log,7992
41923,1790399180537,SYS32_Hardware.exe,32671232
42439,1790399181037,HpDrvPre.sys,19128
42439,1790399181037,MpCmdRun.log,20856
42439,1790399181037,MpSigStub.log,7992
42439,1790399181053,SYS32_Hardware.exe,32671232
42986,1790399181584,HpDrvPre.sys,19128
42986,1790399181584,MpCmdRun.log,20856
42986,1790399181584,MpSigStub.log,7992
42986,1790399181600,SYS32_Hardware.exe,32671232
43517,1790399182116,HpDrvPre.sys,19128
43517,1790399182116,MpCmdRun.log,20856
43517,1790399182116,MpSigStub.log,7992
43517,1790399182116,SYS32_Hardware.exe,32671232
44048,1790399182647,HpDrvPre.sys,19128
44048,1790399182647,MpCmdRun.log,20856
44048,1790399182662,MpSigStub.log,7992
44048,1790399182662,SYS32_Hardware.exe,32671232
44580,1790399183178,HpDrvPre.sys,19128
44580,1790399183178,MpCmdRun.log,20856
44580,1790399183178,MpSigStub.log,7992
44580,1790399183194,SYS32_Hardware.exe,32671232
45095,1790399183694,HpDrvPre.sys,19128
45095,1790399183694,MpCmdRun.log,20856
45095,1790399183694,MpSigStub.log,7992
45095,1790399183709,SYS32_Hardware.exe,32671232
45611,1790399184209,HpDrvPre.sys,19128
45611,1790399184209,MpCmdRun.log,20856
45611,1790399184209,MpSigStub.log,7992
45611,1790399184225,SYS32_Hardware.exe,32671232
46127,1790399184725,HpDrvPre.sys,19128
46127,1790399184725,MpCmdRun.log,20856
46127,1790399184725,MpSigStub.log,7992
46127,1790399184741,SYS32_Hardware.exe,32671232
46658,1790399185256,HpDrvPre.sys,19128
46658,1790399185256,MpCmdRun.log,20856
46658,1790399185256,MpSigStub.log,7992
46658,1790399185272,SYS32_Hardware.exe,32671232
47173,1790399185772,HpDrvPre.sys,19128
47173,1790399185772,MpCmdRun.log,20856
47173,1790399185772,MpSigStub.log,7992
47173,1790399185788,SYS32_Hardware.exe,32671232
47705,1790399186303,HpDrvPre.sys,19128
47705,1790399186366,MpCmdRun.log,20856
47705,1790399186366,MpSigStub.log,7992
47705,1790399186381,SYS32_Hardware.exe,32671232
48283,1790399186881,HpDrvPre.sys,19128
48283,1790399186881,MpCmdRun.log,20856
48283,1790399186881,MpSigStub.log,7992
48283,1790399186897,SYS32_Hardware.exe,32671232
48814,1790399187413,HpDrvPre.sys,19128
48814,1790399187413,MpCmdRun.log,20856
48814,1790399187413,MpSigStub.log,7992
48814,1790399187428,SYS32_Hardware.exe,32671232
49361,1790399187960,HpDrvPre.sys,19128
49361,1790399187960,MpCmdRun.log,20856
49361,1790399187960,MpSigStub.log,7992
49361,1790399187960,SYS32_Hardware.exe,32671232
49877,1790399188475,HpDrvPre.sys,19128
49877,1790399188475,MpCmdRun.log,20856
49877,1790399188491,MpSigStub.log,7992
49877,1790399188491,SYS32_Hardware.exe,32671232
50408,1790399189006,HpDrvPre.sys,19128
50408,1790399189006,MpCmdRun.log,20856
50408,1790399189022,MpSigStub.log,7992
50408,1790399189022,SYS32_Hardware.exe,32671232
50940,1790399189538,HpDrvPre.sys,19128
50940,1790399189538,MpCmdRun.log,20856
50940,1790399189553,MpSigStub.log,7992
50940,1790399189569,SYS32_Hardware.exe,32671232
51486,1790399190085,HpDrvPre.sys,19128
51486,1790399190085,MpCmdRun.log,20856
51486,1790399190085,MpSigStub.log,7992
51486,1790399190100,SYS32_Hardware.exe,32671232
52002,1790399190600,HpDrvPre.sys,19128
52002,1790399190600,MpCmdRun.log,20856
52002,1790399190600,MpSigStub.log,7992
52002,1790399190616,SYS32_Hardware.exe,32671232
52533,1790399191131,HpDrvPre.sys,19128
52533,1790399191131,MpCmdRun.log,20856
52533,1790399191147,MpSigStub.log,7992
52533,1790399191163,SYS32_Hardware.exe,32671232
53095,1790399191694,HpDrvPre.sys,19128
53095,1790399191694,MpCmdRun.log,20856
53095,1790399191694,MpSigStub.log,7992
53095,1790399191710,SYS32_Hardware.exe,32671232
53611,1790399192210,HpDrvPre.sys,19128
53611,1790399192210,MpCmdRun.log,20856
53611,1790399192210,MpSigStub.log,7992
53611,1790399192225,SYS32_Hardware.exe,32671232
54127,1790399192725,HpDrvPre.sys,19128
54127,1790399192725,MpCmdRun.log,20856
54127,1790399192725,MpSigStub.log,7992
54127,1790399192741,SYS32_Hardware.exe,32671232
54674,1790399193272,HpDrvPre.sys,19128
54674,1790399193288,MpCmdRun.log,20856
54674,1790399193288,MpSigStub.log,7992
54674,1790399193319,SYS32_Hardware.exe,32671232
55222,1790399193819,HpDrvPre.sys,19128
55222,1790399193819,MpCmdRun.log,20856
55222,1790399193835,MpSigStub.log,7992
55222,1790399193850,SYS32_Hardware.exe,32671232
55767,1790399194366,HpDrvPre.sys,19128
55767,1790399194366,MpCmdRun.log,20856
55767,1790399194366,MpSigStub.log,7992
55767,1790399194381,SYS32_Hardware.exe,32671232
56314,1790399194913,HpDrvPre.sys,19128
56314,1790399194913,MpCmdRun.log,20856
56314,1790399194913,MpSigStub.log,7992
56314,1790399194928,SYS32_Hardware.exe,32671232
56862,1790399195460,HpDrvPre.sys,19128
56862,1790399195460,MpCmdRun.log,20856
56862,1790399195475,MpSigStub.log,7992
56862,1790399195475,SYS32_Hardware.exe,32671232
57408,1790399196006,HpDrvPre.sys,19128
57408,1790399196006,MpCmdRun.log,20856
57408,1790399196006,MpSigStub.log,7992
57408,1790399196022,SYS32_Hardware.exe,32671232
57941,1790399196538,HpDrvPre.sys,19128
57941,1790399196553,MpCmdRun.log,20856
57941,1790399196553,MpSigStub.log,7992
57941,1790399196569,SYS32_Hardware.exe,32671232
58517,1790399197116,HpDrvPre.sys,19128
58517,1790399197116,MpCmdRun.log,20856
58517,1790399197131,MpSigStub.log,7992
58517,1790399197131,SYS32_Hardware.exe,32671232
59080,1790399197678,HpDrvPre.sys,19128
59080,1790399197694,MpCmdRun.log,20856
59080,1790399197710,MpSigStub.log,7992
59080,1790399197741,SYS32_Hardware.exe,32671232
59674,1790399198272,HpDrvPre.sys,19128
59674,1790399198272,MpCmdRun.log,20856
59674,1790399198303,MpSigStub.log,7992
59674,1790399198335,SYS32_Hardware.exe,32671232
60252,1790399198850,HpDrvPre.sys,19128
60252,1790399198866,MpCmdRun.log,20856
60252,1790399198881,MpSigStub.log,7992
60252,1790399198897,SYS32_Hardware.exe,32671232
60845,1790399199444,HpDrvPre.sys,19128
60845,1790399199444,MpCmdRun.log,20856
60845,1790399199444,MpSigStub.log,7992
60845,1790399199460,SYS32_Hardware.exe,32671232
61409,1790399200006,HpDrvPre.sys,19128
61409,1790399200006,MpCmdRun.log,20856
61409,1790399200022,MpSigStub.log,7992
61409,1790399200038,SYS32_Hardware.exe,32671232
61956,1790399200553,HpDrvPre.sys,19128
61956,1790399200569,MpCmdRun.log,20856
61956,1790399200569,MpSigStub.log,7992
61956,1790399200585,SYS32_Hardware.exe,32671232
62533,1790399201131,HpDrvPre.sys,19128
62533,1790399201150,MpCmdRun.log,20856
62533,1790399201163,MpSigStub.log,7992
62533,1790399201178,SYS32_Hardware.exe,32671232
63096,1790399201694,HpDrvPre.sys,19128
63096,1790399201694,MpCmdRun.log,20856
63096,1790399201710,MpSigStub.log,7992
63096,1790399201710,SYS32_Hardware.exe,32671232
63627,1790399202225,HpDrvPre.sys,19128
63627,1790399202225,MpCmdRun.log,20856
63627,1790399202225,MpSigStub.log,7992
63627,1790399202241,SYS32_Hardware.exe,32671232
64143,1790399202741,HpDrvPre.sys,19128
64143,1790399202741,MpCmdRun.log,20856
64143,1790399202756,MpSigStub.log,7992
64143,1790399202772,SYS32_Hardware.exe,32671232
64720,1790399203319,HpDrvPre.sys,19128
64720,1790399203319,MpCmdRun.log,20856
64720,1790399203335,MpSigStub.log,7992
64720,1790399203335,SYS32_Hardware.exe,32671232
65270,1790399203866,HpDrvPre.sys,19128
65270,1790399203866,MpCmdRun.log,20856
65270,1790399203881,MpSigStub.log,7992
65270,1790399203897,SYS32_Hardware.exe,32671232
65814,1790399204413,HpDrvPre.sys,19128
65814,1790399204413,MpCmdRun.log,20856
65814,1790399204413,MpSigStub.log,7992
65814,1790399204428,SYS32_Hardware.exe,32671232
66345,1790399204944,HpDrvPre.sys,19128
66345,1790399204944,MpCmdRun.log,20856
66345,1790399204944,MpSigStub.log,7992
66345,1790399204960,SYS32_Hardware.exe,32671232
66892,1790399205491,HpDrvPre.sys,19128
66892,1790399205491,MpCmdRun.log,20856
66892,1790399205506,MpSigStub.log,7992
66892,1790399205522,SYS32_Hardware.exe,32671232
67423,1790399206022,HpDrvPre.sys,19128
67423,1790399206022,MpCmdRun.log,20856
67423,1790399206038,MpSigStub.log,7992
67423,1790399206038,SYS32_Hardware.exe,32671232
67955,1790399206553,HpDrvPre.sys,19128
67955,1790399206553,MpCmdRun.log,20856
67955,1790399206553,MpSigStub.log,7992
67955,1790399206569,SYS32_Hardware.exe,32671232
68486,1790399207085,HpDrvPre.sys,19128
68486,1790399207085,MpCmdRun.log,20856
68486,1790399207085,MpSigStub.log,7992
68486,1790399207100,SYS32_Hardware.exe,32671232
69033,1790399207631,HpDrvPre.sys,19128
69033,1790399207631,MpCmdRun.log,20856
69033,1790399207647,MpSigStub.log,7992
69033,1790399207647,SYS32_Hardware.exe,32671232
69549,1790399208147,HpDrvPre.sys,19128
69549,1790399208147,MpCmdRun.log,20856
69549,1790399208147,MpSigStub.log,7992
69549,1790399208163,SYS32_Hardware.exe,32671232
70080,1790399208678,HpDrvPre.sys,19128
70080,1790399208678,MpCmdRun.log,20856
70080,1790399208678,MpSigStub.log,7992
70080,1790399208694,SYS32_Hardware.exe,32671232
70627,1790399209225,HpDrvPre.sys,19128
70627,1790399209225,MpCmdRun.log,20856
70627,1790399209225,MpSigStub.log,7992
70627,1790399209241,SYS32_Hardware.exe,32671232
71142,1790399209741,HpDrvPre.sys,19128
71142,1790399209741,MpCmdRun.log,20856
71142,1790399209741,MpSigStub.log,7992
71142,1790399209756,SYS32_Hardware.exe,32671232
71673,1790399210272,HpDrvPre.sys,19128
71673,1790399210272,MpCmdRun.log,20856
71673,1790399210272,MpSigStub.log,7992
71673,1790399210288,SYS32_Hardware.exe,32671232
72190,1790399210788,HpDrvPre.sys,19128
72190,1790399210788,MpCmdRun.log,20856
72190,1790399210788,MpSigStub.log,7992
72190,1790399210803,SYS32_Hardware.exe,32671232
72736,1790399211335,HpDrvPre.sys,19128
72736,1790399211335,MpCmdRun.log,20856
72736,1790399211335,MpSigStub.log,7992
72736,1790399211350,SYS32_Hardware.exe,32671232
73270,1790399211866,HpDrvPre.sys,19128
73270,1790399211866,MpCmdRun.log,20856
73270,1790399211866,MpSigStub.log,7992
73270,1790399211881,SYS32_Hardware.exe,32671232
73798,1790399212397,HpDrvPre.sys,19128
73798,1790399212397,MpCmdRun.log,20856
73798,1790399212397,MpSigStub.log,7992
73798,1790399212413,SYS32_Hardware.exe,32671232
74330,1790399212928,HpDrvPre.sys,19128
74330,1790399212928,MpCmdRun.log,20856
74330,1790399212928,MpSigStub.log,7992
74330,1790399212944,SYS32_Hardware.exe,32671232
74861,1790399213460,HpDrvPre.sys,19128
74861,1790399213460,MpCmdRun.log,20856
74861,1790399213460,MpSigStub.log,7992
74861,1790399213475,SYS32_Hardware.exe,32671232
75392,1790399213991,HpDrvPre.sys,19128
75392,1790399213991,MpCmdRun.log,20856
75392,1790399213991,MpSigStub.log,7992
75392,1790399214006,SYS32_Hardware.exe,32671232
75923,1790399214522,HpDrvPre.sys,19128
75923,1790399214522,MpCmdRun.log,20856
75923,1790399214522,MpSigStub.log,7992
75923,1790399214538,SYS32_Hardware.exe,32671232
76455,1790399215054,HpDrvPre.sys,19128
76455,1790399215054,MpCmdRun.log,20856
76455,1790399215070,MpSigStub.log,7992
76455,1790399215070,SYS32_Hardware.exe,32671232
76987,1790399215585,HpDrvPre.sys,19128
76987,1790399215585,MpCmdRun.log,20856
76987,1790399215601,MpSigStub.log,7992
76987,1790399215616,SYS32_Hardware.exe,32671232
77554,1790399216148,HpDrvPre.sys,19128
77554,1790399216304,MpCmdRun.log,20856
77554,1790399216851,MpSigStub.log,7992
77554,1790399217257,SYS32_Hardware.exe,32671232
79284,1790399217882,HpDrvPre.sys,19128
79284,1790399217882,MpCmdRun.log,20856
79284,1790399218179,MpSigStub.log,7992
79284,1790399218195,SYS32_Hardware.exe,32671232
80128,1790399218726,HpDrvPre.sys,19128
80128,1790399218726,MpCmdRun.log,20856
80128,1790399218741,MpSigStub.log,7992
80128,1790399218757,SYS32_Hardware.exe,32671232
80705,1790399219304,HpDrvPre.sys,19128
80705,1790399219304,MpCmdRun.log,20856
80705,1790399219320,MpSigStub.log,7992
80705,1790399219320,SYS32_Hardware.exe,32671232
81237,1790399219835,HpDrvPre.sys,19128
81237,1790399219835,MpCmdRun.log,20856
81237,1790399219851,MpSigStub.log,7992
81237,1790399219851,SYS32_Hardware.exe,32671232
81768,1790399220366,HpDrvPre.sys,19128
81768,1790399220366,MpCmdRun.log,20856
81768,1790399220366,MpSigStub.log,7992
81768,1790399220382,SYS32_Hardware.exe,32671232
82300,1790399220898,HpDrvPre.sys,19128
82300,1790399220898,MpCmdRun.log,20856
82300,1790399220913,MpSigStub.log,7992
82300,1790399220945,SYS32_Hardware.exe,32671232
82908,1790399221507,HpDrvPre.sys,19128
82908,1790399221507,MpCmdRun.log,20856
82908,1790399221507,MpSigStub.log,7992
82908,1790399221523,SYS32_Hardware.exe,32671232
83440,1790399222038,HpDrvPre.sys,19128
83440,1790399222038,MpCmdRun.log,20856
83440,1790399222038,MpSigStub.log,7992
83440,1790399222054,SYS32_Hardware.exe,32671232
83987,1790399222585,HpDrvPre.sys,19128
83987,1790399222585,MpCmdRun.log,20856
83987,1790399222585,MpSigStub.log,7992
83987,1790399222601,SYS32_Hardware.exe,32671232
84565,1790399223163,HpDrvPre.sys,19128
84565,1790399223163,MpCmdRun.log,20856
84565,1790399223163,MpSigStub.log,7992
84565,1790399223179,SYS32_Hardware.exe,32671232
85128,1790399223726,HpDrvPre.sys,19128
85128,1790399223726,MpCmdRun.log,20856
85128,1790399223757,MpSigStub.log,7992
85128,1790399223757,SYS32_Hardware.exe,32671232
85674,1790399224273,HpDrvPre.sys,19128
85674,1790399224273,MpCmdRun.log,20856
85674,1790399224273,MpSigStub.log,7992
85674,1790399224288,SYS32_Hardware.exe,32671232
86205,1790399224804,HpDrvPre.sys,19128
86205,1790399224804,MpCmdRun.log,20856
86205,1790399224820,MpSigStub.log,7992
86205,1790399224820,SYS32_Hardware.exe,32671232
86768,1790399225366,HpDrvPre.sys,19128
86768,1790399225366,MpCmdRun.log,20856
86768,1790399225382,MpSigStub.log,7992
86768,1790399225382,SYS32_Hardware.exe,32671232
87315,1790399225913,HpDrvPre.sys,19128
87315,1790399225913,MpCmdRun.log,20856
87315,1790399225913,MpSigStub.log,7992
87315,1790399225929,SYS32_Hardware.exe,32671232
87861,1790399226460,HpDrvPre.sys,19128
87861,1790399226460,MpCmdRun.log,20856
87861,1790399226476,MpSigStub.log,7992
87861,1790399226491,SYS32_Hardware.exe,32671232
88409,1790399227007,HpDrvPre.sys,19128
88409,1790399227007,MpCmdRun.log,20856
88409,1790399227023,MpSigStub.log,7992
88409,1790399227023,SYS32_Hardware.exe,32671232
88955,1790399227554,HpDrvPre.sys,19128
88955,1790399227554,MpCmdRun.log,20856
88955,1790399227570,MpSigStub.log,7992
88955,1790399227570,SYS32_Hardware.exe,32671232
89486,1790399228085,HpDrvPre.sys,19128
89486,1790399228085,MpCmdRun.log,20856
89486,1790399228101,MpSigStub.log,7992
89486,1790399228101,SYS32_Hardware.exe,32671232
90033,1790399228632,HpDrvPre.sys,19128
90033,1790399228632,MpCmdRun.log,20856
90033,1790399228648,MpSigStub.log,7992
90033,1790399228663,SYS32_Hardware.exe,32671232
90596,1790399229195,HpDrvPre.sys,19128
90596,1790399229195,MpCmdRun.log,20856
90596,1790399229210,MpSigStub.log,7992
90596,1790399229210,SYS32_Hardware.exe,32671232
91127,1790399229726,HpDrvPre.sys,19128
91127,1790399229726,MpCmdRun.log,20856
91127,1790399229726,MpSigStub.log,7992
91127,1790399229741,SYS32_Hardware.exe,32671232
91659,1790399230257,HpDrvPre.sys,19128
91659,1790399230257,MpCmdRun.log,20856
91659,1790399230273,MpSigStub.log,7992
91659,1790399230288,SYS32_Hardware.exe,32671232
92190,1790399230788,HpDrvPre.sys,19128
92190,1790399230788,MpCmdRun.log,20856
92190,1790399230804,MpSigStub.log,7992
92190,1790399230804,SYS32_Hardware.exe,32671232
92736,1790399231335,HpDrvPre.sys,19128
92736,1790399231335,MpCmdRun.log,20856
92736,1790399231335,MpSigStub.log,7992
92736,1790399231351,SYS32_Hardware.exe,32671232
93283,1790399231882,HpDrvPre.sys,19128
93283,1790399231882,MpCmdRun.log,20856
93283,1790399231898,MpSigStub.log,7992
93283,1790399231898,SYS32_Hardware.exe,32671232
93831,1790399232429,HpDrvPre.sys,19128
93831,1790399232429,MpCmdRun.log,20856
93831,1790399232429,MpSigStub.log,7992
93831,1790399232445,SYS32_Hardware.exe,32671232
94377,1790399232976,HpDrvPre.sys,19128
94377,1790399232976,MpCmdRun.log,20856
94377,1790399232976,MpSigStub.log,7992
94377,1790399232991,SYS32_Hardware.exe,32671232
94924,1790399233523,HpDrvPre.sys,19128
94924,1790399233523,MpCmdRun.log,20856
94924,1790399233538,MpSigStub.log,7992
94924,1790399233538,SYS32_Hardware.exe,32671232
95472,1790399234070,HpDrvPre.sys,19128
95472,1790399234070,MpCmdRun.log,20856
95472,1790399234070,MpSigStub.log,7992
95472,1790399234085,SYS32_Hardware.exe,32671232
96019,1790399234616,HpDrvPre.sys,19128
96019,1790399234616,MpCmdRun.log,20856
96019,1790399234632,MpSigStub.log,7992
96019,1790399234632,SYS32_Hardware.exe,32671232
96581,1790399235179,HpDrvPre.sys,19128
96581,1790399235179,MpCmdRun.log,20856
96581,1790399235179,MpSigStub.log,7992
96581,1790399235195,SYS32_Hardware.exe,32671232
97111,1790399235710,HpDrvPre.sys,19128
97111,1790399235710,MpCmdRun.log,20856
97111,1790399235726,MpSigStub.log,7992
97111,1790399235726,SYS32_Hardware.exe,32671232
97643,1790399236241,HpDrvPre.sys,19128
97643,1790399236241,MpCmdRun.log,20856
97643,1790399236257,MpSigStub.log,7992
97643,1790399236273,SYS32_Hardware.exe,32671232
98211,1790399236976,HpDrvPre.sys,19128
98211,1790399237023,MpCmdRun.log,20856
98211,1790399237491,MpSigStub.log,7992
98211,1790399237851,SYS32_Hardware.exe,32671232
99929,1790399238554,HpDrvPre.sys,19128
99929,1790399238585,MpCmdRun.log,20856
99929,1790399238601,MpSigStub.log,7992
99929,1790399238616,SYS32_Hardware.exe,32671232
100581,1790399239179,HpDrvPre.sys,19128
100581,1790399239179,MpCmdRun.log,20856
100581,1790399239195,MpSigStub.log,7992
100581,1790399239195,SYS32_Hardware.exe,32671232
101111,1790399239710,HpDrvPre.sys,19128
101111,1790399239710,MpCmdRun.log,20856
101111,1790399239726,MpSigStub.log,7992
101111,1790399239726,SYS32_Hardware.exe,32671232
101658,1790399240257,HpDrvPre.sys,19128
101658,1790399240257,MpCmdRun.log,20856
101658,1790399240273,MpSigStub.log,7992
101658,1790399240273,SYS32_Hardware.exe,32671232
102205,1790399240804,HpDrvPre.sys,19128
102205,1790399240804,MpCmdRun.log,20856
102205,1790399240804,MpSigStub.log,7992
102205,1790399240820,SYS32_Hardware.exe,32671232
102753,1790399241351,HpDrvPre.sys,19128
102753,1790399241351,MpCmdRun.log,20856
102753,1790399241351,MpSigStub.log,7992
102753,1790399241366,SYS32_Hardware.exe,32671232
103299,1790399241898,HpDrvPre.sys,19128
103299,1790399241898,MpCmdRun.log,20856
103299,1790399241898,MpSigStub.log,7992
103299,1790399241913,SYS32_Hardware.exe,32671232
103846,1790399242445,HpDrvPre.sys,19128
103846,1790399242445,MpCmdRun.log,20856
103846,1790399242445,MpSigStub.log,7992
103846,1790399242460,SYS32_Hardware.exe,32671232
104393,1790399242991,HpDrvPre.sys,19128
104393,1790399242991,MpCmdRun.log,20856
104393,1790399242991,MpSigStub.log,7992
104393,1790399243007,SYS32_Hardware.exe,32671232
104940,1790399243538,HpDrvPre.sys,19128
104940,1790399243538,MpCmdRun.log,20856
104940,1790399243538,MpSigStub.log,7992
104940,1790399243554,SYS32_Hardware.exe,32671232
105487,1790399244085,HpDrvPre.sys,19128
105487,1790399244085,MpCmdRun.log,20856
105487,1790399244085,MpSigStub.log,7992
105487,1790399244101,SYS32_Hardware.exe,32671232
106033,1790399244632,HpDrvPre.sys,19128
106033,1790399244632,MpCmdRun.log,20856
106033,1790399244632,MpSigStub.log,7992
106033,1790399244648,SYS32_Hardware.exe,32671232
106596,1790399245195,HpDrvPre.sys,19128
106596,1790399245195,MpCmdRun.log,20856
106596,1790399245210,MpSigStub.log,7992
106596,1790399245226,SYS32_Hardware.exe,32671232
107143,1790399245741,HpDrvPre.sys,19128
107143,1790399245741,MpCmdRun.log,20856
107143,1790399245757,MpSigStub.log,7992
107143,1790399245757,SYS32_Hardware.exe,32671232
107674,1790399246273,HpDrvPre.sys,19128
107674,1790399246273,MpCmdRun.log,20856
107674,1790399246288,MpSigStub.log,7992
107674,1790399246304,SYS32_Hardware.exe,32671232
108221,1790399246820,HpDrvPre.sys,19128
108221,1790399246820,MpCmdRun.log,20856
108221,1790399246820,MpSigStub.log,7992
108221,1790399246835,SYS32_Hardware.exe,32671232
108768,1790399247366,HpDrvPre.sys,19128
108768,1790399247366,MpCmdRun.log,20856
108768,1790399247366,MpSigStub.log,7992
108768,1790399247382,SYS32_Hardware.exe,32671232
109299,1790399247898,HpDrvPre.sys,19128
109299,1790399247898,MpCmdRun.log,20856
109299,1790399247898,MpSigStub.log,7992
109299,1790399247913,SYS32_Hardware.exe,32671232
109830,1790399248429,HpDrvPre.sys,19128
109830,1790399248429,MpCmdRun.log,20856
109830,1790399248429,MpSigStub.log,7992
109830,1790399248445,SYS32_Hardware.exe,32671232
110361,1790399248960,HpDrvPre.sys,19128
110361,1790399248960,MpCmdRun.log,20856
110361,1790399248960,MpSigStub.log,7992
110361,1790399248976,SYS32_Hardware.exe,32671232
110908,1790399249507,HpDrvPre.sys,19128
110908,1790399249507,MpCmdRun.log,20856
110908,1790399249523,MpSigStub.log,7992
110908,1790399249523,SYS32_Hardware.exe,32671232
111424,1790399250023,HpDrvPre.sys,19128
111424,1790399250023,MpCmdRun.log,20856
111424,1790399250054,MpSigStub.log,7992
111424,1790399250070,SYS32_Hardware.exe,32671232
112002,1790399250601,HpDrvPre.sys,19128
112002,1790399250601,MpCmdRun.log,20856
112002,1790399250601,MpSigStub.log,7992
112002,1790399250616,SYS32_Hardware.exe,32671232
112549,1790399251148,HpDrvPre.sys,19128
112549,1790399251148,MpCmdRun.log,20856
112549,1790399251163,MpSigStub.log,7992
112549,1790399251163,SYS32_Hardware.exe,32671232
113112,1790399251710,HpDrvPre.sys,19128
113112,1790399251710,MpCmdRun.log,20856
113112,1790399251710,MpSigStub.log,7992
113112,1790399251726,SYS32_Hardware.exe,32671232
113658,1790399252257,HpDrvPre.sys,19128
113658,1790399252257,MpCmdRun.log,20856
113658,1790399252273,MpSigStub.log,7992
113658,1790399252288,SYS32_Hardware.exe,32671232
114191,1790399252788,HpDrvPre.sys,19128
114191,1790399252804,MpCmdRun.log,20856
114191,1790399252804,MpSigStub.log,7992
114191,1790399252820,SYS32_Hardware.exe,32671232
114736,1790399253335,HpDrvPre.sys,19128
114736,1790399253335,MpCmdRun.log,20856
114736,1790399253351,MpSigStub.log,7992
114736,1790399253351,SYS32_Hardware.exe,32671232
115271,1790399253866,HpDrvPre.sys,19128
115271,1790399253866,MpCmdRun.log,20856
115271,1790399253882,MpSigStub.log,7992
115271,1790399253882,SYS32_Hardware.exe,32671232
115799,1790399254398,HpDrvPre.sys,19128
115799,1790399254398,MpCmdRun.log,20856
115799,1790399254398,MpSigStub.log,7992
115799,1790399254413,SYS32_Hardware.exe,32671232
116330,1790399254929,HpDrvPre.sys,19128
116330,1790399254929,MpCmdRun.log,20856
116330,1790399254929,MpSigStub.log,7992
116330,1790399254945,SYS32_Hardware.exe,32671232
116894,1790399255491,HpDrvPre.sys,19128
116894,1790399255491,MpCmdRun.log,20856
116894,1790399255507,MpSigStub.log,7992
116894,1790399255507,SYS32_Hardware.exe,32671232
117440,1790399256038,HpDrvPre.sys,19128
117440,1790399256038,MpCmdRun.log,20856
117440,1790399256038,MpSigStub.log,7992
117440,1790399256054,SYS32_Hardware.exe,32671232
117971,1790399256570,HpDrvPre.sys,19128
117971,1790399256585,MpCmdRun.log,20856
117971,1790399256585,MpSigStub.log,7992
117971,1790399256601,SYS32_Hardware.exe,32671232
118534,1790399257132,HpDrvPre.sys,19128
118534,1790399257132,MpCmdRun.log,20856
118534,1790399257148,MpSigStub.log,7992
118534,1790399257148,SYS32_Hardware.exe,32671232
119096,1790399257695,HpDrvPre.sys,19128
119096,1790399257695,MpCmdRun.log,20856
119096,1790399257710,MpSigStub.log,7992
119096,1790399257710,SYS32_Hardware.exe,32671232
119643,1790399258242,HpDrvPre.sys,19128
119643,1790399258242,MpCmdRun.log,20856
119643,1790399258257,MpSigStub.log,7992
119643,1790399258257,SYS32_Hardware.exe,32671232
120191,1790399258788,HpDrvPre.sys,19128
120191,1790399258788,MpCmdRun.log,20856
120191,1790399258804,MpSigStub.log,7992
120191,1790399258820,SYS32_Hardware.exe,32671232
120753,1790399259351,HpDrvPre.sys,19128
120753,1790399259351,MpCmdRun.log,20856
120753,1790399259366,MpSigStub.log,7992
120753,1790399259366,SYS32_Hardware.exe,32671232
121284,1790399259882,HpDrvPre.sys,19128
121284,1790399259882,MpCmdRun.log,20856
121284,1790399259913,MpSigStub.log,7992
121284,1790399259929,SYS32_Hardware.exe,32671232
121831,1790399260429,HpDrvPre.sys,19128
121831,1790399260445,MpCmdRun.log,20856
121831,1790399260445,MpSigStub.log,7992
121831,1790399260460,SYS32_Hardware.exe,32671232
122393,1790399260991,HpDrvPre.sys,19128
122393,1790399260991,MpCmdRun.log,20856
122393,1790399261007,MpSigStub.log,7992
122393,1790399261023,SYS32_Hardware.exe,32671232
122956,1790399261554,HpDrvPre.sys,19128
122956,1790399261554,MpCmdRun.log,20856
122956,1790399261585,MpSigStub.log,7992
122956,1790399261585,SYS32_Hardware.exe,32671232
123520,1790399262116,HpDrvPre.sys,19128
123520,1790399262116,MpCmdRun.log,20856
123520,1790399262132,MpSigStub.log,7992
123520,1790399262148,SYS32_Hardware.exe,32671232
124096,1790399262695,HpDrvPre.sys,19128
124096,1790399262695,MpCmdRun.log,20856
124096,1790399262710,MpSigStub.log,7992
124096,1790399262726,SYS32_Hardware.exe,32671232
124675,1790399263273,HpDrvPre.sys,19128
124675,1790399263273,MpCmdRun.log,20856
124675,1790399263288,MpSigStub.log,7992
124675,1790399263304,SYS32_Hardware.exe,32671232
125205,1790399263804,HpDrvPre.sys,19128
125205,1790399263804,MpCmdRun.log,20856
125205,1790399263820,MpSigStub.log,7992
125205,1790399263835,SYS32_Hardware.exe,32671232
125769,1790399264366,HpDrvPre.sys,19128
125769,1790399264366,MpCmdRun.log,20856
125769,1790399264382,MpSigStub.log,7992
125769,1790399264398,SYS32_Hardware.exe,32671232
126330,1790399264929,HpDrvPre.sys,19128
126330,1790399264929,MpCmdRun.log,20856
126330,1790399264945,MpSigStub.log,7992
126330,1790399264960,SYS32_Hardware.exe,32671232
126909,1790399265507,HpDrvPre.sys,19128
126909,1790399265507,MpCmdRun.log,20856
126909,1790399265523,MpSigStub.log,7992
126909,1790399265538,SYS32_Hardware.exe,32671232
127456,1790399266054,HpDrvPre.sys,19128
127456,1790399266054,MpCmdRun.log,20856
127456,1790399266070,MpSigStub.log,7992
127456,1790399266085,SYS32_Hardware.exe,32671232
128004,1790399266601,HpDrvPre.sys,19128
128004,1790399266601,MpCmdRun.log,20856
128004,1790399266616,MpSigStub.log,7992
128004,1790399266632,SYS32_Hardware.exe,32671232
128580,1790399267179,HpDrvPre.sys,19128
128580,1790399267179,MpCmdRun.log,20856
128580,1790399267195,MpSigStub.log,7992
128580,1790399267195,SYS32_Hardware.exe,32671232
129112,1790399267710,HpDrvPre.sys,19128
129112,1790399267710,MpCmdRun.log,20856
129112,1790399267741,MpSigStub.log,7992
129112,1790399267741,SYS32_Hardware.exe,32671232
129658,1790399268257,HpDrvPre.sys,19128
129658,1790399268257,MpCmdRun.log,20856
129658,1790399268257,MpSigStub.log,7992
129658,1790399268273,SYS32_Hardware.exe,32671232
130190,1790399268788,HpDrvPre.sys,19128
130190,1790399268788,MpCmdRun.log,20856
130190,1790399268804,MpSigStub.log,7992
130190,1790399268820,SYS32_Hardware.exe,32671232
130753,1790399269351,HpDrvPre.sys,19128
130753,1790399269366,MpCmdRun.log,20856
130753,1790399269366,MpSigStub.log,7992
130753,1790399269382,SYS32_Hardware.exe,32671232
131299,1790399269898,HpDrvPre.sys,19128
131299,1790399269898,MpCmdRun.log,20856
131299,1790399269929,MpSigStub.log,7992
131299,1790399269929,SYS32_Hardware.exe,32671232
131862,1790399270460,HpDrvPre.sys,19128
131862,1790399270460,MpCmdRun.log,20856
131862,1790399270476,MpSigStub.log,7992
131862,1790399270491,SYS32_Hardware.exe,32671232
132410,1790399271007,HpDrvPre.sys,19128
132410,1790399271023,MpCmdRun.log,20856
132410,1790399271054,MpSigStub.log,7992
132410,1790399271085,SYS32_Hardware.exe,32671232
133065,1790399271663,HpDrvPre.sys,19128
133065,1790399271663,MpCmdRun.log,20856
133065,1790399271663,MpSigStub.log,7992
133065,1790399271695,SYS32_Hardware.exe,32671232
133612,1790399272210,HpDrvPre.sys,19128
133612,1790399272210,MpCmdRun.log,20856
133612,1790399272226,MpSigStub.log,7992
133612,1790399272241,SYS32_Hardware.exe,32671232
134143,1790399272741,HpDrvPre.sys,19128
134143,1790399272741,MpCmdRun.log,20856
134143,1790399272757,MpSigStub.log,7992
134143,1790399272773,SYS32_Hardware.exe,32671232
134705,1790399273304,HpDrvPre.sys,19128
134705,1790399273304,MpCmdRun.log,20856
134705,1790399273304,MpSigStub.log,7992
134705,1790399273320,SYS32_Hardware.exe,32671232
135236,1790399273835,HpDrvPre.sys,19128
135236,1790399273835,MpCmdRun.log,20856
135236,1790399273835,MpSigStub.log,7992
135236,1790399273851,SYS32_Hardware.exe,32671232
135768,1790399274366,HpDrvPre.sys,19128
135768,1790399274366,MpCmdRun.log,20856
135768,1790399274382,MpSigStub.log,7992
135768,1790399274382,SYS32_Hardware.exe,32671232
136299,1790399274898,HpDrvPre.sys,19128
136299,1790399274898,MpCmdRun.log,20856
136299,1790399274913,MpSigStub.log,7992
136299,1790399274929,SYS32_Hardware.exe,32671232
136846,1790399275445,HpDrvPre.sys,19128
136846,1790399275445,MpCmdRun.log,20856
136846,1790399275445,MpSigStub.log,7992
136846,1790399275460,SYS32_Hardware.exe,32671232
137394,1790399275991,HpDrvPre.sys,19128
137394,1790399275991,MpCmdRun.log,20856
137394,1790399276007,MpSigStub.log,7992
137394,1790399276007,SYS32_Hardware.exe,32671232
137924,1790399276523,HpDrvPre.sys,19128
137924,1790399276523,MpCmdRun.log,20856
137924,1790399276523,MpSigStub.log,7992
137924,1790399276538,SYS32_Hardware.exe,32671232
138471,1790399277070,HpDrvPre.sys,19128
138471,1790399277070,MpCmdRun.log,20856
138471,1790399277070,MpSigStub.log,7992
138471,1790399277085,SYS32_Hardware.exe,32671232
139018,1790399277616,HpDrvPre.sys,19128
139018,1790399277616,MpCmdRun.log,20856
139018,1790399277616,MpSigStub.log,7992
139018,1790399277632,SYS32_Hardware.exe,32671232
139533,1790399278132,HpDrvPre.sys,19128
139533,1790399278132,MpCmdRun.log,20856
139533,1790399278132,MpSigStub.log,7992
139533,1790399278148,SYS32_Hardware.exe,32671232
140049,1790399278648,HpDrvPre.sys,19128
140049,1790399278648,MpCmdRun.log,20856
140049,1790399278648,MpSigStub.log,7992
140049,1790399278663,SYS32_Hardware.exe,32671232
140597,1790399279195,HpDrvPre.sys,19128
140597,1790399279195,MpCmdRun.log,20856
140597,1790399279210,MpSigStub.log,7992
140597,1790399279210,SYS32_Hardware.exe,32671232
141128,1790399279726,HpDrvPre.sys,19128
141128,1790399279726,MpCmdRun.log,20856
141128,1790399279726,MpSigStub.log,7992
141128,1790399279742,SYS32_Hardware.exe,32671232
141659,1790399280258,HpDrvPre.sys,19128
141659,1790399280258,MpCmdRun.log,20856
141659,1790399280258,MpSigStub.log,7992
141659,1790399280273,SYS32_Hardware.exe,32671232
142190,1790399280789,HpDrvPre.sys,19128
142190,1790399280789,MpCmdRun.log,20856
142190,1790399280789,MpSigStub.log,7992
142190,1790399280805,SYS32_Hardware.exe,32671232
142722,1790399281320,HpDrvPre.sys,19128
142722,1790399281320,MpCmdRun.log,20856
142722,1790399281320,MpSigStub.log,7992
142722,1790399281336,SYS32_Hardware.exe,32671232
143253,1790399281851,HpDrvPre.sys,19128
143253,1790399281851,MpCmdRun.log,20856
143253,1790399281851,MpSigStub.log,7992
143253,1790399281867,SYS32_Hardware.exe,32671232
143768,1790399282367,HpDrvPre.sys,19128
143768,1790399282367,MpCmdRun.log,20856
143768,1790399282383,MpSigStub.log,7992
143768,1790399282383,SYS32_Hardware.exe,32671232
144300,1790399282898,HpDrvPre.sys,19128
144300,1790399282898,MpCmdRun.log,20856
144300,1790399282898,MpSigStub.log,7992
144300,1790399282914,SYS32_Hardware.exe,32671232
144846,1790399283445,HpDrvPre.sys,19128
144846,1790399283445,MpCmdRun.log,20856
144846,1790399283445,MpSigStub.log,7992
144846,1790399283461,SYS32_Hardware.exe,32671232
145378,1790399283976,HpDrvPre.sys,19128
145378,1790399283976,MpCmdRun.log,20856
145378,1790399283992,MpSigStub.log,7992
145378,1790399284008,SYS32_Hardware.exe,32671232
145909,1790399284508,HpDrvPre.sys,19128
145909,1790399284508,MpCmdRun.log,20856
145909,1790399284508,MpSigStub.log,7992
145909,1790399284523,SYS32_Hardware.exe,32671232
146425,1790399285023,HpDrvPre.sys,19128
146425,1790399285023,MpCmdRun.log,20856
146425,1790399285023,MpSigStub.log,7992
146425,1790399285039,SYS32_Hardware.exe,32671232
146956,1790399285555,HpDrvPre.sys,19128
146956,1790399285555,MpCmdRun.log,20856
146956,1790399285555,MpSigStub.log,7992
146956,1790399285570,SYS32_Hardware.exe,32671232
147487,1790399286086,HpDrvPre.sys,19128
147487,1790399286086,MpCmdRun.log,20856
147487,1790399286101,MpSigStub.log,7992
147487,1790399286101,SYS32_Hardware.exe,32671232
148018,1790399286617,HpDrvPre.sys,19128
148018,1790399286617,MpCmdRun.log,20856
148018,1790399286633,MpSigStub.log,7992
148018,1790399286648,SYS32_Hardware.exe,32671232
148566,1790399287164,HpDrvPre.sys,19128
148566,1790399287164,MpCmdRun.log,20856
148566,1790399287164,MpSigStub.log,7992
148566,1790399287180,SYS32_Hardware.exe,32671232
149096,1790399287695,HpDrvPre.sys,19128
149096,1790399287695,MpCmdRun.log,20856
149096,1790399287695,MpSigStub.log,7992
149096,1790399287711,SYS32_Hardware.exe,32671232
149628,1790399288226,HpDrvPre.sys,19128
149628,1790399288226,MpCmdRun.log,20856
149628,1790399288226,MpSigStub.log,7992
149628,1790399288242,SYS32_Hardware.exe,32671232
150167,1790399288851,HpDrvPre.sys,19128
150167,1790399288992,MpCmdRun.log,20856
150167,1790399289039,MpSigStub.log,7992
150167,1790399289211,SYS32_Hardware.exe,32671232
151222,1790399289820,HpDrvPre.sys,19128
151222,1790399289820,MpCmdRun.log,20856
151222,1790399289820,MpSigStub.log,7992
151222,1790399289836,SYS32_Hardware.exe,32671232
151754,1790399290352,HpDrvPre.sys,19128
151754,1790399290352,MpCmdRun.log,20856
151754,1790399290367,MpSigStub.log,7992
151754,1790399290367,SYS32_Hardware.exe,32671232
152287,1790399290914,HpDrvPre.sys,19128
152287,1790399290914,MpCmdRun.log,20856
152287,1790399290914,MpSigStub.log,7992
152287,1790399290930,SYS32_Hardware.exe,32671232
152862,1790399291461,HpDrvPre.sys,19128
152862,1790399291461,MpCmdRun.log,20856
152862,1790399291476,MpSigStub.log,7992
152862,1790399291492,SYS32_Hardware.exe,32671232
153393,1790399291992,HpDrvPre.sys,19128
153393,1790399291992,MpCmdRun.log,20856
153393,1790399291992,MpSigStub.log,7992
153393,1790399292008,SYS32_Hardware.exe,32671232
153909,1790399292508,HpDrvPre.sys,19128
153909,1790399292508,MpCmdRun.log,20856
153909,1790399292523,MpSigStub.log,7992
153909,1790399292539,SYS32_Hardware.exe,32671232
154440,1790399293039,HpDrvPre.sys,19128
154440,1790399293039,MpCmdRun.log,20856
154440,1790399293039,MpSigStub.log,7992
154440,1790399293055,SYS32_Hardware.exe,32671232
154988,1790399293586,HpDrvPre.sys,19128
154988,1790399293586,MpCmdRun.log,20856
154988,1790399293601,MpSigStub.log,7992
154988,1790399293601,SYS32_Hardware.exe,32671232
155519,1790399294117,HpDrvPre.sys,19128
155519,1790399294117,MpCmdRun.log,20856
155519,1790399294117,MpSigStub.log,7992
155519,1790399294133,SYS32_Hardware.exe,32671232
156034,1790399294633,HpDrvPre.sys,19128
156034,1790399294633,MpCmdRun.log,20856
156034,1790399294633,MpSigStub.log,7992
156034,1790399294648,SYS32_Hardware.exe,32671232
156598,1790399295195,HpDrvPre.sys,19128
156598,1790399295195,MpCmdRun.log,20856
156598,1790399295242,MpSigStub.log,7992
156598,1790399295258,SYS32_Hardware.exe,32671232
157191,1790399295789,HpDrvPre.sys,19128
157191,1790399295789,MpCmdRun.log,20856
157191,1790399295789,MpSigStub.log,7992
157191,1790399295805,SYS32_Hardware.exe,32671232
157722,1790399296320,HpDrvPre.sys,19128
157722,1790399296320,MpCmdRun.log,20856
157722,1790399296336,MpSigStub.log,7992
157722,1790399296336,SYS32_Hardware.exe,32671232
158253,1790399296851,HpDrvPre.sys,19128
158253,1790399296851,MpCmdRun.log,20856
158253,1790399296867,MpSigStub.log,7992
158253,1790399296867,SYS32_Hardware.exe,32671232
158832,1790399297430,HpDrvPre.sys,19128
158832,1790399297430,MpCmdRun.log,20856
158832,1790399297445,MpSigStub.log,7992
158832,1790399297445,SYS32_Hardware.exe,32671232
159363,1790399297961,HpDrvPre.sys,19128
159363,1790399297961,MpCmdRun.log,20856
159363,1790399297976,MpSigStub.log,7992
159363,1790399297992,SYS32_Hardware.exe,32671232
159909,1790399298508,HpDrvPre.sys,19128
159909,1790399298508,MpCmdRun.log,20856
159909,1790399298523,MpSigStub.log,7992
159909,1790399298523,SYS32_Hardware.exe,32671232
160441,1790399299039,HpDrvPre.sys,19128
160441,1790399299039,MpCmdRun.log,20856
160441,1790399299055,MpSigStub.log,7992
160441,1790399299055,SYS32_Hardware.exe,32671232
160987,1790399299586,HpDrvPre.sys,19128
160987,1790399299586,MpCmdRun.log,20856
160987,1790399299601,MpSigStub.log,7992
160987,1790399299601,SYS32_Hardware.exe,32671232
161518,1790399300117,HpDrvPre.sys,19128
161518,1790399300117,MpCmdRun.log,20856
161518,1790399300133,MpSigStub.log,7992
161518,1790399300148,SYS32_Hardware.exe,32671232
162066,1790399300664,HpDrvPre.sys,19128
162066,1790399300664,MpCmdRun.log,20856
162066,1790399300664,MpSigStub.log,7992
162066,1790399300680,SYS32_Hardware.exe,32671232
162614,1790399301211,HpDrvPre.sys,19128
162614,1790399301211,MpCmdRun.log,20856
162614,1790399301211,MpSigStub.log,7992
162614,1790399301242,SYS32_Hardware.exe,32671232
163159,1790399301758,HpDrvPre.sys,19128
163159,1790399301758,MpCmdRun.log,20856
163159,1790399301758,MpSigStub.log,7992
163159,1790399301773,SYS32_Hardware.exe,32671232
163690,1790399302289,HpDrvPre.sys,19128
163690,1790399302289,MpCmdRun.log,20856
163690,1790399302289,MpSigStub.log,7992
163690,1790399302305,SYS32_Hardware.exe,32671232
164223,1790399302820,HpDrvPre.sys,19128
164223,1790399302820,MpCmdRun.log,20856
164223,1790399302836,MpSigStub.log,7992
164223,1790399302836,SYS32_Hardware.exe,32671232
164784,1790399303383,HpDrvPre.sys,19128
164784,1790399303383,MpCmdRun.log,20856
164784,1790399303383,MpSigStub.log,7992
164784,1790399303398,SYS32_Hardware.exe,32671232
165315,1790399303914,HpDrvPre.sys,19128
165315,1790399303914,MpCmdRun.log,20856
165315,1790399303930,MpSigStub.log,7992
165315,1790399303930,SYS32_Hardware.exe,32671232
165862,1790399304461,HpDrvPre.sys,19128
165862,1790399304461,MpCmdRun.log,20856
165862,1790399304461,MpSigStub.log,7992
165862,1790399304476,SYS32_Hardware.exe,32671232
166384,1790399304982,HpDrvPre.sys,19128
166384,1790399305076,MpCmdRun.log,20856
166384,1790399305076,MpSigStub.log,7992
166384,1790399305076,SYS32_Hardware.exe,32671232
167009,1790399305607,HpDrvPre.sys,19128
167009,1790399305607,MpCmdRun.log,20856
167009,1790399305607,MpSigStub.log,7992
167009,1790399305623,SYS32_Hardware.exe,32671232
167540,1790399306139,HpDrvPre.sys,19128
167540,1790399306139,MpCmdRun.log,20856
167540,1790399306139,MpSigStub.log,7992
167540,1790399306139,SYS32_Hardware.exe,32671232
168055,1790399306654,HpDrvPre.sys,19128
168055,1790399306654,MpCmdRun.log,20856
168055,1790399306654,MpSigStub.log,7992
168055,1790399306670,SYS32_Hardware.exe,32671232
168587,1790399307185,HpDrvPre.sys,19128
168587,1790399307185,MpCmdRun.log,20856
168587,1790399307185,MpSigStub.log,7992
168587,1790399307185,SYS32_Hardware.exe,32671232
169102,1790399307701,HpDrvPre.sys,19128
169102,1790399307701,MpCmdRun.log,20856
169102,1790399307701,MpSigStub.log,7992
169102,1790399307701,SYS32_Hardware.exe,32671232
169618,1790399308217,HpDrvPre.sys,19128
169618,1790399308217,MpCmdRun.log,20856
169618,1790399308217,MpSigStub.log,7992
169618,1790399308232,SYS32_Hardware.exe,32671232
170134,1790399308732,HpDrvPre.sys,19128
170134,1790399308732,MpCmdRun.log,20856
170134,1790399308732,MpSigStub.log,7992
170134,1790399308748,SYS32_Hardware.exe,32671232
170666,1790399309264,HpDrvPre.sys,19128
170666,1790399309264,MpCmdRun.log,20856
170666,1790399309264,MpSigStub.log,7992
170666,1790399309279,SYS32_Hardware.exe,32671232
171186,1790399309785,HpDrvPre.sys,19128
171186,1790399309785,MpCmdRun.log,20856
171186,1790399309785,MpSigStub.log,7992
171186,1790399309785,SYS32_Hardware.exe,32671232
171702,1790399310300,HpDrvPre.sys,19128
171702,1790399310300,MpCmdRun.log,20856
171702,1790399310300,MpSigStub.log,7992
171702,1790399310300,SYS32_Hardware.exe,32671232
172217,1790399310816,HpDrvPre.sys,19128
172217,1790399310816,MpCmdRun.log,20856
172217,1790399310816,MpSigStub.log,7992
172217,1790399310832,SYS32_Hardware.exe,32671232
172749,1790399311347,HpDrvPre.sys,19128
172749,1790399311347,MpCmdRun.log,20856
172749,1790399311347,MpSigStub.log,7992
172749,1790399311363,SYS32_Hardware.exe,32671232
173264,1790399311863,HpDrvPre.sys,19128
173264,1790399311863,MpCmdRun.log,20856
173264,1790399311863,MpSigStub.log,7992
173264,1790399311863,SYS32_Hardware.exe,32671232
173780,1790399312379,HpDrvPre.sys,19128
173780,1790399312379,MpCmdRun.log,20856
173780,1790399312379,MpSigStub.log,7992
173780,1790399312394,SYS32_Hardware.exe,32671232
174296,1790399312894,HpDrvPre.sys,19128
174296,1790399312894,MpCmdRun.log,20856
174296,1790399312894,MpSigStub.log,7992
174296,1790399312910,SYS32_Hardware.exe,32671232
174827,1790399313425,HpDrvPre.sys,19128
174827,1790399313425,MpCmdRun.log,20856
174827,1790399313425,MpSigStub.log,7992
174827,1790399313441,SYS32_Hardware.exe,32671232
175358,1790399313957,HpDrvPre.sys,19128
175358,1790399313957,MpCmdRun.log,20856
175358,1790399313957,MpSigStub.log,7992
175358,1790399313972,SYS32_Hardware.exe,32671232
175874,1790399314472,HpDrvPre.sys,19128
175874,1790399314472,MpCmdRun.log,20856
175874,1790399314472,MpSigStub.log,7992
175874,1790399314488,SYS32_Hardware.exe,32671232
176389,1790399314988,HpDrvPre.sys,19128
176389,1790399314988,MpCmdRun.log,20856
176389,1790399314988,MpSigStub.log,7992
176389,1790399315004,SYS32_Hardware.exe,32671232
176920,1790399315519,HpDrvPre.sys,19128
176920,1790399315519,MpCmdRun.log,20856
176920,1790399315519,MpSigStub.log,7992
176920,1790399315535,SYS32_Hardware.exe,32671232
177436,1790399316035,HpDrvPre.sys,19128
177436,1790399316035,MpCmdRun.log,20856
177436,1790399316035,MpSigStub.log,7992
177436,1790399316050,SYS32_Hardware.exe,32671232
177952,1790399316551,HpDrvPre.sys,19128
177952,1790399316551,MpCmdRun.log,20856
177952,1790399316566,MpSigStub.log,7992
177952,1790399316566,SYS32_Hardware.exe,32671232
178483,1790399317097,HpDrvPre.sys,19128
178483,1790399317097,MpCmdRun.log,20856
178483,1790399317097,MpSigStub.log,7992
178483,1790399317113,SYS32_Hardware.exe,32671232
179030,1790399317629,HpDrvPre.sys,19128
179030,1790399317629,MpCmdRun.log,20856
179030,1790399317644,MpSigStub.log,7992
179030,1790399317644,SYS32_Hardware.exe,32671232
179561,1790399318160,HpDrvPre.sys,19128
179561,1790399318160,MpCmdRun.log,20856
179561,1790399318160,MpSigStub.log,7992
179561,1790399318175,SYS32_Hardware.exe,32671232
180077,1790399318675,HpDrvPre.sys,19128
180077,1790399318675,MpCmdRun.log,20856
180077,1790399318675,MpSigStub.log,7992
180077,1790399318691,SYS32_Hardware.exe,32671232
180608,1790399319207,HpDrvPre.sys,19128
180608,1790399319207,MpCmdRun.log,20856
180608,1790399319207,MpSigStub.log,7992
180608,1790399319222,SYS32_Hardware.exe,32671232
181124,1790399319722,HpDrvPre.sys,19128
181124,1790399319722,MpCmdRun.log,20856
181124,1790399319722,MpSigStub.log,7992
181124,1790399319738,SYS32_Hardware.exe,32671232
181655,1790399320254,HpDrvPre.sys,19128
181655,1790399320254,MpCmdRun.log,20856
181655,1790399320269,MpSigStub.log,7992
181655,1790399320269,SYS32_Hardware.exe,32671232
182186,1790399320785,HpDrvPre.sys,19128
182186,1790399320785,MpCmdRun.log,20856
182186,1790399320785,MpSigStub.log,7992
182186,1790399320800,SYS32_Hardware.exe,32671232
182718,1790399321316,HpDrvPre.sys,19128
182718,1790399321316,MpCmdRun.log,20856
182718,1790399321316,MpSigStub.log,7992
182718,1790399321332,SYS32_Hardware.exe,32671232
183249,1790399321863,HpDrvPre.sys,19128
183249,1790399321863,MpCmdRun.log,20856
183249,1790399321863,MpSigStub.log,7992
183249,1790399321879,SYS32_Hardware.exe,32671232
183796,1790399322394,HpDrvPre.sys,19128
183796,1790399322394,MpCmdRun.log,20856
183796,1790399322394,MpSigStub.log,7992
183796,1790399322410,SYS32_Hardware.exe,32671232
184311,1790399322910,HpDrvPre.sys,19128
184311,1790399322910,MpCmdRun.log,20856
184311,1790399322910,MpSigStub.log,7992
184311,1790399322925,SYS32_Hardware.exe,32671232
184843,1790399323441,HpDrvPre.sys,19128
184843,1790399323441,MpCmdRun.log,20856
184843,1790399323441,MpSigStub.log,7992
184843,1790399323457,SYS32_Hardware.exe,32671232
185358,1790399323957,HpDrvPre.sys,19128
185358,1790399323957,MpCmdRun.log,20856
185358,1790399323957,MpSigStub.log,7992
185358,1790399323972,SYS32_Hardware.exe,32671232
185874,1790399324472,HpDrvPre.sys,19128
185874,1790399324472,MpCmdRun.log,20856
185874,1790399324472,MpSigStub.log,7992
185874,1790399324488,SYS32_Hardware.exe,32671232
186389,1790399324988,HpDrvPre.sys,19128
186389,1790399324988,MpCmdRun.log,20856
186389,1790399324988,MpSigStub.log,7992
186389,1790399325004,SYS32_Hardware.exe,32671232
186921,1790399325519,HpDrvPre.sys,19128
186921,1790399325519,MpCmdRun.log,20856
186921,1790399325519,MpSigStub.log,7992
186921,1790399325535,SYS32_Hardware.exe,32671232
187436,1790399326035,HpDrvPre.sys,19128
187436,1790399326035,MpCmdRun.log,20856
187436,1790399326035,MpSigStub.log,7992
187436,1790399326050,SYS32_Hardware.exe,32671232
187952,1790399326551,HpDrvPre.sys,19128
187952,1790399326551,MpCmdRun.log,20856
187952,1790399326551,MpSigStub.log,7992
187952,1790399326566,SYS32_Hardware.exe,32671232
188468,1790399327066,HpDrvPre.sys,19128
188468,1790399327066,MpCmdRun.log,20856
188468,1790399327066,MpSigStub.log,7992
188468,1790399327082,SYS32_Hardware.exe,32671232
188999,1790399327598,HpDrvPre.sys,19128
188999,1790399327598,MpCmdRun.log,20856
188999,1790399327598,MpSigStub.log,7992
188999,1790399327613,SYS32_Hardware.exe,32671232
189515,1790399328113,HpDrvPre.sys,19128
189515,1790399328113,MpCmdRun.log,20856
189515,1790399328113,MpSigStub.log,7992
189515,1790399328129,SYS32_Hardware.exe,32671232
190030,1790399328629,HpDrvPre.sys,19128
190030,1790399328629,MpCmdRun.log,20856
190030,1790399328629,MpSigStub.log,7992
190030,1790399328644,SYS32_Hardware.exe,32671232
190562,1790399329160,HpDrvPre.sys,19128
190562,1790399329160,MpCmdRun.log,20856
190562,1790399329160,MpSigStub.log,7992
190562,1790399329176,SYS32_Hardware.exe,32671232
191093,1790399329691,HpDrvPre.sys,19128
191093,1790399329691,MpCmdRun.log,20856
191093,1790399329691,MpSigStub.log,7992
191093,1790399329707,SYS32_Hardware.exe,32671232
191608,1790399330207,HpDrvPre.sys,19128
191608,1790399330207,MpCmdRun.log,20856
191608,1790399330207,MpSigStub.log,7992
191608,1790399330223,SYS32_Hardware.exe,32671232
192124,1790399330723,HpDrvPre.sys,19128
192124,1790399330723,MpCmdRun.log,20856
192124,1790399330723,MpSigStub.log,7992
192124,1790399330738,SYS32_Hardware.exe,32671232
192655,1790399331254,HpDrvPre.sys,19128
192655,1790399331254,MpCmdRun.log,20856
192655,1790399331254,MpSigStub.log,7992
192655,1790399331269,SYS32_Hardware.exe,32671232
193171,1790399331769,HpDrvPre.sys,19128
193171,1790399331769,MpCmdRun.log,20856
193171,1790399331785,MpSigStub.log,7992
193171,1790399331785,SYS32_Hardware.exe,32671232
193718,1790399332316,HpDrvPre.sys,19128
193718,1790399332316,MpCmdRun.log,20856
193718,1790399332316,MpSigStub.log,7992
193718,1790399332332,SYS32_Hardware.exe,32671232
194234,1790399332832,HpDrvPre.sys,19128
194234,1790399332832,MpCmdRun.log,20856
194234,1790399332832,MpSigStub.log,7992
194234,1790399332848,SYS32_Hardware.exe,32671232
194781,1790399333379,HpDrvPre.sys,19128
194781,1790399333379,MpCmdRun.log,20856
194781,1790399333394,MpSigStub.log,7992
194781,1790399333394,SYS32_Hardware.exe,32671232
195329,1790399333926,HpDrvPre.sys,19128
195329,1790399333926,MpCmdRun.log,20856
195329,1790399333941,MpSigStub.log,7992
195329,1790399333957,SYS32_Hardware.exe,32671232
195858,1790399334457,HpDrvPre.sys,19128
195858,1790399334457,MpCmdRun.log,20856
195858,1790399334457,MpSigStub.log,7992
195858,1790399334473,SYS32_Hardware.exe,32671232
196374,1790399334973,HpDrvPre.sys,19128
196374,1790399334988,MpCmdRun.log,20856
196374,1790399334988,MpSigStub.log,7992
196374,1790399335004,SYS32_Hardware.exe,32671232
196921,1790399335519,HpDrvPre.sys,19128
196921,1790399335519,MpCmdRun.log,20856
196921,1790399335519,MpSigStub.log,7992
196921,1790399335535,SYS32_Hardware.exe,32671232
197452,1790399336051,HpDrvPre.sys,19128
197452,1790399336051,MpCmdRun.log,20856
197452,1790399336051,MpSigStub.log,7992
197452,1790399336066,SYS32_Hardware.exe,32671232
197983,1790399336582,HpDrvPre.sys,19128
197983,1790399336582,MpCmdRun.log,20856
197983,1790399336582,MpSigStub.log,7992
197983,1790399336613,SYS32_Hardware.exe,32671232
198651,1790399337254,HpDrvPre.sys,19128
198651,1790399337519,MpCmdRun.log,20856
198651,1790399337973,MpSigStub.log,7992
198651,1790399338019,SYS32_Hardware.exe,32671232
200021,1790399338613,HpDrvPre.sys,19128
200021,1790399338660,MpCmdRun.log,20856
200021,1790399338691,MpSigStub.log,7992
200021,1790399338863,SYS32_Hardware.exe,32671232
200984,1790399339582,HpDrvPre.sys,19128
200984,1790399339582,MpCmdRun.log,20856
200984,1790399339582,MpSigStub.log,7992
200984,1790399339598,SYS32_Hardware.exe,32671232
201515,1790399340113,HpDrvPre.sys,19128
201515,1790399340113,MpCmdRun.log,20856
201515,1790399340113,MpSigStub.log,7992
201515,1790399340129,SYS32_Hardware.exe,32671232
202046,1790399340644,HpDrvPre.sys,19128
202046,1790399340644,MpCmdRun.log,20856
202046,1790399340644,MpSigStub.log,7992
202046,1790399340660,SYS32_Hardware.exe,32671232
202593,1790399341191,HpDrvPre.sys,19128
202593,1790399341191,MpCmdRun.log,20856
202593,1790399341191,MpSigStub.log,7992
202593,1790399341207,SYS32_Hardware.exe,32671232
203124,1790399341723,HpDrvPre.sys,19128
203124,1790399341723,MpCmdRun.log,20856
203124,1790399341723,MpSigStub.log,7992
203124,1790399341738,SYS32_Hardware.exe,32671232
203656,1790399342254,HpDrvPre.sys,19128
203656,1790399342254,MpCmdRun.log,20856
203656,1790399342269,MpSigStub.log,7992
203656,1790399342269,SYS32_Hardware.exe,32671232
204187,1790399342785,HpDrvPre.sys,19128
204187,1790399342785,MpCmdRun.log,20856
204187,1790399342801,MpSigStub.log,7992
204187,1790399342801,SYS32_Hardware.exe,32671232
204797,1790399343394,HpDrvPre.sys,19128
204797,1790399343426,MpCmdRun.log,20856
204797,1790399343473,MpSigStub.log,7992
204797,1790399343504,SYS32_Hardware.exe,32671232
205499,1790399344098,HpDrvPre.sys,19128
205499,1790399344098,MpCmdRun.log,20856
205499,1790399344113,MpSigStub.log,7992
205499,1790399344129,SYS32_Hardware.exe,32671232
206046,1790399344645,HpDrvPre.sys,19128
206046,1790399344645,MpCmdRun.log,20856
206046,1790399344660,MpSigStub.log,7992
206046,1790399344660,SYS32_Hardware.exe,32671232
206593,1790399345207,HpDrvPre.sys,19128
206593,1790399345207,MpCmdRun.log,20856
206593,1790399345223,MpSigStub.log,7992
206593,1790399345223,SYS32_Hardware.exe,32671232
207139,1790399345738,HpDrvPre.sys,19128
207139,1790399345738,MpCmdRun.log,20856
207139,1790399345754,MpSigStub.log,7992
207139,1790399345754,SYS32_Hardware.exe,32671232
207686,1790399346285,HpDrvPre.sys,19128
207686,1790399346285,MpCmdRun.log,20856
207686,1790399346285,MpSigStub.log,7992
207686,1790399346301,SYS32_Hardware.exe,32671232
208218,1790399346816,HpDrvPre.sys,19128
208218,1790399346816,MpCmdRun.log,20856
208218,1790399346816,MpSigStub.log,7992
208218,1790399346832,SYS32_Hardware.exe,32671232
208765,1790399347363,HpDrvPre.sys,19128
208765,1790399347363,MpCmdRun.log,20856
208765,1790399347379,MpSigStub.log,7992
208765,1790399347379,SYS32_Hardware.exe,32671232
209298,1790399347895,HpDrvPre.sys,19128
209298,1790399347895,MpCmdRun.log,20856
209298,1790399347910,MpSigStub.log,7992
209298,1790399347910,SYS32_Hardware.exe,32671232
209829,1790399348426,HpDrvPre.sys,19128
209829,1790399348426,MpCmdRun.log,20856
209829,1790399348426,MpSigStub.log,7992
209829,1790399348441,SYS32_Hardware.exe,32671232
210359,1790399348957,HpDrvPre.sys,19128
210359,1790399348957,MpCmdRun.log,20856
210359,1790399348973,MpSigStub.log,7992
210359,1790399348973,SYS32_Hardware.exe,32671232
210905,1790399349504,HpDrvPre.sys,19128
210905,1790399349504,MpCmdRun.log,20856
210905,1790399349504,MpSigStub.log,7992
210905,1790399349519,SYS32_Hardware.exe,32671232
211421,1790399350020,HpDrvPre.sys,19128
211421,1790399350020,MpCmdRun.log,20856
211421,1790399350020,MpSigStub.log,7992
211421,1790399350035,SYS32_Hardware.exe,32671232
211937,1790399350535,HpDrvPre.sys,19128
211937,1790399350535,MpCmdRun.log,20856
211937,1790399350535,MpSigStub.log,7992
211937,1790399350551,SYS32_Hardware.exe,32671232
212469,1790399351066,HpDrvPre.sys,19128
212469,1790399351066,MpCmdRun.log,20856
212469,1790399351066,MpSigStub.log,7992
212469,1790399351098,SYS32_Hardware.exe,32671232
213047,1790399351644,HpDrvPre.sys,19128
213047,1790399351644,MpCmdRun.log,20856
213047,1790399351660,MpSigStub.log,7992
213047,1790399351676,SYS32_Hardware.exe,32671232
213608,1790399352207,HpDrvPre.sys,19128
213608,1790399352207,MpCmdRun.log,20856
213608,1790399352207,MpSigStub.log,7992
213608,1790399352223,SYS32_Hardware.exe,32671232
214158,1790399352754,HpDrvPre.sys,19128
214158,1790399352769,MpCmdRun.log,20856
214158,1790399352785,MpSigStub.log,7992
214158,1790399352801,SYS32_Hardware.exe,32671232
214749,1790399353348,HpDrvPre.sys,19128
214749,1790399353348,MpCmdRun.log,20856
214749,1790399353348,MpSigStub.log,7992
214749,1790399353363,SYS32_Hardware.exe,32671232
215280,1790399353879,HpDrvPre.sys,19128
215280,1790399353879,MpCmdRun.log,20856
215280,1790399353879,MpSigStub.log,7992
215280,1790399353894,SYS32_Hardware.exe,32671232
215814,1790399354410,HpDrvPre.sys,19128
215814,1790399354410,MpCmdRun.log,20856
215814,1790399354441,MpSigStub.log,7992
215814,1790399354457,SYS32_Hardware.exe,32671232
216392,1790399354988,HpDrvPre.sys,19128
216392,1790399354988,MpCmdRun.log,20856
216392,1790399355004,MpSigStub.log,7992
216392,1790399355051,SYS32_Hardware.exe,32671232
218399,1790399357004,HpDrvPre.sys,19128
218399,1790399357004,MpCmdRun.log,20856
218399,1790399357004,MpSigStub.log,7992
218399,1790399357019,SYS32_Hardware.exe,32671232
219014,1790399357613,HpDrvPre.sys,19128
219014,1790399357613,MpCmdRun.log,20856
219014,1790399357613,MpSigStub.log,7992
219014,1790399357629,SYS32_Hardware.exe,32671232
219531,1790399358129,HpDrvPre.sys,19128
219531,1790399358129,MpCmdRun.log,20856
219531,1790399358129,MpSigStub.log,7992
219531,1790399358144,SYS32_Hardware.exe,32671232
220094,1790399358691,HpDrvPre.sys,19128
220094,1790399358738,MpCmdRun.log,20856
220094,1790399358785,MpSigStub.log,7992
220094,1790399358894,SYS32_Hardware.exe,32671232
220875,1790399359473,HpDrvPre.sys,19128
220875,1790399359504,MpCmdRun.log,20856
220875,1790399359519,MpSigStub.log,7992
220875,1790399359629,SYS32_Hardware.exe,32671232
221579,1790399360176,HpDrvPre.sys,19128
221579,1790399360176,MpCmdRun.log,20856
221579,1790399360191,MpSigStub.log,7992
221579,1790399360223,SYS32_Hardware.exe,32671232
222148,1790399360738,HpDrvPre.sys,19128
222148,1790399360769,MpCmdRun.log,20856
222148,1790399360785,MpSigStub.log,7992
222148,1790399360816,SYS32_Hardware.exe,32671232
222948,1790399361566,HpDrvPre.sys,19128
222948,1790399361582,MpCmdRun.log,20856
222948,1790399361598,MpSigStub.log,7992
222948,1790399361660,SYS32_Hardware.exe,32671232
