owner_func	reader_addr	global	instruction
0x1407a3080	0x1407a30b2	0x141154ced g1==1	cmp dword ptr [rip + 0x9b1c34], 1
0x1407a3080	0x1407a30bb	0x141154cf1 g2==1	cmp dword ptr [rip + 0x9b1c2f], 1
0x1407a3080	0x1407a30c4	0x141154ae7 g3!=0	cmp byte ptr [rip + 0x9b1a1c], 0
0x1407a3080	0x1407a30cd	0x141154ce9 g4!=0	cmp dword ptr [rip + 0x9b1c15], 0
0x1407a3080	0x1407a320e	0x141154ae7 g3!=0	lea rcx, [rip + 0x9b18d2]
0x1407a3080	0x1407a320f	0x141154ae7 g3!=0	lea ecx, [rip + 0x9b18d2]
0x1407a3510	0x1407a354f	0x141154ced g1==1	cmp dword ptr [rip + 0x9b1797], 1
0x1407a3510	0x1407a3558	0x141154cf1 g2==1	cmp dword ptr [rip + 0x9b1792], 1
0x1407a3510	0x1407a3561	0x141154ae7 g3!=0	movzx eax, byte ptr [rip + 0x9b157f]
0x1407a3510	0x1407a356c	0x141154ce9 g4!=0	mov ecx, dword ptr [rip + 0x9b1777]
0x1407a3510	0x1407a4700	0x141154ced g1==1	cmp dword ptr [rip + 0x9b05e6], 1
0x1407a3510	0x1407a470d	0x141154cf1 g2==1	cmp dword ptr [rip + 0x9b05dd], 1
0x1407a3510	0x1407a471a	0x141154ce9 g4!=0	mov ecx, dword ptr [rip + 0x9b05c9]
0x1407a3510	0x1407a4720	0x141154ae7 g3!=0	movzx eax, byte ptr [rip + 0x9b03c0]
0x1407a4b90	0x1407a69fd	0x141154ced g1==1	cmp dword ptr [rip + 0x9ae2ea], esi
0x1407a4b90	0x1407a6a05	0x141154cf1 g2==1	cmp dword ptr [rip + 0x9ae2e6], esi
0x1407a4b90	0x1407a6a0d	0x141154ae7 g3!=0	cmp byte ptr [rip + 0x9ae0d3], r14b
0x1407a4b90	0x1407a6a0e	0x141154ae7 g3!=0	cmp byte ptr [rip + 0x9ae0d3], dh
0x1407a4b90	0x1407a6a16	0x141154ce9 g4!=0	cmp dword ptr [rip + 0x9ae2cc], r14d
0x1407a4b90	0x1407a6a17	0x141154ce9 g4!=0	cmp dword ptr [rip + 0x9ae2cc], esi
0x1407a4b90	0x1407a7aec	0x141154ced g1==1	cmp dword ptr [rip + 0x9ad1fa], r11d
0x1407a4b90	0x1407a7aed	0x141154ced g1==1	cmp dword ptr [rip + 0x9ad1fa], ebx
0x1407a4b90	0x1407a7af5	0x141154cf1 g2==1	cmp dword ptr [rip + 0x9ad1f6], ebx
0x1407a4b90	0x1407a7afd	0x141154ae7 g3!=0	cmp byte ptr [rip + 0x9acfe3], r12b
0x1407a4b90	0x1407a7afe	0x141154ae7 g3!=0	cmp byte ptr [rip + 0x9acfe3], ah
0x1407a4b90	0x1407a7b05	0x141154ce9 g4!=0	cmp dword ptr [rip + 0x9ad1dc], r12d
0x1407a4b90	0x1407a7b06	0x141154ce9 g4!=0	cmp dword ptr [rip + 0x9ad1dc], r12d
0x1407a4b90	0x1407a7b07	0x141154ce9 g4!=0	cmp dword ptr [rip + 0x9ad1dc], esp
