caller	callee
0x140001000	0x140001030
0x140001000	0x1407b094c
0x140001030	0x1405d2cd0
0x140001030	0x1407b06b0
0x140001080	0x1405a03e0
0x1400010a0	0x140001080
0x1400010c0	0x140001110
0x1400010c0	0x140001120
0x1400010c0	0x1407b06b0
0x140001120	0x1407d83c8
0x140001140	0x140001170
0x140001140	0x1407b094c
0x140001170	0x1405d2ff0
0x1400011b0	0x1405d3060
0x1400011d0	0x1400011b0
0x1400011f0	0x1407b06d8
0x140001210	0x1407b06d8
0x140001230	0x1407b06d8
0x140001250	0x1407b06d8
0x140001270	0x1407b06d8
0x140001290	0x1407b06d8
0x1400012b0	0x1407b06d8
0x1400012d0	0x1407b06d8
0x1400012f0	0x1407b06d8
0x140001310	0x1407b06d8
0x140001330	0x1407b06d8
0x140001350	0x1407b06d8
0x140001370	0x1407b06d8
0x140001390	0x1407b06d8
0x1400013b0	0x1407b06d8
0x1400013d0	0x1407b06d8
0x1400013f0	0x1407b06d8
0x140001410	0x1407b06d8
0x140001430	0x1407b06d8
0x140001450	0x1407b06d8
0x140001470	0x1407b06d8
0x140001490	0x1407b06d8
0x1400014b0	0x1407b06d8
0x1400014d0	0x1407b06d8
0x1400014f0	0x1407b06d8
0x140001510	0x1407b06d8
0x140001530	0x1407b06d8
0x140001550	0x1407b06d8
0x140001570	0x1407b06d8
0x140001590	0x1407b06d8
0x1400015b0	0x1407b06d8
0x1400015d0	0x1407b06d8
0x1400015f0	0x1407b06d8
0x140001610	0x1407b06d8
0x140001630	0x1407b06d8
0x140001650	0x1407b06d8
0x140001670	0x1407b06d8
0x140001690	0x1407b06d8
0x1400016b0	0x1407b06d8
0x1400016d0	0x1407b06d8
0x1400016f0	0x1407b06d8
0x140001710	0x1407b06d8
0x140001730	0x1407b06d8
0x140001750	0x1407b06d8
0x140001770	0x1407b06d8
0x140001790	0x1407b06d8
0x1400017b0	0x1407b06d8
0x1400017d0	0x1407b06d8
0x1400017f0	0x1407b06d8
0x140001810	0x1407b06d8
0x140001830	0x1407b06d8
0x140001850	0x1407b06d8
0x140001870	0x1407b06d8
0x140001890	0x1407b06d8
0x1400018b0	0x1407b06d8
0x1400018d0	0x1407b06d8
0x1400018f0	0x1407b06d8
0x140001910	0x1407b06d8
0x1400019d0	0x1405d5f80
0x1400019d0	0x1407b06b0
0x1400019d0	0x1407b4700
0x1400019d0	0x1407d8190
0x14001bdf0	0x1405d5f80
0x14001bdf0	0x1407b06b0
0x14001bdf0	0x1407b4700
0x14001bdf0	0x1407d8190
0x14002a6f0	0x1405d5f80
0x14002a6f0	0x1407b06b0
0x14002a6f0	0x1407b4700
0x14002a6f0	0x1407d8190
0x1400431b0	0x1405d5f80
0x1400431b0	0x1407b06b0
0x1400431b0	0x1407b4700
0x1400431b0	0x1407d8190
0x1400487d0	0x1405d5f80
0x1400487d0	0x1407b06b0
0x1400487d0	0x1407b4700
0x1400487d0	0x1407d8190
0x14004ced0	0x1407b06b0
0x14004cf60	0x1405d5f80
0x14004cf60	0x1407b06b0
0x14004cf60	0x1407b4700
0x14004cf60	0x1407d8190
0x14005d9b0	0x1405d5f80
0x14005d9b0	0x1407b06b0
0x14005d9b0	0x1407b4700
0x14005d9b0	0x1407d8190
0x140071530	0x140071560
0x140071530	0x1407b094c
0x1400715d0	0x1400715a0
0x1400715f0	0x1407ac260
0x1400715f0	0x1407b094c
0x140071620	0x1407ac130
0x140071640	0x1407ac260
0x140071640	0x1407b094c
0x140071670	0x1407ac130
0x140071690	0x1407b094c
0x1400716b0	0x140001110
0x1400716b0	0x1405d3410
0x1400716f0	0x1400716b0
0x140071710	0x1407b094c
0x140071730	0x1400716b0
0x140071750	0x1407b094c
0x140071770	0x1400716b0
0x140071790	0x1407b094c
0x1400717b0	0x140001110
0x1400717b0	0x1405d3450
0x1400717f0	0x1400717b0
0x140071810	0x1407b094c
0x140071830	0x1400716b0
0x140071850	0x1407b094c
0x140071870	0x140001110
0x140071870	0x1405d34f0
0x1400718b0	0x140071870
0x1400718d0	0x1407b094c
0x1400718f0	0x1400717b0
0x140071910	0x1405d5f80
0x140071910	0x1407b4700
0x140071910	0x1407b48f0
0x140071910	0x1407d8190
0x1400f6eb0	0x1405d5f80
0x1400f6eb0	0x1407b06b0
0x1400f6eb0	0x1407b4700
0x1400f6eb0	0x1407d8190
0x1401934b0	0x1405d5f80
0x1401934b0	0x1407b06b0
0x1401934b0	0x1407b4700
0x1401934b0	0x1407d8190
0x140197550	0x1401979f0
0x140197550	0x1405a0660
0x1401977a0	0x1401979f0
0x1401977d0	0x1401979f0
0x140197800	0x1405a0660
0x140197830	0x1401979f0
0x140197860	0x1403844f0
0x140197860	0x1405d3530
0x1401978c0	0x140197920
0x1401978c0	0x1401979e0
0x1401978c0	0x140384440
0x140197930	0x1405d3560
0x140197960	0x1405d3580
0x140197960	0x1407b48f0
0x1401979f0	0x1403a85e0
0x140197a10	0x1401979f0
0x140197a10	0x1405a0660
0x140197c90	0x1401979f0
0x140197cc0	0x1401979f0
0x140197cf0	0x1405a0660
0x140197d20	0x1401979f0
0x140197d50	0x1405d5f80
0x140197d50	0x1407b06b0
0x140197d50	0x1407b4700
0x140197d50	0x1407d8190
0x140372900	0x1405d5f80
0x140372900	0x1407b06b0
0x140372900	0x1407b4700
0x140372900	0x1407d8190
0x1403774d0	0x1405d5f80
0x1403774d0	0x1407b06b0
0x1403774d0	0x1407b4700
0x1403774d0	0x1407d8190
0x14037cb90	0x1401979f0
0x14037cb90	0x1407ac130
0x14037cb90	0x1407d8190
0x140383f00	0x1407ac130
0x140383f30	0x1401979f0
0x140383f60	0x1401979f0
0x140383f90	0x1401979f0
0x140383fc0	0x1401979f0
0x140383ff0	0x1401979f0
0x140384020	0x1401979f0
0x140384050	0x1407ac130
0x140384080	0x1401979f0
0x1403840b0	0x1401979f0
0x1403840e0	0x1401979f0
0x140384110	0x1401979f0
0x140384140	0x1401979f0
0x140384170	0x1401979f0
0x1403841a0	0x1401979f0
0x1403841d0	0x1401979f0
0x140384200	0x1401979f0
0x140384230	0x1401979f0
0x140384260	0x1401979f0
0x140384290	0x1401979f0
0x1403842c0	0x1401979f0
0x1403842f0	0x1401979f0
0x140384320	0x1401979f0
0x140384350	0x1401979f0
0x140384380	0x1405d3810
0x1403843d0	0x1405d3910
0x140384410	0x1405d39c0
0x140384440	0x1403844f0
0x140384440	0x1407b48f0
0x1403844a0	0x1401978c0
0x1403844a0	0x1405d3530
0x1403844f0	0x1403a85e0
0x1403844f0	0x1405d35c0
0x1403849c0	0x1407ac130
0x1403849f0	0x1407ac130
0x140384a20	0x1407ac130
0x140384a50	0x1407ac130
0x140384a80	0x1405d5f80
0x140384a80	0x1407b06b0
0x140384a80	0x1407b4700
0x140384a80	0x1407d8190
0x1403a85e0	0x1405d3530
0x1403a8620	0x140197920
0x1403a8620	0x140197960
0x1403a8620	0x1401979e0
0x1403a8680	0x1401979e0
0x1403a86a0	0x1401979f0
0x1403a9210	0x1407ac130
0x1403a9240	0x1401979f0
0x1403a9270	0x1401979f0
0x1403a92a0	0x1401979f0
0x1403a92d0	0x1401979f0
0x1403a9300	0x1401979f0
0x1403a9330	0x1401979f0
0x1403a9360	0x1401979f0
0x1403a93f0	0x1401979f0
0x1403ae8d0	0x1401979f0
0x1403ae900	0x1401979f0
0x1403ae930	0x1401979f0
0x1403ae960	0x1401979f0
0x1403ae990	0x1401979f0
0x1403ae9c0	0x1401979f0
0x1403ae9f0	0x1401979f0
0x1403aea20	0x1405d4090
0x1403aea20	0x1407b06b0
0x1403aea80	0x1405d5f80
0x1403aea80	0x1407b06b0
0x1403aea80	0x1407b4700
0x1403aea80	0x1407b48f0
0x1403aea80	0x1407d8190
0x1403b28f0	0x1407b06b0
0x1403b2f10	0x140001110
0x1403b2f10	0x1405a0600
0x1403b2f10	0x1405d3270
0x1403b2f10	0x1407b06b0
0x1403b2f90	0x1407b06b0
0x1403b30e0	0x1407b06b0
0x1403b34d0	0x1403b3cf0
0x1403b3bb0	0x1403b3cf0
0x1403b3be0	0x1405d5210
0x1403b3be0	0x1407b06b0
0x1403b3c40	0x140001110
0x1403b3c40	0x1405a0600
0x1403b3c40	0x1405d3410
0x1403b3c40	0x1407b06b0
0x1403b3cf0	0x140001110
0x1403b3cf0	0x1405d5250
0x1403b3d30	0x1407b06b0
0x1403c42b0	0x1405d5290
0x1403c42b0	0x1407b06b0
0x1403c4300	0x1407b06b0
0x1403c44a0	0x1407b06b0
0x1403c47e0	0x1407b06b0
0x1403c49d0	0x1407b06b0
0x1405a03e0	0x1405a0430
0x1405a03e0	0x1405a0450
0x1405a0430	0x140001110
0x1405a0450	0x1405a04b0
0x1405a0450	0x1405a0550
0x1405a04b0	0x1405a05b0
0x1405a04b0	0x1405a0600
0x1405a04b0	0x1407b06b0
0x1405a0550	0x1405a0660
0x1405a0550	0x1405a0670
0x1405a05b0	0x140001110
0x1405a05b0	0x1405a0550
0x1405a05b0	0x1405a0640
0x1405a0670	0x1407855f0
0x1405a06a0	0x1400715a0
0x1405a0700	0x1405d5f80
0x1405a0700	0x1407b4700
0x1405a0700	0x1407d8190
0x1405c1700	0x1405a0600
0x1405c1700	0x1407b06b0
0x1405c1780	0x1405d5f80
0x1405c1780	0x1407b06b0
0x1405c1780	0x1407b4700
0x1405c1780	0x1407d8190
0x1405d2cd0	0x1405d2d40
0x1405d2cd0	0x1405d2da0
0x1405d2cd0	0x1407b06b0
0x1405d2d40	0x140001110
0x1405d2d40	0x1405d2e40
0x1405d2da0	0x1405a0430
0x1405d2da0	0x1405d2ea0
0x1405d2da0	0x1407b06b0
0x1405d2e40	0x140001110
0x1405d2e40	0x1405d2e80
0x1405d2ea0	0x1405d2f40
0x1405d2ea0	0x1405d2f70
0x1405d2ea0	0x1407b06b0
0x1405d2f40	0x1405d2fb0
0x1405d2f40	0x140785630
0x1405d2f70	0x140001110
0x1405d2fb0	0x140783ff0
0x1405d2ff0	0x140001110
0x1405d2ff0	0x1405d3030
0x1405d3060	0x1405a0430
0x1405d3060	0x1405d3140
0x1405d3060	0x1405d3180
0x1405d3140	0x1405a0430
0x1405d3140	0x1405d31b0
0x1405d3180	0x1407855f0
0x1405d31b0	0x140001110
0x1405d31b0	0x1405d3210
0x1405d3210	0x1405d3230
0x1405d3230	0x140001110
0x1405d3230	0x1405d3270
0x1405d3270	0x1405d32b0
0x1405d32b0	0x1405d32d0
0x1405d32d0	0x1405a0430
0x1405d32d0	0x1405d3180
0x1405d32d0	0x1405d33b0
0x1405d33b0	0x1405a0430
0x1405d33b0	0x1405d33f0
0x1405d3450	0x1407ac130
0x1405d3580	0x1405d35c0
0x1405d35c0	0x1403a85e0
0x1405d35c0	0x1405d3720
0x1405d35c0	0x1407b4700
0x1405d3810	0x1405d3860
0x1405d3910	0x1405d3950
0x1405d3950	0x1405d3990
0x1405d39c0	0x1405d3a80
0x1405d39c0	0x1405d3b10
0x1405d39c0	0x1405d3b20
0x1405d39c0	0x1405d3bb0
0x1405d39c0	0x1407b06b0
0x1405d3b20	0x1405d3cd0
0x1405d3bb0	0x1405d3cd0
0x1405d3cd0	0x1405d3d30
0x1405d3d30	0x1405d3e00
0x1405d3d30	0x1405d3ed0
0x1405d4090	0x140001110
0x1405d4090	0x1405a0430
0x1405d4090	0x1405d42a0
0x1405d4090	0x1405d43d0
0x1405d4090	0x1405d4450
0x1405d4090	0x1405d44b0
0x1405d4090	0x1405d4500
0x1405d4090	0x1405d4550
0x1405d4090	0x1405d4690
0x1405d4090	0x1405d46f0
0x1405d4090	0x1405d4780
0x1405d4090	0x1407b06b0
0x1405d42a0	0x140001110
0x1405d42a0	0x1405a0430
0x1405d42a0	0x1405d4ac0
0x1405d43d0	0x140001110
0x1405d43d0	0x1405a0430
0x1405d43d0	0x1405d4ac0
0x1405d4450	0x140001110
0x1405d44b0	0x1405a0430
0x1405d44b0	0x1405d4b00
0x1405d44b0	0x1405d4b70
0x1405d4500	0x140001110
0x1405d4500	0x1405d4bb0
0x1405d4550	0x140001110
0x1405d4550	0x1405d2f70
0x1405d4550	0x1405d4cb0
0x1405d4550	0x1405d4d20
0x1405d4660	0x1405d4e00
0x1405d4690	0x1405d4fe0
0x1405d4690	0x1407b06b0
0x1405d46f0	0x140001110
0x1405d46f0	0x1405a0640
0x1405d46f0	0x1405a0660
0x1405d46f0	0x1405d4e00
0x1405d4780	0x1405d5010
0x1405d4780	0x1405d5110
0x1405d4780	0x1407b06b0
0x1405d4b00	0x1405a0430
0x1405d4b00	0x1405d4b90
0x1405d4b00	0x1407b06b0
0x1405d4b70	0x1407b184c
0x1405d4bb0	0x1405d4c10
0x1405d4bf0	0x1407b4278
0x1405d4c10	0x140001110
0x1405d4c10	0x1405d4c70
0x1405d4c70	0x140001110
0x1405d4cb0	0x1405d4e20
0x1405d4cb0	0x1405d4e50
0x1405d4d00	0x1405d4e90
0x1405d4d20	0x140001110
0x1405d4d20	0x1405d4ed0
0x1405d4d20	0x1405d4f20
0x1405d4d20	0x1407b06b0
0x1405d4e00	0x1405d4e90
0x1405d4e50	0x1405d2f40
0x1405d4e90	0x1405a0670
0x1405d4f20	0x1405d4f70
0x1405d4f70	0x140001110
0x1405d4f70	0x1401979e0
0x1405d4f70	0x1407b4700
0x1405d5290	0x1405d3140
0x1405d5290	0x1405d33f0
0x1405d5290	0x1405d5410
0x1405d5290	0x1405d55a0
0x1405d5410	0x1405a0430
0x1405d5410	0x1405d55a0
0x1405d5410	0x1405d55e0
0x1405d5410	0x1405d5650
0x1405d5410	0x1405d5670
0x1405d5410	0x1405d5720
0x1405d5410	0x1405d5750
0x1405d5410	0x1405d5790
0x1405d5550	0x1405a0430
0x1405d5550	0x1405d3140
0x1405d5550	0x1405d3180
0x1405d5550	0x1407b4628
0x1405d55a0	0x1405a0430
0x1405d55a0	0x1405d5c90
0x1405d55e0	0x1405a0430
0x1405d55e0	0x1405d58a0
0x1405d55e0	0x1407b06b0
0x1405d5650	0x1407b184c
0x1405d5670	0x1405d55e0
0x1405d5670	0x1405d58c0
0x1405d5720	0x140785630
0x1405d5720	0x140785690
0x1405d5750	0x1405d58f0
0x1405d5790	0x1405a0430
0x1405d5790	0x1405d3140
0x1405d5790	0x1405d3180
0x1405d58f0	0x1405a0430
0x1405d58f0	0x1405d5940
0x1405d5940	0x140001110
0x1405d5940	0x1401979e0
0x1405d5940	0x1405d5a30
0x1405d5940	0x1405d5a70
0x1405d5940	0x1405d5ae0
0x1405d5940	0x1405d5b00
0x1405d5a00	0x1405d5b00
0x1405d5a70	0x140001110
0x1405d5a70	0x1405d5b30
0x1405d5b00	0x1405d31b0
0x1405d5b30	0x140001110
0x1405d5b30	0x1405d5b70
0x1405d5b70	0x140001110
0x1405d5b70	0x1405a0430
0x1405d5b70	0x1405d5bf0
0x1405d5b70	0x1405d5c40
0x1405d5b70	0x1407b06b0
0x1405d5bf0	0x1405d4fe0
0x1405d5bf0	0x1407b06b0
0x1405d5c40	0x140001110
0x1405d5c90	0x1405d5a30
0x1405d5c90	0x1405d5ae0
0x1405d5c90	0x1405d5b00
0x1405d5c90	0x1405d5d30
0x1405d5d10	0x1405d5b00
0x1405d5d30	0x140001110
0x1405d5d30	0x1405d5d80
0x1405d5d80	0x140001110
0x1405d5d80	0x1405d5db0
0x1405d5db0	0x1405d5df0
0x1405d5e10	0x140001000
0x1405d5e10	0x1400010c0
0x1405d5e10	0x140001140
0x1405d5e10	0x1400011f0
0x1405d5e10	0x140001210
0x1405d5e10	0x140001230
0x1405d5e10	0x140001250
0x1405d5e10	0x140001270
0x1405d5e10	0x140001290
0x1405d5e10	0x1400012b0
0x1405d5e10	0x1400012d0
0x1405d5e10	0x1400012f0
0x1405d5e10	0x140001310
0x1405d5e10	0x140001330
0x1405d5e10	0x140001350
0x1405d5e10	0x140001370
0x1405d5e10	0x140001390
0x1405d5e10	0x1400013b0
0x1405d5e10	0x1400013d0
0x1405d5e10	0x1400013f0
0x1405d5e10	0x140001410
0x1405d5e10	0x140001430
0x1405d5e10	0x140001450
0x1405d5e10	0x140001470
0x1405d5e10	0x140001490
0x1405d5e10	0x1400014b0
0x1405d5e10	0x1400014d0
0x1405d5e10	0x1400014f0
0x1405d5e10	0x140001510
0x1405d5e10	0x140001530
0x1405d5e10	0x140001550
0x1405d5e10	0x140001570
0x1405d5e10	0x140001590
0x1405d5e10	0x1400015b0
0x1405d5e10	0x1400015d0
0x1405d5e10	0x1400015f0
0x1405d5e10	0x140001610
0x1405d5e10	0x140001630
0x1405d5e10	0x140001650
0x1405d5e10	0x140001670
0x1405d5e10	0x140001690
0x1405d5e10	0x1400016b0
0x1405d5e10	0x1400016d0
0x1405d5e10	0x1400016f0
0x1405d5e10	0x140001710
0x1405d5e10	0x140001730
0x1405d5e10	0x140001750
0x1405d5e10	0x140001770
0x1405d5e10	0x140001790
0x1405d5e10	0x1400017b0
0x1405d5e10	0x1400017d0
0x1405d5e10	0x1400017f0
0x1405d5e10	0x140001810
0x1405d5e10	0x140001830
0x1405d5e10	0x140001850
0x1405d5e10	0x140001870
0x1405d5e10	0x140001890
0x1405d5e10	0x1400018b0
0x1405d5e10	0x1400018d0
0x1405d5e10	0x1400018f0
0x1405d5e10	0x140001910
0x1405d5e10	0x140071530
0x1405d5e10	0x1400715f0
0x1405d5e10	0x140071640
0x1405d5e10	0x140071690
0x1405d5e10	0x140071710
0x1405d5e10	0x140071750
0x1405d5e10	0x140071790
0x1405d5e10	0x140071810
0x1405d5e10	0x140071850
0x1405d5e10	0x1400718d0
0x1405d6130	0x1405d6000
0x1405d63b0	0x1405d6000
0x1405d6460	0x1405d5f80
0x1405d6460	0x1407b06b0
0x1405d6460	0x1407b4700
0x1405d6460	0x1407d8190
0x1405e8220	0x1405d5f80
0x1405e8220	0x1407b06b0
0x1405e8220	0x1407b4700
0x1405e8220	0x1407d8190
0x1406196f0	0x1407b06b0
0x140619940	0x1405d5f80
0x140619940	0x1407b06b0
0x140619940	0x1407b4700
0x140619940	0x1407d8190
0x140643ae0	0x1405d5f80
0x140643ae0	0x1407b06b0
0x140643ae0	0x1407b4700
0x140643ae0	0x1407d8190
0x1406656c0	0x1407b06b0
0x140665910	0x1405d5f80
0x140665910	0x1407b06b0
0x140665910	0x1407b4700
0x140665910	0x1407d8190
0x140680980	0x1405d5f80
0x140680980	0x1407b06b0
0x140680980	0x1407b4700
0x140680980	0x1407d8190
0x14069eaa0	0x1405d5f80
0x14069eaa0	0x1407b06b0
0x14069eaa0	0x1407b4700
0x14069eaa0	0x1407d8190
0x1406cd1b0	0x1405d5f80
0x1406cd1b0	0x1407b06b0
0x1406cd1b0	0x1407b4700
0x1406cd1b0	0x1407d8190
0x1406dacb0	0x1405d5f80
0x1406dacb0	0x1407b06b0
0x1406dacb0	0x1407b4700
0x1406dacb0	0x1407d8190
0x1407206a0	0x1405d5f80
0x1407206a0	0x1407b06b0
0x1407206a0	0x1407b4700
0x1407206a0	0x1407d8190
0x14075b440	0x1405d6130
0x14075b440	0x1407b06b0
0x14075b550	0x140197860
0x14075b550	0x1401978c0
0x14075b550	0x140197920
0x14075b550	0x140197960
0x14075b550	0x1401979e0
0x14075b550	0x1403844f0
0x14075b550	0x1403a8680
0x14075b550	0x1405d5f80
0x14075b550	0x14069eaa0
0x14075b550	0x1406cd1b0
0x14075b550	0x1406dacb0
0x14075b550	0x1407b4700
0x14075b550	0x1407d8190
0x14075e430	0x140197860
0x14075e430	0x140197920
0x14075e430	0x140197930
0x14075e430	0x1401979e0
0x14075e430	0x140384440
0x14075e430	0x1403844f0
0x14075e430	0x1403a8680
0x14075e430	0x1405d5f80
0x14075e430	0x14069eaa0
0x14075e430	0x1406cd1b0
0x14075e430	0x1407206a0
0x14075e430	0x1407b4700
0x14075e430	0x1407d8190
0x140763290	0x1407633a0
0x140763290	0x1407636d0
0x140763290	0x1407b06b0
0x140763620	0x1407633a0
0x140763620	0x1407636d0
0x140763620	0x140763780
0x140763620	0x1407b06b0
0x140763850	0x1407638c0
0x140763850	0x140763910
0x140763a00	0x1407638c0
0x140763a00	0x140763910
0x140763b30	0x140763a90
0x140763b30	0x140763c40
0x140763b30	0x1407b06b0
0x140763f90	0x1407636d0
0x140764100	0x1407638c0
0x140764100	0x1407640a0
0x1407641d0	0x1407b06b0
0x1407668d0	0x1407b06b0
0x140768320	0x1407b06b0
0x14076ac70	0x1407b06b0
0x14076af80	0x1407633a0
0x14076af80	0x140763540
0x14076af80	0x140763a90
0x14076af80	0x140763c90
0x14076af80	0x140763dd0
0x14076af80	0x140764030
0x14076af80	0x14076aaf0
0x14076af80	0x1407b06b0
0x14076b090	0x140763290
0x14076b090	0x140763b30
0x14076b090	0x14076af80
0x14076b170	0x1407636d0
0x14076b1b0	0x1407636d0
0x14076b250	0x1407633a0
0x14076b250	0x1407633f0
0x14076b250	0x1407636d0
0x14076b250	0x1407638c0
0x14076b250	0x140763ed0
0x14076b250	0x140763f20
0x14076b250	0x140763f90
0x14076b250	0x140763fc0
0x14076b250	0x140764100
0x14076b250	0x14076a950
0x14076b250	0x14076b170
0x14076b250	0x14076b1b0
0x14076b250	0x14076b4c0
0x14076b250	0x1407b06b0
0x14076b4c0	0x1407b06b0
0x14076b660	0x1407633a0
0x14076b6d0	0x1407638c0
0x14076b730	0x1407638c0
0x14076b730	0x140763ed0
0x14076b790	0x1407638c0
0x14076b820	0x14076aed0
0x14076b8c0	0x140763f20
0x14076b960	0x140763fc0
0x14076ba00	0x14076ba30
0x14076ba30	0x1407636d0
0x14076bb70	0x140763910
0x14076bc70	0x140763780
0x14076bd10	0x14076bdc0
0x14076bd10	0x1407b06b0
0x14076bdc0	0x1407636d0
0x14076bdc0	0x1407641d0
0x14076bdc0	0x14076ac70
0x14076bdc0	0x14076ba30
0x14076bdc0	0x14076d3b0
0x14076bdc0	0x14076d460
0x14076bdc0	0x14076d500
0x14076c370	0x14076b820
0x14076c370	0x14076b960
0x14076c370	0x14076ba00
0x14076c370	0x14076bb70
0x14076c370	0x14076bc70
0x14076c470	0x14076c510
0x14076c470	0x1407b06b0
0x14076c510	0x1407636d0
0x14076c510	0x1407668d0
0x14076c510	0x14076ac70
0x14076c510	0x14076ba30
0x14076c510	0x14076bdc0
0x14076c510	0x14076d500
0x14076c890	0x14076b660
0x14076c890	0x14076b820
0x14076c890	0x14076b960
0x14076c890	0x14076ba00
0x14076c890	0x14076bc70
0x14076c890	0x14076c370
0x14076c890	0x14076ca60
0x14076c890	0x1407b06b0
0x14076ca60	0x1407633a0
0x14076ca60	0x1407638c0
0x14076caf0	0x1407633a0
0x14076caf0	0x14076b250
0x14076caf0	0x14076b660
0x14076caf0	0x14076b6d0
0x14076caf0	0x14076b730
0x14076caf0	0x14076b8c0
0x14076caf0	0x14076b960
0x14076caf0	0x14076ba00
0x14076caf0	0x14076bd10
0x14076caf0	0x14076d5a0
0x14076caf0	0x14076d640
0x14076caf0	0x14076d6f0
0x14076caf0	0x1407b06b0
0x14076cd60	0x140763dd0
0x14076cd60	0x14076aaf0
0x14076cd60	0x14076b090
0x14076cd60	0x14076c890
0x14076cd60	0x14076ca60
0x14076cd60	0x1407b06b0
0x14076ce20	0x1407641d0
0x14076ce20	0x140768320
0x14076ce20	0x14076bd10
0x14076ce20	0x14076c370
0x14076ce20	0x14076db40
0x14076ce20	0x1407b06b0
0x14076cfa0	0x1407668d0
0x14076cfa0	0x140768320
0x14076cfa0	0x14076c370
0x14076cfa0	0x14076c470
0x14076cfa0	0x14076db40
0x14076cfa0	0x1407b06b0
0x14076d0e0	0x140763dd0
0x14076d0e0	0x140763e80
0x14076d0e0	0x140768320
0x14076d0e0	0x14076c370
0x14076d0e0	0x14076db40
0x14076d0e0	0x14076e100
0x14076d0e0	0x1407b06b0
0x14076d1e0	0x14076b100
0x14076d1e0	0x14076b660
0x14076d1e0	0x14076b730
0x14076d1e0	0x14076caf0
0x14076d1e0	0x14076cd60
0x14076d1e0	0x14076ce20
0x14076d1e0	0x14076cfa0
0x14076d1e0	0x14076d0e0
0x14076d1e0	0x1407b06b0
0x14076d3b0	0x140763f20
0x14076d460	0x140763fc0
0x14076d500	0x140763f20
0x14076d5a0	0x1407633a0
0x14076d5a0	0x1407638c0
0x14076d640	0x14076d780
0x14076d640	0x1407b06b0
0x14076d6f0	0x1407633a0
0x14076d6f0	0x1407638c0
0x14076d780	0x1407636d0
0x14076d780	0x140764100
0x14076d780	0x14076ba30
0x14076d780	0x14076bdc0
0x14076d780	0x14076d500
0x14076db40	0x14076b8c0
0x14076db40	0x14076b960
0x14076db40	0x14076ba00
0x14076db40	0x14076d780
0x14076db40	0x14076dcc0
0x14076db40	0x14076dd40
0x14076db40	0x1407b06b0
0x14076dcc0	0x1407633a0
0x14076dd40	0x14076ba30
0x14076dd40	0x14076bdc0
0x14076dd40	0x14076d3b0
0x14076dd40	0x14076d460
0x14076dd40	0x14076d500
0x14076e100	0x1407633a0
0x14076e100	0x1407638c0
0x14076e1a0	0x14076e1d0
0x14076e210	0x14076e3f0
0x14076e210	0x14076e570
0x14076e260	0x14076e2a0
0x14076e2a0	0x14076e3f0
0x14076e2a0	0x14076fc00
0x14076e2a0	0x1407b06b0
0x14076e3f0	0x14076e580
0x14076e3f0	0x1407b48f0
0x14076e580	0x14076fd00
0x14076e580	0x1407b06b0
0x14076fdc0	0x14076ff30
0x14076fdc0	0x1407ac130
0x14076fdc0	0x1407ac260
0x14076fdc0	0x1407b2fd8
0x14076ff00	0x1407ac130
0x14076ff30	0x140770060
0x14076ff30	0x140770240
0x140770010	0x14076e260
0x140770010	0x14076fdc0
0x140770060	0x1407702f0
0x140770060	0x14078a0e0
0x140770060	0x1407ad580
0x140770060	0x1407ad5e0
0x140770060	0x1407b06b0
0x140770240	0x1407ad210
0x140770240	0x1407ad5e0
0x1407702f0	0x1407ad210
0x140770330	0x1407b06b0
0x140770330	0x1407d8190
0x140783d60	0x140784f50
0x140783d60	0x1407b06d8
0x140783d60	0x1407b094c
0x140783de0	0x1407b094c
0x140783de0	0x1407b1a5c
0x140783e00	0x1407aca80
0x140783e00	0x1407b094c
0x140783e30	0x1407ac7d0
0x140783e30	0x1407ad300
0x140783e30	0x1407b094c
0x140783e8c	0x1407b094c
0x140783e8c	0x1407b1a5c
0x140783ec4	0x1407b094c
0x140783ec4	0x1407b1a5c
0x140783ef0	0x1407b4068
0x140783f50	0x1407b40f8
0x140783ff0	0x1407b4628
0x140784010	0x1407b4068
0x140784050	0x1407b4068
0x14078415a	0x1407b8bd4
0x140784180	0x1407850b0
0x140784180	0x1407b06b0
0x140784180	0x1407b4700
0x1407843a0	0x1407850b0
0x1407843a0	0x1407b06b0
0x1407843a0	0x1407b4700
0x1407845c0	0x1407840d0
0x1407845c0	0x140784180
0x1407845c0	0x1407843a0
0x1407845c0	0x140784f50
0x1407845c0	0x140785260
0x1407845c0	0x1407b06d8
0x1407845c0	0x1407b4700
0x1407845c0	0x1407b8bd4
0x140784b20	0x1407b8bd4
0x140784ba0	0x1407b8bd4
0x140784c00	0x140784d20
0x140784c7a	0x140785560
0x140784f8f	0x1407b06d8
0x14078508e	0x140783ff0
0x14078508e	0x1407b8bd4
0x1407850fe	0x1407b06d8
0x1407850fe	0x1407b48f0
0x140785235	0x140783ff0
0x140785235	0x1407b8bd4
0x140785241	0x1407856e0
0x140785260	0x140785700
0x140785260	0x1407b06d8
0x140785260	0x1407b184c
0x1407855f0	0x1407b8bd4
0x140785630	0x140783ff0
0x140785630	0x1407b06d8
0x140785630	0x1407b8bd4
0x140785690	0x140783ff0
0x1407856e0	0x1407b184c
0x140785732	0x140784f50
0x1407858e3	0x1407b184c
0x1407858f0	0x140783ff0
0x1407858f0	0x1407b06d8
0x1407858f0	0x1407b8bd4
0x140785940	0x1407d8190
0x140785b84	0x1407b06b0
0x140785bd4	0x140785b84
0x140785be0	0x140785940
0x140785be0	0x140785dc7
0x140785c44	0x140785db7
0x140785dc7	0x1407b06b0
0x140785eef	0x140785dc7
0x140785f00	0x1407860d0
0x140785f3a	0x140784c00
0x1407860d0	0x1407b06b0
0x140786170	0x1407845c0
0x140786170	0x1407b48f0
0x140786340	0x140786170
0x1407863f5	0x140786170
0x140786c30	0x1407be2b8
0x140787550	0x1407879dc
0x140787550	0x1407b4700
0x1407875b8	0x1407879d4
0x14078762f	0x140786460
0x1407879dc	0x1407b06b0
0x140787d50	0x1407873a0
0x140787d50	0x140787550
0x140787d50	0x1407b06b0
0x140787d50	0x1407b4700
0x140787fea	0x1407873a0
0x140787fea	0x14078817d
0x14078809c	0x140787a00
0x14078809c	0x1407b4700
0x1407881a1	0x140787d50
0x1407881a1	0x1407b06b0
0x140788300	0x1407881c0
0x1407883e0	0x140788300
0x1407883e0	0x1407884b9
0x140788447	0x140788300
0x140788651	0x1407b06b0
0x14078873f	0x1407b48f0
0x140788f00	0x1407886e0
0x140788f00	0x1407890aa
0x140788f6b	0x1407b4700
0x1407890aa	0x1407b06b0
0x1407890d0	0x140788f00
0x1407890d0	0x1407b4700
0x1407891b0	0x140787fc0
0x140789365	0x140787fc0
0x140789365	0x1407881c0
0x140789365	0x1407884d0
0x140789365	0x140788f00
0x1407896f6	0x140786c30
0x1407896f6	0x1407881c0
0x1407896f6	0x140788300
0x1407896f6	0x1407883e0
0x140789e2b	0x1407b06b0
0x140789eb0	0x1407be620
0x140789f10	0x1407be0f4
0x140789f80	0x1407bdfd0
0x140789fd0	0x1407be50c
0x14078a060	0x1407b4628
0x14078a080	0x1407b4068
0x14078a0e0	0x1407b184c
0x14078a100	0x1407b4068
0x14078a1d0	0x1407ac280
0x14078a1d0	0x1407ad180
0x14078a1d0	0x1407b06b0
0x14078a1d0	0x1407b4068
0x14078a1d0	0x1407b8bd4
0x14078a370	0x1407b40f8
0x14078a3c0	0x1407b4068
0x14078a420	0x1407b4068
0x14078a480	0x1407ad020
0x14078a5c0	0x1407b06d8
0x14078a5c0	0x1407b1894
0x14078a5c0	0x1407b1aa0
0x14078a5c0	0x1407b1b18
0x14078a5c0	0x1407b205c
0x14078a5c0	0x1407b20c8
0x14078a5c0	0x1407b2580
0x14078a775	0x1407b2640
0x14078a7d5	0x1407b2908
0x14078a820	0x1407b48f0
0x14078a840	0x1407b48f0
0x14078a8d0	0x14078a1d0
0x14078a8d0	0x1407ad020
0x14078a8d0	0x1407b06b0
0x14078a8d0	0x1407b8bd4
0x14078a9b0	0x14078a8d0
0x14078a9b0	0x1407b4628
0x14078aa40	0x1407b4068
0x14078aaa0	0x1407b2230
0x14078aae0	0x1407ad020
0x14078aae0	0x1407b06b0
0x14078ab80	0x1407ad020
0x14078ab80	0x1407b06b0
0x14078b110	0x1407ad020
0x14078b110	0x1407aec90
0x14078b110	0x1407aee00
0x14078b110	0x1407b06b0
0x14078b110	0x1407b8bd4
0x14078b2a0	0x14078a0e0
0x14078b2a0	0x14078b110
0x14078b2a0	0x1407ace80
0x14078b2a0	0x1407afa80
0x14078b2a0	0x1407afca0
0x14078b2a0	0x1407b06b0
0x14078b2a0	0x1407b0aa8
0x14078b2a0	0x1407b4700
0x14078b2a0	0x1407b8bd4
0x14078b6af	0x140789fd0
0x14078b6af	0x1407b4700
0x14078b83d	0x140789fd0
0x14078b83d	0x1407b4700
0x14078b9d7	0x1407b06b0
0x14078b9f5	0x14078b9cf
0x14078ba10	0x14078a9b0
0x14078ba10	0x14078b5b0
0x14078ba10	0x14078b650
0x14078ba10	0x1407ab810
0x14078ba10	0x1407abaa0
0x14078ba10	0x1407abc80
0x14078ba10	0x1407ac8a0
0x14078ba10	0x1407b0020
0x14078ba10	0x1407b2230
0x14078ba10	0x1407b4700
0x14078ba10	0x1407b8bd4
0x14078beb0	0x1407ab810
0x14078beb0	0x1407b2230
0x14078bf50	0x14078a0e0
0x14078bf50	0x1407afca0
0x14078bf50	0x1407b06b0
0x14078bf50	0x1407b8bd4
0x14078c300	0x14078a0e0
0x14078c300	0x14078b110
0x14078c300	0x14078bf50
0x14078c300	0x1407afca0
0x14078c300	0x1407b06b0
0x14078c300	0x1407b8bd4
0x14078c8c0	0x14078ac40
0x14078c8c0	0x14078b2a0
0x14078c8c0	0x14078b5b0
0x14078c8c0	0x14078ba10
0x14078c8c0	0x14078c300
0x14078c8c0	0x1407b06b0
0x14078c8c0	0x1407b0aa8
0x14078c8c0	0x1407b8bd4
0x14078c8c0	0x1407bf464
0x14078de50	0x14078cf20
0x14078de50	0x14078d3f0
0x14078de50	0x1407ad020
0x14078de50	0x1407ad180
0x14078de50	0x1407b06b0
0x14078de50	0x1407b8bd4
0x14078e589	0x14078ac40
0x14078e589	0x14078de50
0x14078e589	0x1407b4700
0x14078e809	0x1407b06b0
0x14078e8c0	0x14078c8c0
0x14078e8c0	0x14078de50
0x14078e8c0	0x14078e4d0
0x14078ed39	0x14078ce60
0x14078ed39	0x14078d900
0x14078ee89	0x14078db80
0x14078eee6	0x1407b06b0
0x14078ef02	0x14078ce60
0x14078f025	0x14078eee6
0x14078f060	0x14078f22b
0x14078f060	0x1407b4700
0x14078f0ad	0x14078ece0
0x14078f22b	0x1407b06b0
0x14078f250	0x14078c8c0
0x14078f250	0x14078de50
0x14078f250	0x14078f060
0x14078f570	0x1407c0760
0x14078f590	0x1407b4700
0x14078f5dc	0x140789f10
0x14078f5dc	0x1407b4700
0x14078f809	0x1407b06b0
0x14078f86e	0x140789fd0
0x14078f98b	0x140789fd0
0x14078fa89	0x140789fd0
0x14078fc90	0x1407ada20
0x14078fc90	0x1407ada80
0x14078fc90	0x1407b06b0
0x14078fc90	0x1407b4700
0x14078fc90	0x1407c0780
0x14078fe80	0x14078fc90
0x14078fe80	0x1407adae0
0x14078fe80	0x1407b06b0
0x14078fe80	0x1407b4700
0x14078ff10	0x14078fc90
0x14078ff10	0x1407adb40
0x14078ff10	0x1407b06b0
0x14078ff10	0x1407b4700
0x140790080	0x1407b48f0
0x1407901e0	0x140790080
0x1407901e0	0x1407abfb0
0x1407901e0	0x1407ae700
0x1407901e0	0x1407aee00
0x1407901e0	0x1407b06b0
0x1407901e0	0x1407b8bd4
0x1407904c0	0x1407acce0
0x1407904c0	0x1407ace80
0x1407904c0	0x1407b06b0
0x140790630	0x14078a0e0
0x140790630	0x1407904c0
0x140790630	0x1407acce0
0x140790630	0x1407ace80
0x140790630	0x1407ad180
0x140790630	0x1407afca0
0x140790630	0x1407b06b0
0x140790630	0x1407b8bd4
0x140790630	0x1407d8190
0x140790b50	0x140783ff0
0x140790b50	0x140790080
0x140790b50	0x1407abfb0
0x140790b50	0x1407ace80
0x140790b50	0x1407b06b0
0x140790b50	0x1407b06d8
0x140790b50	0x1407b48f0
0x140790b50	0x1407b8bd4
0x140790de0	0x140790b50
0x140790de0	0x1407af5d0
0x140790de0	0x1407b06b0
0x140790de0	0x1407b48f0
0x140790de0	0x1407b8bd4
0x140790fc0	0x14078a0e0
0x140790fc0	0x140790080
0x140790fc0	0x1407901e0
0x140790fc0	0x140790630
0x140790fc0	0x1407abfb0
0x140790fc0	0x1407ace80
0x140790fc0	0x1407ad7d0
0x140790fc0	0x1407ae8d0
0x140790fc0	0x1407af540
0x140790fc0	0x1407af5d0
0x140790fc0	0x1407afca0
0x140790fc0	0x1407b06b0
0x140790fc0	0x1407b8bd4
0x140791470	0x1407abfb0
0x140791470	0x1407ace80
0x140791470	0x1407b06b0
0x140791470	0x1407b8bd4
0x1407915e0	0x140790de0
0x1407915e0	0x1407abfb0
0x1407915e0	0x1407ae8d0
0x1407915e0	0x1407aee00
0x1407915e0	0x1407af540
0x1407915e0	0x1407b06b0
0x1407915e0	0x1407b8bd4
0x1407919b0	0x1407901e0
0x1407919b0	0x1407abfb0
0x1407919b0	0x1407ace80
0x1407919b0	0x1407aeba0
0x1407919b0	0x1407af540
0x1407919b0	0x1407b8bd4
0x140791b20	0x140790b50
0x140791b20	0x1407b06b0
0x140791b20	0x1407b8bd4
0x140791c30	0x140790630
0x140791c30	0x140790de0
0x140791c30	0x140790fc0
0x140791c30	0x140791470
0x140791c30	0x1407915e0
0x140791c30	0x1407919b0
0x140791c30	0x140791b20
0x140791c30	0x1407abed0
0x140791c30	0x1407abfb0
0x140791c30	0x1407ace80
0x140791c30	0x1407af540
0x140791c30	0x1407b06b0
0x140791c30	0x1407b8bd4
0x140792e40	0x1407ad020
0x140792e40	0x1407ad550
0x140792e40	0x1407b06b0
0x140792e40	0x1407b4700
0x140793000	0x140792e40
0x140793000	0x1407ad020
0x140793000	0x1407ad550
0x140793000	0x1407b06b0
0x140793000	0x1407b4700
0x140793000	0x1407b5020
0x140793000	0x1407b8bd4
0x140793640	0x140793000
0x140793640	0x1407b06b0
0x140793640	0x1407b8bd4
0x140793810	0x140792e40
0x140793810	0x140793000
0x140793810	0x140793640
0x140793810	0x1407ad020
0x140793810	0x1407b06b0
0x140793810	0x1407b8bd4
0x140793a50	0x140792e40
0x140793a50	0x140793000
0x140793a50	0x1407ad020
0x140793a50	0x1407ad550
0x140793a50	0x1407b06b0
0x140793a50	0x1407b4700
0x140793a50	0x1407b5020
0x140793a50	0x1407b8bd4
0x1407941b0	0x140793000
0x1407941b0	0x1407ad020
0x1407941b0	0x1407ad180
0x1407941b0	0x1407b06b0
0x1407941b0	0x1407b8bd4
0x140794472	0x1407b06b0
0x140794472	0x1407b0d34
0x140794472	0x1407b0d94
0x140794970	0x1407b0d34
0x140794970	0x1407b0d94
0x140794ba0	0x1407b06b0
0x140794ba0	0x1407b0d34
0x140794ba0	0x1407b0d94
0x140794c90	0x1407b06b0
0x140794c90	0x1407b0d34
0x140794c90	0x1407b0d94
0x140794d80	0x1407b06b0
0x140794d80	0x1407b0d34
0x140794d80	0x1407b0d94
0x140794e70	0x1407b06b0
0x140794e70	0x1407b0d34
0x140794e70	0x1407b0d94
0x1407950e0	0x140789fd0
0x1407950e0	0x140794ba0
0x1407950e0	0x140794c90
0x1407950e0	0x140794d80
0x1407950e0	0x1407b06b0
0x140795580	0x1407b06b0
0x1407955f0	0x1407954e0
0x1407955f0	0x140795580
0x1407955f0	0x1407ad020
0x1407956c0	0x1407954e0
0x140795744	0x1407957f0
0x1407957f0	0x1407aab20
0x1407957f0	0x1407b8bd4
0x140795a40	0x140794ba0
0x140795a40	0x1407b06b0
0x140795a40	0x1407b0d34
0x140795a40	0x1407b0d94
0x140795c50	0x140789fd0
0x140795c50	0x1407ac190
0x140795c50	0x1407ac280
0x140795c50	0x1407ad020
0x140795c50	0x1407ad180
0x140795c50	0x1407ae540
0x140795c50	0x1407b0420
0x140795c50	0x1407b06b0
0x140795c50	0x1407b48f0
0x140795c50	0x1407b8bd4
0x1407960a0	0x1407b06b0
0x1407961e8	0x140796120
0x1407963ab	0x1407b06b0
0x1407963ee	0x1407961b0
0x1407964f3	0x1407b06b0
0x140796560	0x1407b06b0
0x140796600	0x140792e40
0x140796600	0x140795580
0x140796600	0x1407960a0
0x140796600	0x1407ad020
0x140796600	0x1407b06b0
0x140796600	0x1407b4700
0x140796600	0x1407b8bd4
0x140796600	0x1407c0548
0x140796600	0x1407d86e0
0x140796c70	0x140794ba0
0x140796c70	0x140794c90
0x140796c70	0x140794d80
0x140796c70	0x140795010
0x140796c70	0x1407950e0
0x140796c70	0x140795970
0x140796c70	0x140795a40
0x140796c70	0x140796120
0x140796c70	0x1407b06b0
0x140796c70	0x1407b0d34
0x140796c70	0x1407b0d94
0x140797dc3	0x140794c90
0x140797dc3	0x140794d80
0x140797dc3	0x140795010
0x140797dc3	0x1407b06b0
0x140797dc3	0x1407b0d34
0x140797dc3	0x1407b0d94
0x140798760	0x140789fd0
0x140798760	0x140794d80
0x140798760	0x140794e70
0x140798760	0x140795c50
0x140798760	0x1407960a0
0x140798760	0x1407961b0
0x140798760	0x1407963d0
0x140798760	0x140796560
0x140798760	0x140796600
0x140798760	0x140796c70
0x140798760	0x140797d90
0x140798760	0x1407a2590
0x140798760	0x1407a3510
0x140798760	0x1407ad020
0x140798760	0x1407b06b0
0x140798760	0x1407b0d34
0x140798760	0x1407b0d94
0x140799560	0x140793810
0x140799560	0x140793a50
0x140799560	0x1407957f0
0x140799560	0x140795c50
0x140799560	0x1407a2840
0x140799560	0x1407ac190
0x140799560	0x1407ad020
0x140799560	0x1407b06b0
0x140799560	0x1407b06d8
0x140799560	0x1407b0d34
0x140799560	0x1407b0d94
0x140799560	0x1407b4700
0x140799560	0x1407b8bd4
0x140799560	0x1407d86e0
0x140799b60	0x1407ad020
0x140799b60	0x1407ad180
0x140799b60	0x1407ad550
0x140799b60	0x1407b06b0
0x140799b60	0x1407b8bd4
0x140799b60	0x1407bebec
0x140799b60	0x1407bec18
0x140799b60	0x1407c0ec0
0x140799d20	0x1407ace80
0x140799e30	0x1407ace80
0x140799e30	0x1407aeba0
0x140799e30	0x1407af5d0
0x140799e30	0x1407b06b0
0x140799e30	0x1407b48f0
0x140799e30	0x1407b8bd4
0x14079a100	0x1407b06b0
0x14079a290	0x140783ff0
0x14079a290	0x1407856e0
0x14079a290	0x14078a0e0
0x14079a290	0x1407ad180
0x14079a290	0x1407ae3c0
0x14079a290	0x1407b06b0
0x14079a290	0x1407b06d8
0x14079a290	0x1407b48f0
0x14079a290	0x1407b8bd4
0x14079a790	0x14079a1e0
0x14079a790	0x1407ac130
0x14079a790	0x1407ad020
0x14079a790	0x1407ad180
0x14079a790	0x1407b0420
0x14079a790	0x1407b06b0
0x14079a790	0x1407b4700
0x14079a790	0x1407b48f0
0x14079a790	0x1407b8bd4
0x14079a790	0x1407c0ec0
0x14079a790	0x1407d8190
0x14079bc10	0x14078a0e0
0x14079bc10	0x1407ad7d0
0x14079bc10	0x1407adcf0
0x14079bc10	0x1407ae220
0x14079bc10	0x1407afca0
0x14079bc10	0x1407b06b0
0x14079bc10	0x1407b8bd4
0x14079bf20	0x1407adcf0
0x14079bf20	0x1407ae220
0x14079bf20	0x1407b06b0
0x14079bf20	0x1407b8bd4
0x14079c230	0x140783ff0
0x14079c230	0x1407ace80
0x14079c230	0x1407b06d8
0x14079c230	0x1407b4700
0x14079c230	0x1407b8bd4
0x14079c400	0x14079bf20
0x14079c400	0x14079c230
0x14079c400	0x1407abfb0
0x14079c400	0x1407ace80
0x14079c400	0x1407af5d0
0x14079c400	0x1407b06b0
0x14079c400	0x1407b48f0
0x14079c400	0x1407b8bd4
0x14079c6d0	0x1407ace80
0x14079c6d0	0x1407b06b0
0x14079c6d0	0x1407b4700
0x14079c870	0x14078a0e0
0x14079c870	0x1407abfb0
0x14079c870	0x1407af5d0
0x14079c870	0x1407afca0
0x14079c870	0x1407b06b0
0x14079c870	0x1407b48f0
0x14079c870	0x1407b8bd4
0x14079ca80	0x1407abfb0
0x14079ca80	0x1407ae8d0
0x14079cb50	0x14079c400
0x14079cb50	0x1407ace80
0x14079cb50	0x1407aec90
0x14079cb50	0x1407aee00
0x14079cb50	0x1407af5d0
0x14079cb50	0x1407b06b0
0x14079cb50	0x1407b48f0
0x14079cb50	0x1407b8bd4
0x14079cf50	0x14079c6d0
0x14079cf50	0x14079c870
0x14079cf50	0x14079ca80
0x14079cf50	0x14079cb50
0x14079cf50	0x1407abfb0
0x14079cf50	0x1407ace80
0x14079cf50	0x1407ae8d0
0x14079cf50	0x1407af540
0x14079cf50	0x1407b06b0
0x14079cf50	0x1407b4700
0x14079cf50	0x1407b8bd4
0x14079d7f0	0x14079bc10
0x14079d7f0	0x14079c5e0
0x14079d7f0	0x1407ace80
0x14079d7f0	0x1407b06b0
0x14079d7f0	0x1407b8bd4
0x14079e120	0x1407b06b0
0x14079e190	0x14079bc10
0x14079e190	0x1407ace80
0x14079e190	0x1407b06b0
0x14079e190	0x1407b8bd4
0x14079e6c0	0x1407954e0
0x14079e6c0	0x14079e190
0x14079e6c0	0x1407b06d8
0x14079e6c0	0x1407b1c48
0x14079e6c0	0x1407b282c
0x14079e6c0	0x1407bf8ac
0x14079e6c0	0x1407c0760
0x14079e800	0x14078a0e0
0x14079e800	0x1407ad7d0
0x14079e800	0x1407afca0
0x14079e800	0x1407b06b0
0x14079e800	0x1407b8bd4
0x14079e8e0	0x1407acb10
0x14079e8e0	0x1407ace80
0x14079e8e0	0x1407aeba0
0x14079e8e0	0x1407b06b0
0x14079e8e0	0x1407b8bd4
0x14079f030	0x14078a0e0
0x14079f030	0x1407ace80
0x14079f030	0x1407af5d0
0x14079f030	0x1407afca0
0x14079f030	0x1407b06b0
0x14079f030	0x1407b4700
0x14079f030	0x1407b48f0
0x14079f030	0x1407b8bd4
0x14079f560	0x1407ace80
0x14079f560	0x1407af5d0
0x14079f560	0x1407b06b0
0x14079f560	0x1407b4700
0x14079f560	0x1407b48f0
0x14079f760	0x14078a0e0
0x14079f760	0x14079e8e0
0x14079f760	0x14079f030
0x14079f760	0x1407ace80
0x14079f760	0x1407ad7d0
0x14079f760	0x1407af5d0
0x14079f760	0x1407afca0
0x14079f760	0x1407b06b0
0x14079f760	0x1407b48f0
0x14079f760	0x1407b8bd4
0x1407a1340	0x140789eb0
0x1407a1340	0x1407b06b0
0x1407a1340	0x1407b4700
0x1407a15c0	0x14079a1e0
0x1407a1640	0x14079a1e0
0x1407a1640	0x1407a15c0
0x1407a1640	0x1407ad020
0x1407a1640	0x1407ad180
0x1407a1640	0x1407b06b0
0x1407a1640	0x1407b4700
0x1407a1640	0x1407b8bd4
0x1407a1880	0x1407ad180
0x1407a1880	0x1407b06b0
0x1407a1880	0x1407b8bd4
0x1407a1fa0	0x140789eb0
0x1407a1fa0	0x140799d20
0x1407a1fa0	0x140799e30
0x1407a1fa0	0x1407a1f00
0x1407a1fa0	0x1407abfb0
0x1407a1fa0	0x1407ace80
0x1407a1fa0	0x1407aeba0
0x1407a1fa0	0x1407af5d0
0x1407a1fa0	0x1407b06b0
0x1407a1fa0	0x1407b4700
0x1407a1fa0	0x1407b48f0
0x1407a1fa0	0x1407b8bd4
0x1407a2590	0x14078a0e0
0x1407a2590	0x14079bc10
0x1407a2590	0x1407a1640
0x1407a2590	0x1407ace80
0x1407a2590	0x1407ad7d0
0x1407a2590	0x1407ad8d0
0x1407a2590	0x1407afca0
0x1407a2590	0x1407b06b0
0x1407a2590	0x1407b8bd4
0x1407a2840	0x14078a0e0
0x1407a2840	0x14079bc10
0x1407a2840	0x1407ace80
0x1407a2840	0x1407ad7d0
0x1407a2840	0x1407ad8d0
0x1407a2840	0x1407afca0
0x1407a2840	0x1407b06b0
0x1407a2840	0x1407b8bd4
0x1407a2a90	0x14078a0e0
0x1407a2a90	0x14079a290
0x1407a2a90	0x14079bc10
0x1407a2a90	0x1407a15c0
0x1407a2a90	0x1407a1640
0x1407a2a90	0x1407ace80
0x1407a2a90	0x1407ad020
0x1407a2a90	0x1407ad7d0
0x1407a2a90	0x1407ad8d0
0x1407a2a90	0x1407afca0
0x1407a2a90	0x1407b06b0
0x1407a2a90	0x1407b8bd4
0x1407a3000	0x1407a2a90
0x1407a3000	0x1407adb40
0x1407a3000	0x1407b06b0
0x1407a3000	0x1407b4700
0x1407a3080	0x1403b3280
0x1407a3080	0x1403b34d0
0x1407a3080	0x1403b3d30
0x1407a3080	0x1403c47e0
0x1407a3080	0x1403c49d0
0x1407a3080	0x14078fc90
0x1407a3080	0x1407a3000
0x1407a3080	0x1407a341d
0x1407a3080	0x1407adae0
0x1407a3080	0x1407adb40
0x1407a3080	0x1407b4700
0x1407a3323	0x1403b28f0
0x1407a3323	0x14078fc90
0x1407a3323	0x1407a3000
0x1407a3323	0x1407adb40
0x1407a3323	0x1407b4700
0x1407a341d	0x1407b06b0
0x1407a3510	0x14078ab80
0x1407a3510	0x14079bc10
0x1407a3510	0x14079e800
0x1407a3510	0x14079f560
0x1407a3510	0x14079f760
0x1407a3510	0x1407a1340
0x1407a3510	0x1407a1880
0x1407a3510	0x1407abe60
0x1407a3510	0x1407abf70
0x1407a3510	0x1407ac130
0x1407a3510	0x1407ac230
0x1407a3510	0x1407ad020
0x1407a3510	0x1407ad210
0x1407a3510	0x1407ad770
0x1407a3510	0x1407ad7d0
0x1407a3510	0x1407ad8b0
0x1407a3510	0x1407ad8d0
0x1407a3510	0x1407adcd0
0x1407a3510	0x1407b0420
0x1407a3510	0x1407b06b0
0x1407a3510	0x1407b4700
0x1407a3510	0x1407b48f0
0x1407a3510	0x1407b8bd4
0x1407a3510	0x1407d8190
0x1407a4972	0x1407b4700
0x1407a4972	0x1407bf650
0x1407a4a52	0x1407b06b0
0x1407a4a90	0x1407a4940
0x1407a4ab0	0x1407b06b0
0x1407a4b90	0x140789f80
0x1407a4b90	0x14078aae0
0x1407a4b90	0x14078ab80
0x1407a4b90	0x14078fc90
0x1407a4b90	0x14078ff10
0x1407a4b90	0x14078ff90
0x1407a4b90	0x140790010
0x1407a4b90	0x1407955f0
0x1407a4b90	0x1407956c0
0x1407a4b90	0x140795720
0x1407a4b90	0x140799d20
0x1407a4b90	0x140799e30
0x1407a4b90	0x14079a100
0x1407a4b90	0x14079a1e0
0x1407a4b90	0x14079a790
0x1407a4b90	0x14079d7f0
0x1407a4b90	0x14079e190
0x1407a4b90	0x1407a1340
0x1407a4b90	0x1407a1880
0x1407a4b90	0x1407a1fa0
0x1407a4b90	0x1407a2a90
0x1407a4b90	0x1407a3080
0x1407a4b90	0x1407a3510
0x1407a4b90	0x1407abfb0
0x1407a4b90	0x1407ac130
0x1407a4b90	0x1407ad020
0x1407a4b90	0x1407ad770
0x1407a4b90	0x1407adae0
0x1407a4b90	0x1407adba0
0x1407a4b90	0x1407adcd0
0x1407a4b90	0x1407b0420
0x1407a4b90	0x1407b06b0
0x1407a4b90	0x1407b4700
0x1407a4b90	0x1407b48f0
0x1407a4b90	0x1407b8bd4
0x1407a4b90	0x1407c0494
0x1407a4b90	0x1407d8190
0x1407a4b90	0x1407d86e0
0x1407aa710	0x1407ab810
0x1407aa710	0x1407b2230
0x1407aa7b0	0x14078a9b0
0x1407aa7b0	0x1407ac8a0
0x1407aa800	0x14078a9b0
0x1407aa800	0x1407ac7d0
0x1407aa800	0x1407aea90
0x1407aa960	0x1407ac990
0x1407aa960	0x1407ad480
0x1407aaa60	0x1407b8bd4
0x1407aaac0	0x1407b8bd4
0x1407aab20	0x1407af4b0
0x1407aab20	0x1407b8bd4
0x1407aab90	0x1407af540
0x1407aab90	0x1407b8bd4
0x1407aac00	0x1407aea90
0x1407aac90	0x1407bf3fc
0x1407aace0	0x1407ac7d0
0x1407aace0	0x1407c0d88
0x1407aad40	0x1407ac6e0
0x1407aad40	0x1407c10ac
0x1407aae20	0x1407ac6e0
0x1407aae20	0x1407c0c14
0x1407aae20	0x1407c169c
0x1407aaf10	0x1407b48f0
0x1407aaf10	0x1407c0b70
0x1407ab076	0x1407b48f0
0x1407ab076	0x1407c1350
0x1407ab200	0x1407af1b0
0x1407ab200	0x1407b06b0
0x1407ab200	0x1407b48f0
0x1407ab200	0x1407b8bd4
0x1407ab200	0x1407c0640
0x1407ab200	0x1407c1054
0x1407ab540	0x1407c1054
0x1407ab630	0x1407ab7a3
0x1407ab69f	0x1407beb54
0x1407ab69f	0x1407c0b70
0x1407ab7a3	0x1407b06b0
0x1407ab810	0x1407ac8a0
0x1407ab916	0x1407b48f0
0x1407ab9c6	0x1407b48f0
0x1407abaa0	0x14078a9b0
0x1407abaa0	0x1407ac7d0
0x1407abaa0	0x1407ac990
0x1407abaa0	0x1407ad480
0x1407abaa0	0x1407aea90
0x1407abc80	0x14078a9b0
0x1407abc80	0x1407ad390
0x1407abc80	0x1407ad430
0x1407abde0	0x1407b2230
0x1407abe60	0x1407b8bd4
0x1407abed0	0x1407b8bd4
0x1407abf70	0x1407ace80
0x1407abfb0	0x140783ff0
0x1407abfb0	0x1407b06d8
0x1407abfb0	0x1407b48f0
0x1407abfb0	0x1407b8bd4
0x1407ac130	0x1407b8bd4
0x1407ac190	0x1407b8bd4
0x1407ac280	0x140783ff0
0x1407ac280	0x1407b06d8
0x1407ac280	0x1407b48f0
0x1407ac280	0x1407b8bd4
0x1407ac360	0x1407aa710
0x1407ac3a0	0x1407b2230
0x1407ac410	0x1407ab810
0x1407ac4d0	0x14078beb0
0x1407ac510	0x1407b2230
0x1407ac580	0x1407b2230
0x1407ac5c0	0x1407ad430
0x1407ac600	0x1407ad390
0x1407ac715	0x1407b06b0
0x1407ac774	0x1407c0b70
0x1407ac7b2	0x1407b06b0
0x1407ac7d0	0x1407bedc0
0x1407ac8a0	0x1407ac6e0
0x1407ac8a0	0x1407bf5b0
0x1407ac990	0x1407b06d8
0x1407ac990	0x1407b1ee8
0x1407aca80	0x1407ad480
0x1407acb2f	0x1407accb6
0x1407acb2f	0x1407b48f0
0x1407acb7e	0x1407acca9
0x1407acb7e	0x1407b48f0
0x1407acbde	0x1407aefa0
0x1407acbde	0x1407b48f0
0x1407acccc	0x1407ad550
0x1407acce0	0x1407ace52
0x1407acd52	0x1407b06d8
0x1407ace6b	0x140783ff0
0x1407ace6b	0x1407b8bd4
0x1407ace77	0x14078a0e0
0x1407ace80	0x140783ff0
0x1407ace80	0x14078a0e0
0x1407ace80	0x1407b06d8
0x1407ace80	0x1407b48f0
0x1407ace80	0x1407b8bd4
0x1407ad020	0x1407ad154
0x1407ad020	0x1407b48f0
0x1407ad07b	0x1407b06d8
0x1407ad07b	0x1407b48f0
0x1407ad154	0x14078a0e0
0x1407ad170	0x140783ff0
0x1407ad170	0x1407b8bd4
0x1407ad1a3	0x1407b48f0
0x1407ad1e2	0x1407af320
0x1407ad210	0x1407b48f0
0x1407ad2a0	0x1407b8bd4
0x1407ad300	0x1407b06d8
0x1407ad300	0x1407b1ee8
0x1407ad390	0x14078a9b0
0x1407ad390	0x1407ac600
0x1407ad390	0x1407ad430
0x1407ad430	0x14078a9b0
0x1407ad480	0x14078a9b0
0x1407ad480	0x1407ad620
0x1407ad480	0x1407b06d8
0x1407ad480	0x1407b1ee8
0x1407ad480	0x1407b21b8
0x1407ad550	0x1407b1870
0x1407ad580	0x140783ff0
0x1407ad580	0x1407b06d8
0x1407ad580	0x1407b8bd4
0x1407ad5e0	0x1407b8bd4
0x1407ad620	0x14078a060
0x1407ad620	0x14078a5c0
0x1407ad620	0x1407b1aa0
0x1407ad620	0x1407b1b18
0x1407ad620	0x1407b1ea8
0x1407ad770	0x1407ad180
0x1407ad7d0	0x1407af5d0
0x1407ad7d0	0x1407b48f0
0x1407ad8b0	0x1407afa80
0x1407ad8d0	0x1407b0270
0x1407ad8d0	0x1407b48f0
0x1407ada20	0x1407be50c
0x1407ada80	0x1407be50c
0x1407adae0	0x1407be50c
0x1407adb40	0x1407be50c
0x1407adba0	0x1407b0420
0x1407adba0	0x1407b48f0
0x1407adcd0	0x1407afe20
0x1407adcf0	0x140783ff0
0x1407adcf0	0x1407856e0
0x1407adcf0	0x1407b06d8
0x1407adcf0	0x1407b48f0
0x1407adcf0	0x1407b8bd4
0x1407adde0	0x14078a9b0
0x1407adde0	0x1407ad390
0x1407adde0	0x1407ad430
0x1407ae050	0x1407ad390
0x1407ae050	0x1407ad620
0x1407ae050	0x1407af930
0x1407ae0a0	0x1407b06b0
0x1407ae0a0	0x1407b18b8
0x1407ae0a0	0x1407b18d4
0x1407ae0a0	0x1407b19d4
0x1407ae0a0	0x1407b2894
0x1407ae261	0x1407b06d8
0x1407ae261	0x1407b48f0
0x1407ae3a3	0x140783ff0
0x1407ae3a3	0x1407b8bd4
0x1407ae3af	0x1407856e0
0x1407ae406	0x1407b06d8
0x1407ae406	0x1407b48f0
0x1407ae52b	0x1407856e0
0x1407ae531	0x140783ff0
0x1407ae531	0x1407b8bd4
0x1407ae540	0x140783ff0
0x1407ae540	0x1407856e0
0x1407ae540	0x1407ac280
0x1407ae540	0x1407af4b0
0x1407ae540	0x1407b0170
0x1407ae540	0x1407b06d8
0x1407ae540	0x1407b8bd4
0x1407ae700	0x140783ff0
0x1407ae700	0x1407856e0
0x1407ae700	0x1407af540
0x1407ae700	0x1407b01f0
0x1407ae700	0x1407b06d8
0x1407ae700	0x1407b8bd4
0x1407ae8d0	0x140783ff0
0x1407ae8d0	0x1407856e0
0x1407ae8d0	0x1407abfb0
0x1407ae8d0	0x1407af540
0x1407ae8d0	0x1407b01f0
0x1407ae8d0	0x1407b06d8
0x1407ae8d0	0x1407b8bd4
0x1407aea90	0x14078a060
0x1407aea90	0x1407af7b0
0x1407aea90	0x1407b1aa0
0x1407aea90	0x1407b1b18
0x1407aea90	0x1407b1ea8
0x1407aecb9	0x1407b06d8
0x1407aecb9	0x1407b48f0
0x1407aedea	0x140783ff0
0x1407aedea	0x1407b8bd4
0x1407aedf6	0x14078a0e0
0x1407aee2f	0x1407b06d8
0x1407aee2f	0x1407b48f0
0x1407aef81	0x140783ff0
0x1407aef81	0x1407b8bd4
0x1407aef8d	0x14078a0e0
0x1407aefd2	0x1407b06d8
0x1407aefd2	0x1407b48f0
0x1407af192	0x140783ff0
0x1407af192	0x1407b8bd4
0x1407af19e	0x14078a0e0
0x1407af1e2	0x1407b06d8
0x1407af1e2	0x1407b48f0
0x1407af307	0x140783ff0
0x1407af307	0x1407b8bd4
0x1407af313	0x14078a0e0
0x1407af355	0x1407b06d8
0x1407af355	0x1407b48f0
0x1407af48e	0x140783ff0
0x1407af48e	0x1407b8bd4
0x1407af49a	0x14078a0e0
0x1407af532	0x1407b8bd4
0x1407af5c8	0x1407b8bd4
0x1407af604	0x1407b06d8
0x1407af604	0x1407b48f0
0x1407af77e	0x140783ff0
0x1407af77e	0x1407b8bd4
0x1407af78a	0x14078a0e0
0x1407af7b0	0x1407b06d8
0x1407af7b0	0x1407b1894
0x1407af7b0	0x1407b1aa0
0x1407af7b0	0x1407b1b18
0x1407af7b0	0x1407b205c
0x1407af7b0	0x1407b20c8
0x1407af930	0x14078a9b0
0x1407af930	0x1407ad390
0x1407af930	0x1407ad430
0x1407afa80	0x140783ff0
0x1407afa80	0x14078a0e0
0x1407afa80	0x1407b06d8
0x1407afa80	0x1407b48f0
0x1407afa80	0x1407b8bd4
0x1407afca0	0x140783ff0
0x1407afca0	0x1407b06d8
0x1407afca0	0x1407b48f0
0x1407afca0	0x1407b8bd4
0x1407afe20	0x140783ff0
0x1407afe20	0x14078a0e0
0x1407afe20	0x1407b06d8
0x1407afe20	0x1407b48f0
0x1407afe20	0x1407b8bd4
0x1407b0048	0x1407b06d8
0x1407b0048	0x1407b4700
0x1407b0048	0x1407b48f0
0x1407b0153	0x1407856e0
0x1407b0159	0x140783ff0
0x1407b0159	0x1407b8bd4
0x1407b0170	0x1407af4b0
0x1407b01f0	0x1407af540
0x1407b02a3	0x1407b06d8
0x1407b02a3	0x1407b48f0
0x1407b03ff	0x140783ff0
0x1407b03ff	0x1407b8bd4
0x1407b040b	0x14078a0e0
0x1407b0453	0x1407b06d8
0x1407b0453	0x1407b48f0
0x1407b0585	0x140783ff0
0x1407b0585	0x1407b8bd4
0x1407b0591	0x14078a0e0
0x1407b05c0	0x14079e190
0x1407b05c0	0x1407b2770
0x1407b05f0	0x1407b8bd4
0x1407b06b0	0x1407b09d4
0x1407b06d8	0x140783ff0
0x1407b06d8	0x1407b1138
0x1407b06d8	0x1407c17d0
0x1407b0750	0x1407b1158
0x1407b0750	0x1407b43d8
0x1407b0750	0x1407b4400
0x1407b079c	0x1407b1310
0x1407b08e4	0x1407b4400
0x1407b08e4	0x1407c29c4
0x1407b0910	0x1407c283c
0x1407b094c	0x1407b0910
0x1407b09d4	0x1407b09a0
0x1407b09d4	0x1407b0bc8
0x1407b0aa8	0x1407b0abc
0x1407b0abc	0x1407b09a0
0x1407b0abc	0x1407b0b58
0x1407b0c3c	0x1407b079c
0x1407b0c3c	0x1407b094c
0x1407b0c3c	0x1407b1310
0x1407b0d34	0x1407b0dfc
0x1407b0d94	0x1407b0e40
0x1407b0ea4	0x1407b079c
0x1407b0ea4	0x1407b094c
0x1407b0ea4	0x1407b1310
0x1407b0ea4	0x1407b163c
0x1407b0ea4	0x1407c1f44
0x1407b0ea4	0x1407c2b38
0x1407b0ea4	0x1407c323c
0x1407b0f5c	0x1407b1604
0x1407b0f6c	0x1407c45c0
0x1407b0f88	0x1407a4b90
0x1407b0f88	0x1407b0714
0x1407b0f88	0x1407b0750
0x1407b0f88	0x1407b0828
0x1407b0f88	0x1407b08c0
0x1407b0f88	0x1407b08e4
0x1407b0f88	0x1407b1310
0x1407b0f88	0x1407b1464
0x1407b0f88	0x1407c1cdc
0x1407b0f88	0x1407c2428
0x1407b0f88	0x1407c2a94
0x1407b0f88	0x1407c2acc
0x1407b1104	0x1407b0f88
0x1407b1104	0x1407b1538
0x1407b1138	0x1407b4628
0x1407b1310	0x1407b4700
0x1407b14c8	0x1407b4250
0x1407b14c8	0x1407b4264
0x1407b14c8	0x1407c0760
0x1407b1524	0x1407b06d8
0x1407b16c0	0x1407b4068
0x1407b16fc	0x1407b4068
0x1407b1744	0x1407b4068
0x1407b1780	0x1407b4068
0x1407b17bc	0x1407b4068
0x1407b1804	0x1407b4068
0x1407b184c	0x1407b16fc
0x1407b184c	0x1407b4628
0x1407b1870	0x1407b17bc
0x1407b1870	0x1407b4628
0x1407b1894	0x1407b1804
0x1407b1894	0x1407b4628
0x1407b1a04	0x1407b19d4
0x1407b1aa0	0x1407c46ac
0x1407b1b64	0x14078a1d0
0x1407b1b64	0x1407b06b0
0x1407b1b64	0x1407b8bd4
0x1407b1c48	0x1407b1b64
0x1407b1c48	0x1407b4628
0x1407b1d4c	0x1407b48f0
0x1407b1dd4	0x1407b48f0
0x1407b1e4c	0x1407b1fe0
0x1407b1ea8	0x1407b06d8
0x1407b1ee8	0x1407b1aa0
0x1407b1ee8	0x1407b1b18
0x1407b1ee8	0x1407b20e4
0x1407b1ee8	0x1407b2114
0x1407b1ee8	0x1407b48f0
0x1407b1fe0	0x1407b1aa0
0x1407b1fe0	0x1407b1b18
0x1407b205c	0x1407b1dd4
0x1407b205c	0x1407c4a10
0x1407b20c8	0x1407c4a10
0x1407b20e4	0x1407b06d8
0x1407b20e4	0x1407b1d4c
0x1407b2114	0x1407b2e44
0x1407b2184	0x1407b1aa0
0x1407b2184	0x1407b1b18
0x1407b2184	0x1407b2148
0x1407b21b8	0x1407b1aa0
0x1407b21b8	0x1407b1b18
0x1407b2230	0x1407b22a8
0x1407b2328	0x1407bf5b0
0x1407b2328	0x1407c1734
0x1407b2438	0x1407bf5b0
0x1407b2438	0x1407c1734
0x1407b2580	0x1407c4bf4
0x1407b2580	0x1407c4d88
0x1407b2580	0x1407c4db8
0x1407b2580	0x1407c5440
0x1407b2640	0x1407b3078
0x1407b2640	0x1407c4bf4
0x1407b2640	0x1407c4ce0
0x1407b2640	0x1407c4d88
0x1407b2640	0x1407c4db8
0x1407b2770	0x1407b3378
0x1407b2770	0x1407b33a0
0x1407b2894	0x1407b06b0
0x1407b2894	0x1407b1900
0x1407b2894	0x1407b1a04
0x1407b2908	0x1407b3078
0x1407b2908	0x1407c4bf4
0x1407b2908	0x1407c4c30
0x1407b2908	0x1407c4d88
0x1407b2908	0x1407c4db8
0x1407b2e44	0x1407c46d8
0x1407b2e80	0x1407858f0
0x1407b2e80	0x14078a0e0
0x1407b2e80	0x1407b06d8
0x1407b2e80	0x1407b4700
0x1407b2e80	0x1407b48f0
0x1407b2e80	0x1407b8bd4
0x1407b2fd8	0x1407b2e80
0x1407b2fd8	0x1407b4700
0x1407b3078	0x1407b06b0
0x1407b3078	0x1407d8190
0x1407b33d0	0x1407b5108
0x1407b3424	0x1407b5108
0x1407b3478	0x1407b5108
0x1407b35f0	0x1407b3478
0x1407b3624	0x1407b3478
0x1407b3624	0x1407b36bc
0x1407b3624	0x1407b7a14
0x1407b3688	0x1407b7ba0
0x1407b37ac	0x1407c46d8
0x1407b3a54	0x1407b06b0
0x1407b3b58	0x1407b06b0
0x1407b3e38	0x1407b5108
0x1407b3e74	0x1407b5108
0x1407b3e74	0x1407c46d8
0x1407b3ec8	0x1407b5108
0x1407b3edc	0x1407b5108
0x1407b3ef0	0x1407b5108
0x1407b3f08	0x1407b5108
0x1407b3f20	0x1407b5108
0x1407b3f20	0x1407b6d1c
0x1407b3fa8	0x1407b34cc
0x1407b3fa8	0x1407b5108
0x1407b3fa8	0x1407b6f54
0x1407b4068	0x1407c0780
0x1407b4194	0x1407b5108
0x1407b41e8	0x1407b5108
0x1407b41e8	0x1407c0760
0x1407b4250	0x1407b5108
0x1407b4264	0x1407b5108
0x1407b4278	0x1407c0760
0x1407b43bc	0x1407c46d8
0x1407b43d8	0x1407b5234
0x1407b43d8	0x1407b82ec
0x1407b43d8	0x1407b8320
0x1407b4400	0x1407b527c
0x1407b4400	0x1407b8320
0x1407b441c	0x1407b8370
0x1407b441c	0x1407d8240
0x1407b4f68	0x1407b51e4
0x1407b5108	0x1407b5124
0x1407b5108	0x1407c46d8
0x1407b5124	0x1407b85bc
0x1407b5124	0x1407b8604
0x1407b5234	0x1407b527c
0x1407b5234	0x1407b852c
0x1407b5234	0x1407b8604
0x1407b527c	0x1407b8574
0x1407b52a0	0x1407b534c
0x1407b52c8	0x1407b36bc
0x1407b5300	0x1407b36bc
0x1407b534c	0x1407c46d8
0x1407b549c	0x1407b3ec8
0x1407b549c	0x1407b3edc
0x1407b549c	0x1407b48f0
0x1407b549c	0x1407c46d8
0x1407b569c	0x1407b3ec8
0x1407b569c	0x1407b3edc
0x1407b569c	0x1407b48f0
0x1407b569c	0x1407c46d8
0x1407b58a0	0x1407b3edc
0x1407b58a0	0x1407b549c
0x1407b58a0	0x1407c46d8
0x1407b5960	0x1407b3edc
0x1407b5960	0x1407b569c
0x1407b5960	0x1407c46d8
0x1407b5a24	0x1407b36bc
0x1407b5a24	0x1407b3a54
0x1407b5a24	0x1407b3ec8
0x1407b5a24	0x1407b58a0
0x1407b5af8	0x1407b3b58
0x1407b5af8	0x1407b3ec8
0x1407b5af8	0x1407b5960
0x1407b5bcc	0x1407b06b0
0x1407b5bcc	0x1407b35f0
0x1407b5bcc	0x1407b36bc
0x1407b5bcc	0x1407b37ac
0x1407b5bcc	0x1407b3a54
0x1407b5bcc	0x1407b3ec8
0x1407b5bcc	0x1407b3edc
0x1407b5bcc	0x1407b3f08
0x1407b5bcc	0x1407b4120
0x1407b5bcc	0x1407b4628
0x1407b5bcc	0x1407b5108
0x1407b5bcc	0x1407b5a24
0x1407b5bcc	0x1407b6590
0x1407b5bcc	0x1407b6a98
0x1407b5bcc	0x1407b7e88
0x1407b5bcc	0x1407b7f20
0x1407b5bcc	0x1407b8010
0x1407b5bcc	0x1407c0760
0x1407b5bcc	0x1407c46d8
0x1407b6094	0x1407b06b0
0x1407b6094	0x1407b38ec
0x1407b6094	0x1407b3edc
0x1407b6094	0x1407b3f08
0x1407b6094	0x1407b4120
0x1407b6094	0x1407b4628
0x1407b6094	0x1407b5108
0x1407b6094	0x1407b5af8
0x1407b6094	0x1407b67a8
0x1407b6094	0x1407b6bd8
0x1407b6094	0x1407b71e8
0x1407b6094	0x1407b7f20
0x1407b6094	0x1407b8010
0x1407b6094	0x1407c0760
0x1407b6094	0x1407c46d8
0x1407b6590	0x1407b33d0
0x1407b6590	0x1407b37ac
0x1407b6590	0x1407b3ec8
0x1407b6590	0x1407b5108
0x1407b6590	0x1407b5a24
0x1407b6590	0x1407c46d8
0x1407b67a8	0x1407b06b0
0x1407b67a8	0x1407b3424
0x1407b67a8	0x1407b38ec
0x1407b67a8	0x1407b3ec8
0x1407b67a8	0x1407b5108
0x1407b67a8	0x1407b5af8
0x1407b67a8	0x1407b71e8
0x1407b67a8	0x1407c46d8
0x1407b6a98	0x1407b3ec8
0x1407b6a98	0x1407b3edc
0x1407b6bd8	0x1407b3ec8
0x1407b6bd8	0x1407b3edc
0x1407b6d1c	0x1407b3624
0x1407b6d1c	0x1407b3ec8
0x1407b6d1c	0x1407b3edc
0x1407b6d1c	0x1407b5108
0x1407b6d1c	0x1407b534c
0x1407b6d1c	0x1407b5bcc
0x1407b6d1c	0x1407b7a14
0x1407b6d1c	0x1407c46d8
0x1407b6f54	0x1407b3688
0x1407b6f54	0x1407b3edc
0x1407b6f54	0x1407b5108
0x1407b6f54	0x1407b53b4
0x1407b6f54	0x1407b6094
0x1407b6f54	0x1407b7ba0
0x1407b6f54	0x1407c46d8
0x1407b733c	0x1407b4068
0x1407b7398	0x1407b3e38
0x1407b7398	0x1407b3e74
0x1407b7398	0x1407b4120
0x1407b7398	0x1407b4194
0x1407b7398	0x1407b5108
0x1407b7398	0x1407b86d0
0x1407b7584	0x1407b3e38
0x1407b7584	0x1407b3e74
0x1407b7584	0x1407b4120
0x1407b7584	0x1407b4194
0x1407b7584	0x1407b5108
0x1407b7584	0x1407b8720
0x1407b7584	0x1407b8750
0x1407b7584	0x1407c46d8
0x1407b795c	0x1407b5108
0x1407b79e4	0x1407b5108
0x1407b79e4	0x1407b795c
0x1407b7a14	0x1407b3ec8
0x1407b7a14	0x1407b3ef0
0x1407b7a14	0x1407b5108
0x1407b7a14	0x1407b52a0
0x1407b7a14	0x1407b86d0
0x1407b7a14	0x1407c46d8
0x1407b7ba0	0x1407b06b0
0x1407b7ba0	0x1407b3ec8
0x1407b7ba0	0x1407b3ef0
0x1407b7ba0	0x1407b5108
0x1407b7ba0	0x1407b8154
0x1407b7ba0	0x1407b8224
0x1407b7ba0	0x1407b86d0
0x1407b7ba0	0x1407b8780
0x1407b7ba0	0x1407c46d8
0x1407b7e88	0x1407b36bc
0x1407b7e88	0x1407b52c8
0x1407b7e88	0x1407b5300
0x1407b7f20	0x1407b3ec8
0x1407b7f20	0x1407b3edc
0x1407b7f20	0x1407b6a98
0x1407b7f20	0x1407c46d8
0x1407b8010	0x1407b3ec8
0x1407b82ec	0x1407b8320
0x1407b82ec	0x1407b8658
0x1407b8370	0x1407b8390
0x1407b852c	0x1407b83dc
0x1407b8574	0x1407b83dc
0x1407b85bc	0x1407b83dc
0x1407b8604	0x1407b83dc
0x1407b8658	0x1407b83dc
0x1407b86d0	0x1407b8370
0x1407b86d0	0x1407b83a0
0x1407b8720	0x1407b8370
0x1407b8720	0x1407b83a0
0x1407b8750	0x1407b8370
0x1407b8780	0x1407b8370
0x1407b8780	0x1407b83a0
0x1407b87c8	0x1407c46d8
0x1407b87c8	0x1407c67e4
0x1407b8830	0x1407c67e4
0x1407b88e8	0x1407b06b0
0x1407b88e8	0x1407b4700
0x1407b8a60	0x1407b87c8
0x1407b8a60	0x1407b8afc
0x1407b8afc	0x1407b8830
0x1407b8afc	0x1407b889c
0x1407b8afc	0x1407b8c04
0x1407b8afc	0x1407d86c0
0x1407b8bb4	0x1407b8a60
0x1407b8bd4	0x1407b8a60
0x1407b8bd4	0x1407b8c04
0x1407b8c04	0x1407b88e8
0x1407b8c4c	0x1407baeec
0x1407b8c8c	0x1407b06b0
0x1407b8c8c	0x1407b8afc
0x1407b8c8c	0x1407bb518
0x1407b8c8c	0x1407c68b0
0x1407b8e3c	0x1407b06b0
0x1407b8e3c	0x1407b8afc
0x1407b8e3c	0x1407bbbf0
0x1407b8e3c	0x1407c68b0
0x1407b8ff4	0x1407c68b0
0x1407b8ff4	0x1407c6910
0x1407b909c	0x1407c68b0
0x1407b909c	0x1407c6910
0x1407b9188	0x1407b8afc
0x1407b9188	0x1407b8bb4
0x1407b9188	0x1407c5618
0x1407b943c	0x1407b8afc
0x1407b943c	0x1407b8bb4
0x1407b943c	0x1407c5618
0x1407b9ba8	0x1407b8afc
0x1407b9ba8	0x1407b8ff4
0x1407b9dac	0x1407b8afc
0x1407b9dac	0x1407b909c
0x1407b9fb8	0x1407b8afc
0x1407b9fb8	0x1407b8ff4
0x1407b9fb8	0x1407ba8cc
0x1407b9fb8	0x1407bac54
0x1407ba1bc	0x1407b8afc
0x1407ba1bc	0x1407b909c
0x1407ba1bc	0x1407ba978
0x1407ba1bc	0x1407bad04
0x1407ba3c8	0x1407b8afc
0x1407ba3c8	0x1407b8ff4
0x1407ba5cc	0x1407b8afc
0x1407ba5cc	0x1407b909c
0x1407baeec	0x1407b06b0
0x1407baeec	0x1407bb194
0x1407baeec	0x1407c68b0
0x1407baeec	0x1407c8090
0x1407baeec	0x1407c8158
0x1407bb074	0x1407b9188
0x1407bb104	0x1407b943c
0x1407bb194	0x1407b8afc
0x1407bb194	0x1407bb074
0x1407bb194	0x1407bbeac
0x1407bb194	0x1407bc36c
0x1407bb194	0x1407bdca0
0x1407bb194	0x1407bdd18
0x1407bb518	0x1407b8afc
0x1407bb518	0x1407bb074
0x1407bb518	0x1407bc034
0x1407bb518	0x1407bc8a4
0x1407bb518	0x1407bdca0
0x1407bb880	0x1407b8afc
0x1407bb880	0x1407bb074
0x1407bb880	0x1407bc034
0x1407bb880	0x1407bc8a4
0x1407bb880	0x1407bdca0
0x1407bbbf0	0x1407b8afc
0x1407bbbf0	0x1407bb104
0x1407bbbf0	0x1407bc1bc
0x1407bbbf0	0x1407bcd14
0x1407bbeac	0x1407b8afc
0x1407bbeac	0x1407bc36c
0x1407bc034	0x1407b8afc
0x1407bc034	0x1407bc8a4
0x1407bc1bc	0x1407b8afc
0x1407bc1bc	0x1407bcd14
0x1407bc36c	0x1407b06b0
0x1407bc36c	0x1407b9ba8
0x1407bc36c	0x1407b9fb8
0x1407bc36c	0x1407ba3c8
0x1407bc36c	0x1407bd37c
0x1407bc36c	0x1407bd854
0x1407bc36c	0x1407bd9ec
0x1407bc36c	0x1407bdaa4
0x1407bc36c	0x1407bdca0
0x1407bc36c	0x1407bdf00
0x1407bc36c	0x1407c7840
0x1407bc36c	0x1407c7d60
0x1407bc8a4	0x1407b06b0
0x1407bc8a4	0x1407b9ba8
0x1407bc8a4	0x1407b9fb8
0x1407bc8a4	0x1407ba3c8
0x1407bc8a4	0x1407bd37c
0x1407bc8a4	0x1407bd854
0x1407bc8a4	0x1407bd9ec
0x1407bc8a4	0x1407bdaa4
0x1407bc8a4	0x1407bdca0
0x1407bc8a4	0x1407bddb4
0x1407bc8a4	0x1407c7840
0x1407bc8a4	0x1407c7d60
0x1407bcd14	0x1407b06b0
0x1407bcd14	0x1407b9dac
0x1407bcd14	0x1407ba1bc
0x1407bcd14	0x1407ba5cc
0x1407bcd14	0x1407bd308
0x1407bcd14	0x1407bd5d8
0x1407bcd14	0x1407bd928
0x1407bcd14	0x1407bd9ec
0x1407bcd14	0x1407bdb40
0x1407bcd14	0x1407bdca0
0x1407bcd14	0x1407bde58
0x1407bcd14	0x1407c79f0
0x1407bcd14	0x1407c7e4c
0x1407bd37c	0x1407b8ff4
0x1407bd37c	0x1407bdca0
0x1407bd37c	0x1407c7558
0x1407bd5d8	0x1407b8ff4
0x1407bd5d8	0x1407bdca0
0x1407bd5d8	0x1407c7558
0x1407bd854	0x1407c7840
0x1407bd928	0x1407bdca0
0x1407bd928	0x1407c79f0
0x1407bd9ec	0x1407b8afc
0x1407bdb40	0x1407bdbdc
0x1407bdbdc	0x1407bdca0
0x1407bdca0	0x1407b87c8
0x1407bdca0	0x1407c69a4
0x1407bdca0	0x1407c6a10
0x1407bdd18	0x1407b8bb4
0x1407bdd18	0x1407c5618
0x1407bdd18	0x1407c8004
0x1407bddb4	0x1407b48f0
0x1407bde58	0x1407b48f0
0x1407bdfd0	0x1407b87c8
0x1407bdfd0	0x1407b8afc
0x1407bdfd0	0x1407b8c4c
0x1407be0f4	0x1407b87c8
0x1407be0f4	0x1407b8afc
0x1407be0f4	0x1407b8e3c
0x1407be2b8	0x1407b06b0
0x1407be2b8	0x1407b87c8
0x1407be2b8	0x1407b8afc
0x1407be2b8	0x1407bb880
0x1407be2b8	0x1407c68b0
0x1407be50c	0x1407b87c8
0x1407be50c	0x1407b8afc
0x1407be50c	0x1407b8c8c
0x1407be620	0x1407b87c8
0x1407be620	0x1407b8afc
0x1407be620	0x1407b8e3c
0x1407be78d	0x1407c66f4
0x1407be78d	0x1407c6970
0x1407be78d	0x1407c69dc
0x1407be800	0x1407b8bb4
0x1407be800	0x1407c5618
0x1407be8a0	0x1407b8bb4
0x1407be8a0	0x1407c5618
0x1407be8a0	0x1407c66f4
0x1407be8a0	0x1407c6970
0x1407be8a0	0x1407c69dc
0x1407be9d8	0x1407b8afc
0x1407be9d8	0x1407c8004
0x1407be9d8	0x1407c859c
0x1407be9d8	0x1407d8408
0x1407beb54	0x1407b87c8
0x1407beb54	0x1407be9d8
0x1407bebec	0x1407c66f4
0x1407bec18	0x1407c66f4
0x1407bec30	0x1407c68b0
0x1407bec30	0x1407c8670
0x1407bed64	0x1407c68b0
0x1407bed64	0x1407c9298
0x1407bed64	0x1407c934c
0x1407bedc0	0x1407b8bb4
0x1407bedc0	0x1407c5618
0x1407beeb0	0x1407b8bb4
0x1407beeb0	0x1407bf056
0x1407beeb0	0x1407c5618
0x1407beeb0	0x1407c66f4
0x1407beeb0	0x1407c6970
0x1407beeb0	0x1407c69dc
0x1407bef8b	0x1407c9390
0x1407bf074	0x1407bf320
0x1407bf110	0x1407bf074
0x1407bf1f4	0x1407bf320
0x1407bf234	0x1407bf110
0x1407bf294	0x1407c8004
0x1407bf294	0x1407c9e70
0x1407bf320	0x1407b87c8
0x1407bf320	0x1407bf234
0x1407bf320	0x1407bf294
0x1407bf320	0x1407c8004
0x1407bf320	0x1407c9518
0x1407bf3fc	0x1407bf1f4
0x1407bf3fc	0x1407bf234
0x1407bf464	0x1407c55a8
0x1407bf48c	0x1407b8afc
0x1407bf48c	0x1407bf508
0x1407bf508	0x1407b8afc
0x1407bf508	0x1407bf294
0x1407bf508	0x1407c68b0
0x1407bf508	0x1407c8004
0x1407bf508	0x1407c934c
0x1407bf508	0x1407ca338
0x1407bf5b0	0x1407b87c8
0x1407bf5b0	0x1407bf48c
0x1407bf650	0x1407b8bb4
0x1407bf650	0x1407c5618
0x1407bf77c	0x1407bf98c
0x1407bf77c	0x1407c8f30
0x1407bf77c	0x1407ca6c4
0x1407bf77c	0x1407d86c0
0x1407bf7e4	0x1407c6754
0x1407bf7e4	0x1407c8f80
0x1407bf848	0x1407c68b0
0x1407bf848	0x1407c8670
0x1407bf8ac	0x1407b8bb4
0x1407bf8ac	0x1407bf848
0x1407bf8ac	0x1407c55a8
0x1407bf8ac	0x1407c5618
0x1407bf8ac	0x1407c68b0
0x1407bf98c	0x1407bf7e4
0x1407bf9a4	0x1407b8afc
0x1407bf9a4	0x1407b8bb4
0x1407bf9a4	0x1407bdca0
0x1407bf9a4	0x1407c041c
0x1407bf9a4	0x1407c5618
0x1407bfc80	0x1407b8afc
0x1407bfc80	0x1407b8bb4
0x1407bfc80	0x1407bdca0
0x1407bfc80	0x1407c5618
0x1407bfc80	0x1407ca734
0x1407c041c	0x1407c4bf4
0x1407c041c	0x1407ca7a0
0x1407c0494	0x1407b87c8
0x1407c0494	0x1407bf9a4
0x1407c0548	0x1407b87c8
0x1407c0548	0x1407bf9a4
0x1407c05fc	0x1407b8bb4
0x1407c05fc	0x1407c5618
0x1407c05fc	0x1407ca8a8
0x1407c0640	0x1407b8bb4
0x1407c0640	0x1407c05fc
0x1407c0640	0x1407c5618
0x1407c0640	0x1407c8004
0x1407c0640	0x1407d8408
0x1407c0760	0x1407c46d8
0x1407c0760	0x1407c66f4
0x1407c0760	0x1407d86c0
0x1407c0780	0x1407b8bb4
0x1407c0780	0x1407c5618
0x1407c0800	0x1407c0840
0x1407c0840	0x1407c095c
0x1407c0840	0x1407c8090
0x1407c0840	0x1407c8158
0x1407c08c0	0x1407b8afc
0x1407c08c0	0x1407c0800
0x1407c095c	0x1407b48f0
0x1407c095c	0x1407b8afc
0x1407c095c	0x1407bf294
0x1407c095c	0x1407c8004
0x1407c095c	0x1407c859c
0x1407c095c	0x1407c9e70
0x1407c0b70	0x1407b87c8
0x1407c0b70	0x1407c08c0
0x1407c0c14	0x1407b8bb4
0x1407c0c14	0x1407c5618
0x1407c0c14	0x1407caf0c
0x1407c0c60	0x1407c0ca0
0x1407c0ca0	0x1407bf294
0x1407c0ca0	0x1407c68b0
0x1407c0ca0	0x1407c8670
0x1407c0ca0	0x1407c934c
0x1407c0d88	0x1407b87c8
0x1407c0d88	0x1407b8afc
0x1407c0d88	0x1407c0c60
0x1407c0f34	0x1407b8bb4
0x1407c0f34	0x1407c5618
0x1407c0f34	0x1407c8004
0x1407c0f34	0x1407cafb0
0x1407c1054	0x1407b8bb4
0x1407c1054	0x1407c0f34
0x1407c1054	0x1407c5618
0x1407c10ac	0x1407b8bb4
0x1407c10ac	0x1407c169c
0x1407c10ac	0x1407c5618
0x1407c10e4	0x1407b4700
0x1407c10e4	0x1407b48f0
0x1407c10e4	0x1407b8bb4
0x1407c10e4	0x1407c5618
0x1407c10e4	0x1407c8004
0x1407c10e4	0x1407ca8a8
0x1407c10e4	0x1407cb668
0x1407c1350	0x1407c1370
0x1407c1370	0x1407b4700
0x1407c1370	0x1407b8bb4
0x1407c1370	0x1407c10e4
0x1407c1370	0x1407c5618
0x1407c1418	0x1407b8afc
0x1407c1418	0x1407c15b0
0x1407c14b4	0x1407cbd3c
0x1407c15b0	0x1407bf294
0x1407c15b0	0x1407c14b4
0x1407c169c	0x1407b87c8
0x1407c169c	0x1407c1418
0x1407c1734	0x1407b87c8
0x1407c1734	0x1407c1418
0x1407c17d0	0x1407c1820
0x1407c17d0	0x1407d86c0
0x1407c18cc	0x1407c6754
0x1407c18cc	0x1407d86c0
0x1407c1a38	0x1407c1a70
0x1407c1a70	0x1407c0760
0x1407c1a70	0x1407c27d0
0x1407c1a70	0x1407c2a94
0x1407c1a70	0x1407d86c0
0x1407c1b30	0x1407c1a38
0x1407c1b30	0x1407c1c14
0x1407c1b30	0x1407c1c44
0x1407c1b30	0x1407ca704
0x1407c1c44	0x1407d86c0
0x1407c1cdc	0x1407c0760
0x1407c1ee4	0x1407c68b0
0x1407c1ee4	0x1407c8670
0x1407c1f44	0x1407b8bb4
0x1407c1f44	0x1407c1d24
0x1407c1f44	0x1407c1ee4
0x1407c1f44	0x1407c5618
0x1407c1f44	0x1407c68b0
0x1407c1f44	0x1407cc6fc
0x1407c1f44	0x1407cd028
0x1407c20c4	0x1407c2138
0x1407c20c4	0x1407c68b0
0x1407c20c4	0x1407cd028
0x1407c20c4	0x1407cd5f4
0x1407c2138	0x1407b8c04
0x1407c2138	0x1407c0780
0x1407c2138	0x1407c224c
0x1407c2138	0x1407c68b0
0x1407c2138	0x1407c8670
0x1407c224c	0x1407c68b0
0x1407c2290	0x1407c68b0
0x1407c2290	0x1407c8670
0x1407c2290	0x1407cd514
0x1407c2370	0x1407c224c
0x1407c238c	0x1407c224c
0x1407c23a8	0x1407c20c4
0x1407c23a8	0x1407c2290
0x1407c23e4	0x1407c224c
0x1407c23e4	0x1407c2370
0x1407c23e4	0x1407c238c
0x1407c2428	0x1407c20c4
0x1407c2428	0x1407c2290
0x1407c2480	0x1407c24f8
0x1407c24bc	0x1407c26a8
0x1407c24f8	0x1407c68b0
0x1407c24f8	0x1407cdb50
0x1407c26a8	0x1407c68b0
0x1407c26a8	0x1407d86c0
0x1407c27d0	0x1407c24bc
0x1407c283c	0x1407c2480
0x1407c28bc	0x1407c23e4
0x1407c2914	0x1407c68b0
0x1407c2954	0x1407c68b0
0x1407c29c4	0x1407cdce8
0x1407c2a94	0x1407d86c0
0x1407c2acc	0x1407d86c0
0x1407c2b08	0x1407b8bb4
0x1407c2b08	0x1407c5618
0x1407c2b38	0x1407b8bb4
0x1407c2b38	0x1407c5618
0x1407c2c94	0x1407c32a8
0x1407c2c94	0x1407c3ae4
0x1407c2c94	0x1407cf9e4
0x1407c2c94	0x1407cfbe4
0x1407c2c94	0x1407cfcfc
0x1407c2dd0	0x1407cfcfc
0x1407c2e40	0x1407c2e6c
0x1407c2e6c	0x1407c2c94
0x1407c2e6c	0x1407c68b0
0x1407c2e6c	0x1407c8670
0x1407c2efc	0x1407b8c04
0x1407c2efc	0x1407ce0b0
0x1407c2f74	0x1407b8c04
0x1407c2f74	0x1407c6910
0x1407c2f74	0x1407ce0b0
0x1407c3004	0x1407c2dd0
0x1407c3034	0x1407b8c04
0x1407c3034	0x1407c37ec
0x1407c3034	0x1407cd400
0x1407c30d8	0x1407b4700
0x1407c30d8	0x1407b8c04
0x1407c30d8	0x1407ce0b0
0x1407c30d8	0x1407cf710
0x1407c323c	0x1407b8bb4
0x1407c323c	0x1407c5618
0x1407c323c	0x1407c66f4
0x1407c3368	0x1407b06b0
0x1407c3368	0x1407b4700
0x1407c3368	0x1407b8c04
0x1407c3368	0x1407c2efc
0x1407c3368	0x1407c3034
0x1407c3368	0x1407c30d8
0x1407c3368	0x1407c40e4
0x1407c3368	0x1407c66f4
0x1407c3368	0x1407c8bdc
0x1407c3368	0x1407c8ce8
0x1407c3368	0x1407c9024
0x1407c3368	0x1407cd400
0x1407c3368	0x1407ce0b0
0x1407c3368	0x1407d051c
0x1407c3368	0x1407d0f7c
0x1407c37ec	0x1407b8c04
0x1407c37ec	0x1407ce020
0x1407c3854	0x1407b8bb4
0x1407c3854	0x1407c2e40
0x1407c3854	0x1407c5618
0x1407c3854	0x1407c66f4
0x1407c3854	0x1407c9038
0x1407c3854	0x1407cfc8c
0x1407c38f8	0x1407b8c04
0x1407c38f8	0x1407c37ec
0x1407c38f8	0x1407c68b0
0x1407c38f8	0x1407c6910
0x1407c38f8	0x1407ce020
0x1407c3ae4	0x1407b06b0
0x1407c3ae4	0x1407b0aa8
0x1407c3ae4	0x1407b8c04
0x1407c3ae4	0x1407c3368
0x1407c3ae4	0x1407c38f8
0x1407c3ae4	0x1407c3d7c
0x1407c3ae4	0x1407ce0b0
0x1407c3ae4	0x1407cf710
0x1407c3ae4	0x1407cf770
0x1407c3d7c	0x1407b06b0
0x1407c3d7c	0x1407b5020
0x1407c3d7c	0x1407b8c04
0x1407c3d7c	0x1407c2f74
0x1407c3d7c	0x1407c3368
0x1407c3d7c	0x1407c66f4
0x1407c3d7c	0x1407c68b0
0x1407c3d7c	0x1407c6910
0x1407c3d7c	0x1407cd400
0x1407c3d7c	0x1407cf7c8
0x1407c3d7c	0x1407d86c0
0x1407c40e4	0x1407b06b0
0x1407c40e4	0x1407b4700
0x1407c40e4	0x1407c42e0
0x1407c40e4	0x1407c4328
0x1407c40e4	0x1407c43b4
0x1407c40e4	0x1407c44a8
0x1407c40e4	0x1407cf710
0x1407c42e0	0x1407b8c04
0x1407c42e0	0x1407ce0b0
0x1407c4328	0x1407b8c04
0x1407c4328	0x1407c4538
0x1407c4328	0x1407ce0b0
0x1407c43b4	0x1407b8c04
0x1407c43b4	0x1407c4538
0x1407c43b4	0x1407c4bf4
0x1407c43b4	0x1407ce0b0
0x1407c43b4	0x1407cf5d0
0x1407c44a8	0x1407b8c04
0x1407c44a8	0x1407c4538
0x1407c44a8	0x1407cf5d0
0x1407c4538	0x1407c4bf4
0x1407c45c0	0x1407b8bb4
0x1407c45c0	0x1407c5618
0x1407c45f4	0x1407c4658
0x1407c46ac	0x1407c9038
0x1407c46d8	0x1407b88e8
0x1407c46d8	0x1407cdd6c
0x1407c46d8	0x1407cddbc
0x1407c4730	0x1407c4770
0x1407c4770	0x1407b8c04
0x1407c4770	0x1407c3854
0x1407c4770	0x1407c66f4
0x1407c4770	0x1407c68b0
0x1407c4770	0x1407c6910
0x1407c4770	0x1407c8670
0x1407c4770	0x1407d1514
0x1407c4770	0x1407d1a10
0x1407c4a10	0x1407c4730
0x1407c4a10	0x1407c9038
0x1407c4a5c	0x1407b8bb4
0x1407c4a5c	0x1407c5618
0x1407c4a5c	0x1407ca564
0x1407c4a5c	0x1407d2090
0x1407c4b18	0x1407b8bb4
0x1407c4b18	0x1407c5618
0x1407c4b18	0x1407ca564
0x1407c4b18	0x1407d212c
0x1407c4bf4	0x1407c66f4
0x1407c4bf4	0x1407c6970
0x1407c4c30	0x1407c66f4
0x1407c4c30	0x1407c6970
0x1407c4c30	0x1407ca7a0
0x1407c4ce0	0x1407c66f4
0x1407c4ce0	0x1407c6970
0x1407c4ce0	0x1407ca7a0
0x1407c4d88	0x1407c66f4
0x1407c4d88	0x1407c6970
0x1407c4db8	0x1407c66f4
0x1407c4db8	0x1407c6970
0x1407c4dec	0x1407b06b0
0x1407c4dec	0x1407b4700
0x1407c4dec	0x1407c68b0
0x1407c4dec	0x1407c8670
0x1407c4dec	0x1407cf7c8
0x1407c4dec	0x1407d2344
0x1407c4dec	0x1407d2840
0x1407c5440	0x1407b8c04
0x1407c5440	0x1407cd400
0x1407c55a8	0x1407c54d8
0x1407c55a8	0x1407c55f4
0x1407c55a8	0x1407c5618
0x1407c55d0	0x1407c54d8
0x1407c55f4	0x1407c6754
0x1407c5618	0x1407c6754
0x1407c5640	0x1407c5acc
0x1407c5acc	0x1407b4700
0x1407c5acc	0x1407b48f0
0x1407c5acc	0x1407b8bb4
0x1407c5acc	0x1407c5618
0x1407c5b78	0x1407c55a8
0x1407c5b78	0x1407c5618
0x1407c5b78	0x1407c68b0
0x1407c5b78	0x1407c6910
0x1407c5d18	0x1407c5618
0x1407c5d18	0x1407cd514
0x1407c61e0	0x1407b87c8
0x1407c61e0	0x1407bfc80
0x1407c6304	0x1407c668c
0x1407c6344	0x1407c668c
0x1407c638c	0x1407c68b0
0x1407c63ec	0x1407c62c4
0x1407c63ec	0x1407c6344
0x1407c64bc	0x1407c64dc
0x1407c64bc	0x1407c68b0
0x1407c64dc	0x1407c6304
0x1407c64dc	0x1407c638c
0x1407c64dc	0x1407c68b0
0x1407c65d4	0x1407c63ec
0x1407c65d4	0x1407c68b0
0x1407c65d4	0x1407c8670
0x1407c668c	0x1407cf9e4
0x1407c668c	0x1407cfbe4
0x1407c66f4	0x1407c46d8
0x1407c66f4	0x1407c6754
0x1407c6710	0x1407c46d8
0x1407c6710	0x1407c65d4
0x1407c6754	0x1407c65d4
0x1407c67e4	0x1407c65d4
0x1407c6840	0x1407c6754
0x1407c6840	0x1407c6884
0x1407c6840	0x1407c9210
0x1407c68b0	0x1407c54d8
0x1407c68b0	0x1407c5618
0x1407c6910	0x1407c17d0
0x1407c6910	0x1407c5618
0x1407c6970	0x1407cfc8c
0x1407c69a4	0x1407cfc8c
0x1407c69dc	0x1407cd088
0x1407c6a10	0x1407cd088
0x1407c6a48	0x1407b4700
0x1407c6a48	0x1407b8afc
0x1407c6a48	0x1407bdca0
0x1407c6a48	0x1407c6ddc
0x1407c6a48	0x1407c7440
0x1407c6ddc	0x1407c6ee0
0x1407c6ddc	0x1407d2fd0
0x1407c6ddc	0x1407d30e0
0x1407c6ee0	0x1407b48f0
0x1407c6ee0	0x1407b8afc
0x1407c6ee0	0x1407b8c04
0x1407c6ee0	0x1407bdca0
0x1407c6ee0	0x1407c0780
0x1407c70c4	0x1407c719c
0x1407c70c4	0x1407d2fd0
0x1407c70c4	0x1407d30e0
0x1407c719c	0x1407b4700
0x1407c719c	0x1407b48f0
0x1407c719c	0x1407bdca0
0x1407c72ec	0x1407c6ee0
0x1407c72ec	0x1407c719c
0x1407c72ec	0x1407d2fd0
0x1407c72ec	0x1407d30e0
0x1407c7440	0x1407d2dd0
0x1407c7558	0x1407b8afc
0x1407c7558	0x1407b8c04
0x1407c7558	0x1407c0780
0x1407c7558	0x1407c6a48
0x1407c7558	0x1407c6ddc
0x1407c7558	0x1407c70c4
0x1407c7558	0x1407c72ec
0x1407c7840	0x1407b4700
0x1407c7840	0x1407b8afc
0x1407c7840	0x1407bdca0
0x1407c7840	0x1407cd514
0x1407c79f0	0x1407bdca0
0x1407c79f0	0x1407c7e04
0x1407c7ba0	0x1407b06b0
0x1407c7e04	0x1407c7ba0
0x1407c7e4c	0x1407c7ba0
0x1407c8004	0x1407b8bb4
0x1407c8004	0x1407c5618
0x1407c8044	0x1407c8004
0x1407c8044	0x1407d4420
0x1407c8090	0x1407c68b0
0x1407c8090	0x1407c6910
0x1407c8090	0x1407c8044
0x1407c8158	0x1407bf294
0x1407c8198	0x1407b4700
0x1407c8198	0x1407ce2ec
0x1407c83a0	0x1407c8198
0x1407c83a0	0x1407c8298
0x1407c83a0	0x1407ce2ec
0x1407c83dc	0x1407ce29c
0x1407c841c	0x1407c8004
0x1407c841c	0x1407c9e70
0x1407c841c	0x1407cbc98
0x1407c8514	0x1407ce6a0
0x1407c859c	0x1407c8004
0x1407c859c	0x1407c8044
0x1407c859c	0x1407c841c
0x1407c859c	0x1407c8514
0x1407c859c	0x1407cafb0
0x1407c8670	0x1407c17d0
0x1407c8670	0x1407c5618
0x1407c8790	0x1407c46d8
0x1407c8944	0x1407c8790
0x1407c8944	0x1407d86c0
0x1407c89a0	0x1407c8790
0x1407c89a0	0x1407d86c0
0x1407c89fc	0x1407c8790
0x1407c89fc	0x1407d86c0
0x1407c8a48	0x1407c8ecc
0x1407c8a48	0x1407d86c0
0x1407c8b0c	0x1407c86fc
0x1407c8b0c	0x1407c8790
0x1407c8b0c	0x1407d86c0
0x1407c8bdc	0x1407c8790
0x1407c8bdc	0x1407c8ecc
0x1407c8bdc	0x1407d86c0
0x1407c8c70	0x1407c8790
0x1407c8c70	0x1407c8d50
0x1407c8c70	0x1407d86c0
0x1407c8ce8	0x1407c8790
0x1407c8ce8	0x1407c8ecc
0x1407c8ce8	0x1407d86c0
0x1407c8d50	0x1407c8790
0x1407c8d50	0x1407d4480
0x1407c8d50	0x1407d86c0
0x1407c8dd8	0x1407c8790
0x1407c8dd8	0x1407c8ecc
0x1407c8dd8	0x1407d86c0
0x1407c8ecc	0x1407c8790
0x1407c8ecc	0x1407d4568
0x1407c8ecc	0x1407d86c0
0x1407c8f30	0x1407c8790
0x1407c8f30	0x1407d86c0
0x1407c8f80	0x1407c8790
0x1407c8f80	0x1407d86c0
0x1407c8fc4	0x1407c46d8
0x1407c8fc4	0x1407c8790
0x1407c8fc4	0x1407d86c0
0x1407c9038	0x1407c8790
0x1407c9210	0x1407c8790
0x1407c9298	0x1407bf5b0
0x1407c9298	0x1407c68b0
0x1407c934c	0x1407c68b0
0x1407c9390	0x1407be740
0x1407c9390	0x1407d4610
0x1407c948c	0x1407c55f4
0x1407c948c	0x1407c5618
0x1407c948c	0x1407ce6a0
0x1407c9518	0x1407b8bb4
0x1407c9518	0x1407c5618
0x1407c9518	0x1407c948c
0x1407c95ac	0x1407b06b0
0x1407c95ac	0x1407b48f0
0x1407c95ac	0x1407bdca0
0x1407c95ac	0x1407c79f0
0x1407c95ac	0x1407c7e4c
0x1407c95ac	0x1407cd514
0x1407c9a40	0x1407b06b0
0x1407c9a40	0x1407d8190
0x1407c9b48	0x1407b06b0
0x1407c9b48	0x1407d8190
0x1407c9c64	0x1407b06b0
0x1407c9c64	0x1407cd514
0x1407c9c64	0x1407d8190
0x1407c9dd8	0x1407b87c8
0x1407c9dd8	0x1407c9e70
0x1407c9e70	0x1407b8afc
0x1407c9e70	0x1407c9f90
0x1407c9f90	0x1407b8afc
0x1407c9f90	0x1407bdca0
0x1407c9f90	0x1407c55d0
0x1407c9f90	0x1407c95ac
0x1407c9f90	0x1407c9a40
0x1407c9f90	0x1407c9b48
0x1407c9f90	0x1407c9c64
0x1407c9f90	0x1407d4420
0x1407c9f90	0x1407d4698
0x1407ca2c0	0x1407ca494
0x1407ca338	0x1407b8afc
0x1407ca338	0x1407ca2c0
0x1407ca3fc	0x1407b87c8
0x1407ca3fc	0x1407ca494
0x1407ca494	0x1407c55d0
0x1407ca494	0x1407ce6a0
0x1407ca564	0x1407ca5d8
0x1407ca5d8	0x1407c68b0
0x1407ca5d8	0x1407c8670
0x1407ca6c4	0x1407c89a0
0x1407ca704	0x1407c8944
0x1407ca7a0	0x1407b06b0
0x1407ca7a0	0x1407be740
0x1407ca7a0	0x1407cf7c8
0x1407ca8a8	0x1407b8bb4
0x1407ca8a8	0x1407c5618
0x1407ca8a8	0x1407c8004
0x1407ca8a8	0x1407cafb0
0x1407ca8a8	0x1407cb548
0x1407caa14	0x1407b8afc
0x1407caa14	0x1407caa80
0x1407caa80	0x1407b8afc
0x1407caa80	0x1407c8004
0x1407caa80	0x1407cabd0
0x1407caa80	0x1407cad2c
0x1407cabd0	0x1407c8004
0x1407cad2c	0x1407b06b0
0x1407cad2c	0x1407c8004
0x1407cad2c	0x1407d8190
0x1407caf0c	0x1407b87c8
0x1407caf0c	0x1407caa14
0x1407cafb0	0x1407c68b0
0x1407cafb0	0x1407c8670
0x1407cb01c	0x1407cbd3c
0x1407cb218	0x1407c55a8
0x1407cb218	0x1407c5618
0x1407cb218	0x1407cbd3c
0x1407cb548	0x1407b8bb4
0x1407cb548	0x1407c55f4
0x1407cb548	0x1407c5618
0x1407cb548	0x1407cb668
0x1407cb668	0x1407b8bb4
0x1407cb668	0x1407c55a8
0x1407cb668	0x1407c55f4
0x1407cb668	0x1407c5618
0x1407cb668	0x1407c68b0
0x1407cb668	0x1407c6910
0x1407cb668	0x1407cb01c
0x1407cb668	0x1407cb218
0x1407cb668	0x1407cbd3c
0x1407cb668	0x1407d4420
0x1407cbac8	0x1407b8afc
0x1407cbac8	0x1407cbbe8
0x1407cbbe8	0x1407c55d0
0x1407cbbe8	0x1407ce6a0
0x1407cbc98	0x1407b87c8
0x1407cbc98	0x1407cbac8
0x1407cbd3c	0x1407b87c8
0x1407cbd3c	0x1407cbbe8
0x1407cbe28	0x1407c5618
0x1407cbe28	0x1407c68b0
0x1407cbe28	0x1407c6910
0x1407cbe28	0x1407cd514
0x1407cbfd4	0x1407b8bb4
0x1407cbfd4	0x1407b8c04
0x1407cbfd4	0x1407bf650
0x1407cbfd4	0x1407c1ee4
0x1407cbfd4	0x1407c5618
0x1407cbfd4	0x1407c68b0
0x1407cbfd4	0x1407cc210
0x1407cbfd4	0x1407cc394
0x1407cbfd4	0x1407d4b20
0x1407cc210	0x1407b8c04
0x1407cc210	0x1407bf650
0x1407cc210	0x1407c68b0
0x1407cc210	0x1407c8670
0x1407cc210	0x1407cdb50
0x1407cc394	0x1407b06b0
0x1407cc394	0x1407b4700
0x1407cc394	0x1407be740
0x1407cc394	0x1407c5b78
0x1407cc394	0x1407c68b0
0x1407cc394	0x1407c89fc
0x1407cc394	0x1407cbe28
0x1407cc394	0x1407cc210
0x1407cc394	0x1407d46e0
0x1407cc6fc	0x1407b06b0
0x1407cc6fc	0x1407be740
0x1407cc6fc	0x1407c5d18
0x1407cc6fc	0x1407c89fc
0x1407cc820	0x1407b4700
0x1407cc820	0x1407b8bb4
0x1407cc820	0x1407c5618
0x1407cc820	0x1407c68b0
0x1407cc9f0	0x1407be740
0x1407cca70	0x1407b4700
0x1407ccb08	0x1407b06b0
0x1407ccb08	0x1407cf7c8
0x1407ccb08	0x1407d2840
0x1407ccd00	0x1407c5618
0x1407ccd00	0x1407c68b0
0x1407ccd00	0x1407c6910
0x1407ccd00	0x1407cc820
0x1407ccd00	0x1407cc9f0
0x1407ccd00	0x1407ccf70
0x1407ccd00	0x1407cd0a4
0x1407ccf70	0x1407c46d8
0x1407ccf70	0x1407c68b0
0x1407cd028	0x1407c6710
0x1407cd028	0x1407ccd00
0x1407cd088	0x1407c66f4
0x1407cd088	0x1407ccf70
0x1407cd0a4	0x1407b06b0
0x1407cd0a4	0x1407b4700
0x1407cd0a4	0x1407cc9f0
0x1407cd0a4	0x1407cca70
0x1407cd0a4	0x1407ccb08
0x1407cd36c	0x1407be740
0x1407cd400	0x1407b8bb4
0x1407cd400	0x1407c5618
0x1407cd5f4	0x1407c68b0
0x1407cd5f4	0x1407c6910
0x1407cd5f4	0x1407cd514
0x1407cd704	0x1407b8c04
0x1407cd704	0x1407c0780
0x1407cd704	0x1407c23a8
0x1407cd704	0x1407c5618
0x1407cd704	0x1407c68b0
0x1407cd704	0x1407c8670
0x1407cd704	0x1407cda5c
0x1407cd704	0x1407cdb50
0x1407cd704	0x1407d4f90
0x1407cd704	0x1407d5134
0x1407cda5c	0x1407b8c04
0x1407cda5c	0x1407c0780
0x1407cda5c	0x1407c46d8
0x1407cda5c	0x1407c68b0
0x1407cda5c	0x1407c8670
0x1407cdb50	0x1407b4700
0x1407cdb50	0x1407c5618
0x1407cdb50	0x1407d2d50
0x1407cdb50	0x1407d52e0
0x1407cdc68	0x1407d86c0
0x1407cdce8	0x1407d86c0
0x1407cdd6c	0x1407cdd24
0x1407cddbc	0x1407b8bb4
0x1407cddbc	0x1407c5618
0x1407cddbc	0x1407c66f4
0x1407cddbc	0x1407c6754
0x1407cddbc	0x1407d86c0
0x1407ce020	0x1407b8bb4
0x1407ce020	0x1407c5618
0x1407ce0b0	0x1407b8bb4
0x1407ce0b0	0x1407c5618
0x1407ce1b8	0x1407b8bb4
0x1407ce1b8	0x1407c5618
0x1407ce1f4	0x1407c68b0
0x1407ce1f4	0x1407c8670
0x1407ce29c	0x1407c68b0
0x1407ce2ec	0x1407b8bb4
0x1407ce2ec	0x1407c5618
0x1407ce2ec	0x1407ce1f4
0x1407ce3bc	0x1407c55f4
0x1407ce3bc	0x1407c5618
0x1407ce4a4	0x1407ce1f4
0x1407ce5e4	0x1407c55f4
0x1407ce5e4	0x1407c5618
0x1407ce6a0	0x1407b8bb4
0x1407ce6a0	0x1407c55f4
0x1407ce6a0	0x1407c5618
0x1407ce730	0x1407c68b0
0x1407ce83c	0x1407c68b0
0x1407ce83c	0x1407c8670
0x1407ce83c	0x1407ce730
0x1407ce83c	0x1407d2344
0x1407ced58	0x1407c68b0
0x1407cedc4	0x1407c68b0
0x1407cedc4	0x1407c6910
0x1407cedc4	0x1407c8670
0x1407cedc4	0x1407ced58
0x1407cedc4	0x1407d2344
0x1407cf0ac	0x1407c68b0
0x1407cf0e0	0x1407c2f74
0x1407cf0e0	0x1407d2344
0x1407cf420	0x1407c68b0
0x1407cf420	0x1407cf0ac
0x1407cf528	0x1407c68b0
0x1407cf528	0x1407c8670
0x1407cf528	0x1407cf0e0
0x1407cf528	0x1407cf420
0x1407cf5d0	0x1407b8bb4
0x1407cf5d0	0x1407c5618
0x1407cf7c8	0x1407b06b0
0x1407cf7c8	0x1407b4700
0x1407cf7c8	0x1407be740
0x1407cf7c8	0x1407c68b0
0x1407cf7c8	0x1407c6910
0x1407cf7c8	0x1407d8190
0x1407cf9e4	0x1407c68b0
0x1407cf9e4	0x1407ce730
0x1407cf9e4	0x1407ced58
0x1407cf9e4	0x1407cfb84
0x1407cfb84	0x1407c68b0
0x1407cfb84	0x1407cf420
0x1407cfc8c	0x1407c46d8
0x1407cfc8c	0x1407c66f4
0x1407cfc8c	0x1407cfcfc
0x1407cfcfc	0x1407cf9e4
0x1407cfcfc	0x1407cfbe4
0x1407cfd64	0x1407b06b0
0x1407cfd64	0x1407b8c04
0x1407cfd64	0x1407c8c70
0x1407cfd64	0x1407ce0b0
0x1407cfe0c	0x1407c8b0c
0x1407cfedc	0x1407c8b0c
0x1407cff74	0x1407b06b0
0x1407cff74	0x1407b8c04
0x1407cff74	0x1407c66f4
0x1407cff74	0x1407c8bdc
0x1407cff74	0x1407ce0b0
0x1407cff74	0x1407d0414
0x1407d0268	0x1407b06b0
0x1407d0268	0x1407b8c04
0x1407d0268	0x1407c66f4
0x1407d0268	0x1407c8bdc
0x1407d0268	0x1407ce0b0
0x1407d0354	0x1407c61e0
0x1407d0354	0x1407c8bdc
0x1407d0414	0x1407b06b0
0x1407d0414	0x1407c8bdc
0x1407d051c	0x1407b8c04
0x1407d051c	0x1407c66f4
0x1407d051c	0x1407c8bdc
0x1407d051c	0x1407ce0b0
0x1407d051c	0x1407cfd64
0x1407d051c	0x1407cfe0c
0x1407d051c	0x1407cfedc
0x1407d051c	0x1407d0354
0x1407d051c	0x1407d0480
0x1407d051c	0x1407d5468
0x1407d0798	0x1407b06b0
0x1407d0798	0x1407c66f4
0x1407d0880	0x1407c66f4
0x1407d0950	0x1407c66f4
0x1407d09e8	0x1407b06b0
0x1407d09e8	0x1407c66f4
0x1407d09e8	0x1407d0e38
0x1407d0c2c	0x1407b06b0
0x1407d0c2c	0x1407c66f4
0x1407d0c2c	0x1407d0e38
0x1407d0d84	0x1407c61e0
0x1407d0e38	0x1407c66f4
0x1407d0f7c	0x1407b06b0
0x1407d0f7c	0x1407c66f4
0x1407d0f7c	0x1407c8d50
0x1407d0f7c	0x1407d0880
0x1407d0f7c	0x1407d0950
0x1407d0f7c	0x1407d0d84
0x1407d0f7c	0x1407d0ef4
0x1407d0f7c	0x1407d5468
0x1407d11fc	0x1407b8afc
0x1407d11fc	0x1407d131c
0x1407d131c	0x1407b8afc
0x1407d131c	0x1407bdca0
0x1407d131c	0x1407c7e4c
0x1407d1514	0x1407b87c8
0x1407d1514	0x1407d11fc
0x1407d15bc	0x1407b8afc
0x1407d15bc	0x1407d16d0
0x1407d16d0	0x1407b06b0
0x1407d16d0	0x1407b8afc
0x1407d16d0	0x1407bdca0
0x1407d16d0	0x1407cd514
0x1407d16d0	0x1407d5748
0x1407d1a10	0x1407b87c8
0x1407d1a10	0x1407d15bc
0x1407d1ac8	0x1407b8bb4
0x1407d1ac8	0x1407c5618
0x1407d1ac8	0x1407d58e0
0x1407d1ac8	0x1407d8a90
0x1407d1d8c	0x1407b8bb4
0x1407d1d8c	0x1407c5618
0x1407d2090	0x1407d1ac8
0x1407d2090	0x1407d62c8
0x1407d212c	0x1407d1d8c
0x1407d212c	0x1407d6710
0x1407d21c8	0x1407b06b0
0x1407d21c8	0x1407be740
0x1407d21c8	0x1407c68b0
0x1407d21c8	0x1407c6910
0x1407d21c8	0x1407c8bdc
0x1407d21c8	0x1407cd514
0x1407d21c8	0x1407d8190
0x1407d2344	0x1407b06b0
0x1407d2344	0x1407b8c04
0x1407d2344	0x1407bf650
0x1407d2344	0x1407c68b0
0x1407d2344	0x1407c8670
0x1407d2344	0x1407c8bdc
0x1407d2344	0x1407d21c8
0x1407d250c	0x1407b06b0
0x1407d250c	0x1407c68b0
0x1407d250c	0x1407c6910
0x1407d250c	0x1407c8dd8
0x1407d250c	0x1407cd514
0x1407d250c	0x1407d8190
0x1407d2840	0x1407be740
0x1407d2840	0x1407d250c
0x1407d28e0	0x1407d2910
0x1407d2c20	0x1407c5618
0x1407d2d50	0x1407c17d0
0x1407d2d50	0x1407c5618
0x1407d2d50	0x1407c68b0
0x1407d2d50	0x1407c6910
0x1407d2f00	0x1407d2dd0
0x1407d2fd0	0x1407b48f0
0x1407d2fd0	0x1407b8afc
0x1407d2fd0	0x1407d2f00
0x1407d30e0	0x1407b06b0
0x1407d30e0	0x1407b4700
0x1407d30e0	0x1407b48f0
0x1407d30e0	0x1407b8bb4
0x1407d30e0	0x1407b8c04
0x1407d30e0	0x1407c0780
0x1407d30e0	0x1407c5618
0x1407d30e0	0x1407c5640
0x1407d30e0	0x1407c5acc
0x1407d30e0	0x1407d6cf0
0x1407d30e0	0x1407d6d60
0x1407d30e0	0x1407d6d80
0x1407d30e0	0x1407d6df0
0x1407d30e0	0x1407d6f20
0x1407d4420	0x1407b8bb4
0x1407d4420	0x1407c5618
0x1407d4480	0x1407b8c04
0x1407d4480	0x1407cd400
0x1407d4610	0x1407c8dd8
0x1407d4698	0x1407d74cc
0x1407d4698	0x1407d753c
0x1407d46e0	0x1407b4700
0x1407d46e0	0x1407b8bb4
0x1407d46e0	0x1407c5618
0x1407d46e0	0x1407d4a58
0x1407d46e0	0x1407d6ccc
0x1407d4a58	0x1407b06b0
0x1407d4a80	0x1407b06b0
0x1407d4b20	0x1407d4a80
0x1407d4ee0	0x1407b8bb4
0x1407d4ee0	0x1407be740
0x1407d4ee0	0x1407c5618
0x1407d4f74	0x1407cd028
0x1407d4f90	0x1407d511c
0x1407d4f90	0x1407d58e0
0x1407d4fc3	0x1407b8bb4
0x1407d4fc3	0x1407c5618
0x1407d4fc3	0x1407c66f4
0x1407d4fc3	0x1407c6970
0x1407d4fc3	0x1407c69dc
0x1407d4fc3	0x1407d5970
0x1407d4fc3	0x1407d798c
0x1407d5134	0x1407be740
0x1407d5134	0x1407c5b78
0x1407d5134	0x1407c68b0
0x1407d5134	0x1407c89fc
0x1407d52e0	0x1407b8bb4
0x1407d52e0	0x1407c5618
0x1407d5328	0x1407b8bb4
0x1407d5328	0x1407c5618
0x1407d53fc	0x1407b8bb4
0x1407d53fc	0x1407c5618
0x1407d53fc	0x1407d5328
0x1407d5468	0x1407d53fc
0x1407d5530	0x1407b8bb4
0x1407d5530	0x1407c5618
0x1407d5530	0x1407c66f4
0x1407d5530	0x1407c6970
0x1407d5530	0x1407c69dc
0x1407d5530	0x1407d56e8
0x1407d562a	0x1407c9390
0x1407d5748	0x1407b06b0
0x1407d5748	0x1407b48f0
0x1407d5748	0x1407c7d60
0x1407d58a0	0x1407b8bb4
0x1407d58a0	0x1407c5618
0x1407d58e0	0x1407d58a0
0x1407d58e0	0x1407d5970
0x1407d5970	0x1407b8bb4
0x1407d5970	0x1407c5618
0x1407d5970	0x1407c66f4
0x1407d5970	0x1407c6970
0x1407d5970	0x1407c69dc
0x1407d5acc	0x1407b8bb4
0x1407d5acc	0x1407c5618
0x1407d5acc	0x1407d61ac
0x1407d5b90	0x1407b8bb4
0x1407d5b90	0x1407c5618
0x1407d5b90	0x1407d62fc
0x1407d5c54	0x1407b8c04
0x1407d5c54	0x1407c2b08
0x1407d5c54	0x1407c5618
0x1407d5c54	0x1407c9dd8
0x1407d5c54	0x1407cb668
0x1407d5c54	0x1407cbd3c
0x1407d5ed4	0x1407b8bb4
0x1407d5ed4	0x1407b8c04
0x1407d5ed4	0x1407c2b08
0x1407d5ed4	0x1407c5618
0x1407d60e8	0x1407c55f4
0x1407d60e8	0x1407c5618
0x1407d60e8	0x1407cb668
0x1407d60e8	0x1407cbd3c
0x1407d60e8	0x1407d7a18
0x1407d61ac	0x1407be740
0x1407d61ac	0x1407c5b78
0x1407d61ac	0x1407c68b0
0x1407d61ac	0x1407c89fc
0x1407d61ac	0x1407d62fc
0x1407d62c8	0x1407d5acc
0x1407d62fc	0x1407c55a8
0x1407d62fc	0x1407c55f4
0x1407d62fc	0x1407c5618
0x1407d62fc	0x1407ca3fc
0x1407d62fc	0x1407ce3bc
0x1407d62fc	0x1407ce4a4
0x1407d62fc	0x1407ce5e4
0x1407d62fc	0x1407d5c54
0x1407d62fc	0x1407d5ed4
0x1407d62fc	0x1407d60e8
0x1407d6710	0x1407d5b90
0x1407d6a50	0x1407d6b3b
0x1407d6a7c	0x1407d2c80
0x1407d6b60	0x1407b06b0
0x1407d6b60	0x1407d28e0
0x1407d6b60	0x1407d2c20
0x1407d6b60	0x1407d6a50
0x1407d6cf0	0x1407b8bb4
0x1407d6cf0	0x1407c5618
0x1407d6d80	0x1407d68a0
0x1407d6d80	0x1407d6d60
0x1407d6df0	0x1407d6d60
0x1407d6df0	0x1407d6d80
0x1407d6df0	0x1407d7c40
0x1407d6f20	0x1407d7f80
0x1407d75fc	0x1407b06b0
0x1407d75fc	0x1407c68b0
0x1407d75fc	0x1407c6910
0x1407d75fc	0x1407c8a48
0x1407d75fc	0x1407d8190
0x1407d798c	0x1407be740
0x1407d798c	0x1407d75fc
0x1407d7a18	0x1407b87c8
0x1407d7a18	0x1407d7ab0
0x1407d7ab0	0x1407c2b78
0x1407d7ab0	0x1407c68b0
0x1407d7ab0	0x1407c8670
0x1407d7ab0	0x1407c9f90
0x1407d7ab0	0x1407cbd3c
0x1407d7ab0	0x1407ce6a0
0x1407d7f80	0x1407d7fa0
0x1407d7fa0	0x1407d6b60
0x1407d807c	0x1407d809c
0x1407d809c	0x1407b06b0
0x1407d80f8	0x1407b3fa8
0x1407d80f8	0x1407d809c
0x1407d82c0	0x1407b441c
0x1407d82c0	0x1407d809c
0x1407d8348	0x1407b3f20
0x1407d8348	0x1407d809c
0x1407d83c8	0x1407b1870
0x1407d83c8	0x1407d857c
0x1407d8434	0x1407b441c
0x1407d8434	0x1407b5108
0x1407d8434	0x1407c0760
0x1407d857c	0x1407b8bb4
0x1407d857c	0x1407c5618
0x1407d857c	0x1407c8fc4
0x1407d8d70	0x1407aab90
0x1407d8dec	0x1407abe60
0x1407d8e20	0x1407abe60
0x1407d8e60	0x1407aab90
0x1407d8ed0	0x1407abe60
0x1407d8ef6	0x1407abe60
0x1407d911c	0x1407ac130
0x1407d9160	0x1407ac130
0x1407d9186	0x1407ac130
0x1407d91e8	0x1407ac130
0x1407d9220	0x1407ac130
0x1407d92ec	0x1407ac130
0x1407d946c	0x1407abe60
0x1407d9530	0x1407abe60
0x1407d9556	0x1407abe60
0x1407d9590	0x1407abe60
0x1407d9ca0	0x1407abde0
0x1407d9cf0	0x1407abde0
0x1407d9d68	0x14078a9b0
0x1407d9dd0	0x1407abde0
0x1407d9e78	0x14078a9b0
0x1407d9ed0	0x1407ad2a0
0x1407d9ed0	0x1407b4628
0x1407d9f10	0x1407ad2a0
0x1407d9f10	0x1407b4628
0x1407da018	0x14078a9b0
0x1407da07d	0x1407c18cc
0x1407da0c5	0x1407b5108
0x1407da0c5	0x1407b6d1c
0x1407da156	0x1407b5108
0x1407da156	0x1407b6f54
0x1407da1f5	0x1407b5108
0x1407da1f5	0x1407c0760
0x1407da28b	0x1407b795c
0x1407da2b0	0x1407b3e74
0x1407da2b0	0x1407b4120
0x1407da2b0	0x1407b4194
0x1407da2b0	0x1407b5108
0x1407da328	0x1407b79e4
0x1407da357	0x1407b3e74
0x1407da357	0x1407b4120
0x1407da357	0x1407b4194
0x1407da357	0x1407b5108
0x1407da3da	0x1407b41e8
0x1407da3f0	0x1407b5108
0x1407da413	0x1407b41e8
0x1407da429	0x1407b5108
0x1407da7d8	0x1407b2230
