va	string
0x140e00004	JFYBeS
0x140e00096	6kLMom
0x140e000f0	=<9f3E3
0x140e0029a	FFbga6
0x140e00490	u5+<(@k
0x140e00636	J)25?)<_e
0x140e007d8	jqk-ddRq
0x140e008b6	F3*t#_
0x140e00c37	E.YKq<
0x140e01044	3]SR7g
0x140e01ad9	i7e.|\PA
0x140e01df6	,p\5hY
0x140e01f05	2pNE&LG
0x140e02226	@E{y\x
0x140e02490	9t~(2n
0x140e025cd	y@;&}n
0x140e02cd8	N!EvkZ
0x140e02fc0	[QmG}B
0x140e03136	r*}=ML
0x140e0331b	p]T@\N
0x140e0347e	+ 3Fg9
0x140e03546	O#'B"z
0x140e0397e	jM+38%
0x140e03999	mM%HA*
0x140e03aab	HdMu;m
0x140e03dd3	-1+lS2l7
0x140e045d4	Gpxtkt(
0x140e04a9f	.s1c[o
0x140e04e72	y%oHu=$
0x140e04e99	b:{{"O+r
0x140e04f7b	VYU|?+
0x140e05340	>|8<8Y.d
0x140e053c4	t iA+5
0x140e05709	'y}SW.u
0x140e0574f	B~_5dv
0x140e05904	PJ/eb<=t
0x140e05956	M86D]S@I
0x140e05c69	;OpGMK
0x140e060d4	+eOGGM
0x140e0633f	/)}T*-
0x140e0681f	~~iQNl>M
0x140e06b8d	~6rh^D
0x140e06bf8	_csdMU
0x140e06fb9	X ^;0M
0x140e07158	FiK>>v
0x140e073b1	A4Dqm{pK
0x140e077a8	3fYLQBi
0x140e078ec	|F*#zw
0x140e07988	Dh&1;%7f
0x140e07a0f	UjdnpS
0x140e07c82	nqaxVK
0x140e07dda	<Kz`Md
0x140e07f91	.[Z64[8
0x140e0809a	*qApE:
0x140e088f2	G^U^`,
0x140e08b20	@{)rIo
0x140e08b67	40h[G@
0x140e0909f	To dg'2~\
0x140e0955d	WWj)z5
0x140e095e7	B]Fg#3
0x140e09793	BkqG6zu
0x140e09b22	&;^dS<
0x140e09c3a	_)LhtL
0x140e09e53	>^o+j]
0x140e0a257	=u.][j
0x140e0a340	+Q>t~!;f
0x140e0a368	i m?>o
0x140e0a68f	/(;5e.Hud
0x140e0a845	8LkeA[
0x140e0a936	<4;Ao4
0x140e0a942	_KAQ?J
0x140e0aa37	-*Hs$']:n
0x140e0ad1c	+s~Q#Mt
0x140e0b2f5	zs"qI&
0x140e0b373	}qwTJv
0x140e0b58e	2d/P7S
0x140e0b704	I61%1t
0x140e0b931	)d`HcZ<']@
0x140e0b9d9	?ZI:Z$
0x140e0c59f	Q>iBM\
0x140e0c736	,wD(od
0x140e0c858	n]gz.p~Xk
0x140e0c9ae	Yg/AU);
0x140e0cabe	2eqvLc;
0x140e0cb5e	wDNwN|
0x140e0cc9d	/uKnXc
0x140e0cdaf	T@Lkqfy}h
0x140e0cf45	[@Yo>V
0x140e0d110	,2:$(O
0x140e0da09	*&UXot
0x140e0ddb6	NmW8/3
0x140e0de89	Pw<jGE
0x140e0e6d8	7FFSAK
0x140e0e78b	dibN%"K@
0x140e0e8d9	!39|&w
0x140e0ef7a	2yt'6Y
0x140e0f1bd	62Ow}OTQ
0x140e0f663	L3(:>O
0x140e0fbe5	*I<@A3
0x140e0fd4b	>^<h"4
0x140e104d8	4NPsLz
0x140e10687	Ewvy]3
0x140e10a5f	6^}ZR<
0x140e10df7	+QJ;`1
0x140e10e2e	7wo{!s
0x140e10f3a	k;6[SG
0x140e110b9	|Grr#jE
0x140e11795	-6@1O\~
0x140e1180f	h<gB}c
0x140e11a26	;$oAWh
0x140e11d35	G]CpK7
0x140e11e95	Jr8du<G
0x140e1210e	y%sA/@
0x140e121a8	=JoS8'{
0x140e124de	h@j;%X
0x140e1295c	OTtAT>
0x140e12c93	.yPI%F
0x140e12cc1	pr/=p|
0x140e12d2d	^,kPdl.81
0x140e13079	+>eG1SB3
0x140e13332	Ek#43'
0x140e1346b	x\RE=F
0x140e13646	g:IfbK
0x140e1416d	<LyjdVv?$
0x140e1452f	fNB[TA
0x140e148ae	D !li#
0x140e14b04	m%fMIf+r
0x140e14b2f	#51fE8
0x140e14b84	nf[lfe
0x140e14c07	d3x4v81o
0x140e14dd0	`%OUp2U
0x140e15262	bNnK$g_N}
0x140e15bb3	9~($[^
0x140e15bd1	DP v6y
0x140e163ba	!HPuY^]
0x140e163dc	.IleSy
0x140e16486	; 3C&o
0x140e165ed	O-HJ)!
0x140e167c5	r8M;q|
0x140e16a10	;-#?{Wb
0x140e17075	./T>y\
0x140e17129	/Hy|Z#
0x140e17174	&/HlC1
0x140e171e2	jkwJSE%u
0x140e172ef	M3e[[r4v.WH
0x140e17513	K^CoUh
0x140e177db	1lI )1
0x140e17b6f	qV,e"X
0x140e17cd9	7<kQE@
0x140e18024	egFu2wm
0x140e1863e	<Cs6l6!+
0x140e18650	oT8fZz
0x140e190ef	,U3Wc)[
0x140e1918d	#<z0.#
0x140e1949d	`?1R--
0x140e19879	!*HQ%< pi
0x140e19ac0	3 m5Sht
0x140e19b3d	sKeJjl 
0x140e19d34	/{vJYC
0x140e19f1c	. 6j{P
0x140e1a30e	oi\T#FU
0x140e1a3a0	GkU04!
0x140e1a954	'zav8U(C
0x140e1a9c7	iWLW|$
0x140e1aa41	kyQ+*}
0x140e1aaa3	lUQJn1Ehz
0x140e1ab49	'g(_[x
0x140e1afba	2.gV9|
0x140e1b0a0	N;-#cd
0x140e1b3bb	Ra&hUj
0x140e1b3da	03HnYm
0x140e1b72e	6cdx"?
0x140e1b837	XVn[K4
0x140e1baaf	XL[^W\
0x140e1bd41	%D=q2sh
0x140e1bf67	h=Hjhf
0x140e1bfc7	&F[yg}
0x140e1c18f	i*w }{
0x140e1c721	gHT)-w
0x140e1ce47	O]U}2A
0x140e1d84b	lB\54"
0x140e1da96	i\(J\#
0x140e1dd64	I9==R#
0x140e1e2a9	X/^+Ku
0x140e1e806	h%y4FA
0x140e1e846	jFn(_b
0x140e1ebe2	2.QZ[Z
0x140e1ec0c	hz${l%
0x140e1f537	*Y&'2@
0x140e1f97a	HJl]e/Ri:p
0x140e1f9ee	"d%6z<{
0x140e20032	mA|N~)
0x140e20154	`q8|a8
0x140e204c1	Zi:/FS
0x140e20598	bbx3JY
0x140e20a5b	V\iDpD
0x140e20ad7	 63u.v
0x140e20bb2	}T,ZF{
0x140e20bee	At8S=0
0x140e20d16	|7LR5: 
0x140e21087	Qm<A}86
0x140e218b9	O",Fz;
0x140e218de	-'p=/@
0x140e21e9a	b;lE#;
0x140e2283e	$}k*dE
0x140e22b09	4uYu,$
0x140e22b56	gr&*Y}Tj
0x140e22c77	A*dW_]
0x140e22c8f	~.A*[H
0x140e22ef8	*[DfiH
0x140e22fbf	Qsum/Gxe
0x140e2317c	-V 1t1
0x140e2353d	![,Gu= |
0x140e2369a	T%';xS
0x140e238c3	$<'ev--"
0x140e2398a	 HX ;&C
0x140e239d9	TI$I-)
0x140e23d36	KiWaSi'
0x140e2400c	A`P1+?
0x140e240b2	Q.{c1qs6
0x140e24183	Gjkf? S
0x140e2426d	@-X6]<y
0x140e242b6	ZR[h:z
0x140e24304	H"K).F
0x140e2433d	#?Bi4N
0x140e24580	RiTHaM
0x140e24952	\ds.A]c
0x140e24d72	Z9OXlS)
0x140e24e05	{/(F\aF
0x140e24f70	d[VbQR
0x140e2534b	t@K|^l;M
0x140e25505	"OoL6=VQJH1j
0x140e259a2	s n!9_
0x140e259e7	]oN!MB
0x140e25e11	q=\M`S
0x140e25ebd	7]!4t9
0x140e25f6e	t5?AwwY
0x140e260eb	 qT=HA
0x140e261a8	}FR4-[k*C7
0x140e262d9	>G1BG(}Y
0x140e26595	 7j'(|{
0x140e26694	6Nx\v36'V
0x140e26733	tJZfhj
0x140e267d1	>3K6ujY.
0x140e26905	pvR1nx
0x140e2692f	!>@@0lJT
0x140e26ca3	>lptz_
0x140e26d08	CN>h}I
0x140e26d6d	-#lbcO
0x140e27117	MY&_eNl
0x140e271cb	xjwWn}
0x140e27313	B?d]6eP
0x140e27554	grk85`
0x140e27715	SBFe>X
0x140e27b21	\D_>8dCeo*
0x140e27b46	He&H,->6/
0x140e27bff	+7r*{p
0x140e27c11	{0^Kc 
0x140e27cd6	qm{"T>m
0x140e27e08	.izARZ
0x140e28d60	P>:IG+V
0x140e28e5a	2/7Un/
0x140e28f34	vHn5bl
0x140e28f6a	C9bAn1F+X
0x140e2937a	nQR0K8
0x140e29503	[RUNf#@
0x140e296cd	Dn(&yI,
0x140e29a94	A*C8^X=
0x140e29dba	xpk;z>X
0x140e29e63	TTapgCr0-
0x140e2a1be	^+5&dg
0x140e2a1d0	|?iFMRR
0x140e2a2d0	R'8X&!
0x140e2a648	$+[yn#0>B
0x140e2a734	M2&J#(
0x140e2a7b5	a_~4x!}}9
0x140e2a90d	_Nlu%$
0x140e2aacf	V@a0k{\
0x140e2ac51	&m.&yR
0x140e2acad	M*Z-du
0x140e2aed8	=Pl`4(
0x140e2b25c	[0b9<V
0x140e2b402	Pvn &K5|
0x140e2b7e7	niD_r%
0x140e2ba22	!~DHi@`OW
0x140e2bb0c	1TK$zPM
0x140e2c132	ne\6hQ
0x140e2c26b	X[.K&y
0x140e2c2c2	Hf@xEQQfr
0x140e2c446	Tc0?*=
0x140e2c452	g<o[mE
0x140e2c52e	2;Sb/+
0x140e2c794	:XX|D*
0x140e2ca72	r2[,O8
0x140e2cc75	7=AN./
0x140e2ccea	sT`Z*\moQ
0x140e2ced6	J'2|l}
0x140e2d17d	#!G~?@
0x140e2d5b1	x'M4/!&J
0x140e2d5f7	kO?~h-
0x140e2d8b4	"|ZU81
0x140e2db4a	e;KN!(n[
0x140e2db99	R6]?|`b
0x140e2df2e	DteP^Z6
0x140e2df5b	Ed^W8kYe*6*{
0x140e2dfb4	|a#{$/
0x140e2e00e	4NA!r&
0x140e2e219	gv4{l]
0x140e2e348	MCOb uU
0x140e2ea5d	chbeuv
0x140e2eea9	B't?tX
0x140e2f48c	z36tWP4B
0x140e2f500	 6&LCx}+
0x140e2f7b9	)4[,_v
0x140e2f8e3	"/$Q`+
0x140e2fb49	R!L<scS0a
0x140e2fb6c	5;rq#f
0x140e30014	]ivz~X
0x140e30283	RX91!u
0x140e3095a	k3m*y)
0x140e30970	8|\|N5
0x140e30996	p*R?C}
0x140e309c9	FJ0y>d
0x140e30bd3	SbPUUrB
0x140e3161f	pXOiPd
0x140e31686	1908%t6
0x140e318f3	ZA7"@U
0x140e31958	pY,{34z
0x140e31d0c	H/f($_t
0x140e31eef	r_]ci 
0x140e31fba	B[(J<s
0x140e32409	DL__6qw
0x140e32833	ouDK4u
0x140e32afd	bhFGE\
0x140e32ce1	:+_XxG
0x140e3301e	loe><]
0x140e334a1	T'/@zKciK~E
0x140e3364e	n8ea[n
0x140e336f4	1FU{?&
0x140e33b5e	8LQJi'y
0x140e33b6b	x[io%=
0x140e33c5e	Q fS7x
0x140e340f2	UcITo^
0x140e343b2	tpsTG2P
0x140e3440b	{REj|C
0x140e34522	0Kw#t3
0x140e349ef	Wby}"B
0x140e34b50	T2~A0xN
0x140e34c2e	\_li" 
0x140e34c5d	cWgMD=
0x140e34f1f	[OySp6
0x140e3508c	d~IsFz5
0x140e35771	KC`i*@
0x140e3588d	9yUYomj
0x140e35ac5	69\Astb
0x140e35d2c	sr-H&mO
0x140e35d8a	WGXy9e
0x140e35f55	X$%6mCq
0x140e35fd9	_2/&gb
0x140e360c9	=UI|P9
0x140e36308	F82*+8
0x140e36339	QX~`/M
0x140e36815	nez?M(
0x140e36895	Ig"(#ka
0x140e36911	h<e{AT
0x140e36c27	Ukf|d!
0x140e36e6d	H&+X6#
0x140e37181	*ZH>f(
0x140e372dc	^ Aisw
0x140e373cf	AT$k-Iyl
0x140e3787a	9bh"u]
0x140e37c2b	jCV]`6]
0x140e37c85	U,b^:*
0x140e37db6	pYF\bT@
0x140e37f0d	stkzpo
0x140e3830c	~#je{C^
0x140e38343	wjy7 K
0x140e3840a	=aCa{e
0x140e38cec	xi#-Td+
0x140e38ea7	yr]QJR-M
0x140e39477	3=!yoG
0x140e39694	,l}M8n
0x140e3975e	aq{[_O
0x140e3a045	lI7@e^
0x140e3a0c3	-IR?`5L
0x140e3a50e	(mQT.d
0x140e3a648	$]Y&^X)
0x140e3a6f8	Q|kgO?R
0x140e3aaa0	X2N03<
0x140e3ab04	tC(!G0y
0x140e3ab30	/Lc_;;Z
0x140e3ab4b	-gH7gK
0x140e3b0b1	WK(2$J
0x140e3b14e	(RHENf>:%
0x140e3b45c	 s+U)qC%
0x140e3b620	EaMw!r
0x140e3ba37	^7tR+@~
0x140e3bcac	y~0Y5*&g&
0x140e3c001	l :i\(
0x140e3c233	T"A#a2
0x140e3c6d2	7V&Y^*
0x140e3c825	jnBh$9
0x140e3cd61	ri2Au3
0x140e3cd9a	k"+*}!_
0x140e3cf10	`^M<^&
0x140e3cf87	[BS^tYqNn|
0x140e3d042	*uRvb,H@
0x140e3d28a	xTFV;I
0x140e3d35a	VxI8|B-
0x140e3d4e4	\[_o!zz
0x140e3dcdc	SCW$*l
0x140e3def2	^!qz<H
0x140e3e1cd	a|&BzI @N
0x140e3e690	YF^FLl
0x140e3e69d	8eZHMSM
0x140e3e945	_<XZihasUVU
0x140e3f107	yXh(NfK
0x140e3f123	:cYmvZ/
0x140e3f237	/ZLJZK
0x140e3f4a4	h_VAhn
0x140e3f93f	K#j=xo
0x140e404e9	}q\S$?y
0x140e4068b	a=>n"L
0x140e40721	e]~>])<s
0x140e40e14	h|#g_"
0x140e412ff	NJ^# >4
0x140e4130c	{`goMM
0x140e4144d	m/R@K-FHP"
0x140e4156b	VJvp$%Uv
0x140e415c6	"+GXev`
0x140e41771	>O>): 
0x140e41b84	fw*&Fi
0x140e41d20	}U?H;Gu8
0x140e41efb	2ef")xH
0x140e41ff3	^>J6oS
0x140e42820	O0fv,Z
0x140e429e3	_2|TRN
0x140e43100	!2sZul
0x140e4339d	x]I2|m
0x140e438bf	Sfl&\:
0x140e44000	}yH 7s
0x140e44012	\)Y=d!
0x140e44176	`{Lrb(
0x140e4417f	oXdkNJ<%:X(
0x140e444dc	-{]0ov
0x140e445a0	$"%Y_>
0x140e4498f	[<^}#%
0x140e45619	5OFLn[
0x140e45815	\4pe|g
0x140e4591f	[#xw_}
0x140e45b43	/TW7u`
0x140e45b6e	>}<IoO
0x140e45d36	EW-eL,
0x140e4600d	4Bsdxee
0x140e46157	0EvqqX}*
0x140e461ee	I+]`m27
0x140e463d0	'l::;0
0x140e46d1a	DZ ppC
0x140e47273	Xlwe}d;
0x140e474d9	C#5oq=
0x140e477c8	!Dy!Hs
0x140e47d03	6(<'JF
0x140e47f84	 xO>2o
0x140e47fba	Mp%D1/
0x140e48036	HAN%9?L
0x140e480bd	C=mc6*%
0x140e481e0	)k/sU4
0x140e4822e	\UIc'"
0x140e4847e	-BH87a
0x140e48588	zG2/+.
0x140e486ae	j:&)b 
0x140e486d7	b\h%u*1p
0x140e487db	O1!W#>
0x140e48816	w`!]jo)W
0x140e48ab9	F~q=ou$y3{V
0x140e48c83	M>DzX-'Lu
0x140e48cc5	T@p`Wk
0x140e48f35	E@J<NC
0x140e492d5	|@4.\Ih
0x140e49335	w`z8*)
0x140e49cc7	*pK/5R
0x140e4a14c	}e[nY~
0x140e4a4eb	6ofMEE
0x140e4a797	#-xPQB
0x140e4a8bf	G@W g<6C
0x140e4ad2b	Ie3p'W&O
0x140e4aeb9	YkdiR_X[
0x140e4b1c1	xaL'}4
0x140e4b444	E0uTAl
0x140e4bb3a	]+$&O~
0x140e4be5f	=FD5m$#B
0x140e4c01d	2(.#9Z
0x140e4c213	JMvWP:i "?\N
0x140e4c26c	c#F/:l
0x140e4c4b3	ddu@l)
0x140e4c5d4	*MZZp.
0x140e4c8ec	pbw*Yl
0x140e4c9a0	xYumOa
0x140e4c9d8	dV'z]W=q\
0x140e4ce2f	m=GDQ"6
0x140e4cece	9..-] 
0x140e4cede	0a8XPw
0x140e4d03c	=k\Sk9
0x140e4d092	E3ZD:X
0x140e4d6a4	i&DKP)
0x140e4dbb5	8K<3pHG
0x140e4ddc5	@"-m\K
0x140e4dfd5	\8xci3X
0x140e4e30e	uE\{)}
0x140e4e605	2,jF833{
0x140e4e6c9	:|>~i?
0x140e4e943	37pULy
0x140e4e9db	CFDz1^.
0x140e4ea30	U?EA{;G
0x140e4ee1a	Zn;Q@I|
0x140e4ee84	$^&a^d}'Y<
0x140e4efcc	*I&Z<B
0x140e4f0dc	-F+"OT
0x140e4f0ea	ArJ7vEs
0x140e4f6c7	wg_=yC+_<
0x140e4fc1c	0W,SWn
0x140e4fd9c	shEd60
0x140e4fee1	`./O!kq
0x140e50455	v08lWC6
0x140e505e0	M2)R5F
0x140e50659	`tCp(-
0x140e50c3d	<x?+.A
0x140e50e54	Fyw\z;Z
0x140e50fa2	sSI3e4
0x140e510ff	,h,\}9
0x140e511ef	W1{bpx-z7
0x140e512dc	WH'~nF
0x140e51363	 H.|vP
0x140e517b0	\0#^/v
0x140e51f97	`QD4Dp`
0x140e5209a	4e: t=
0x140e5225a	`@[U]L
0x140e5238a	AV"l',
0x140e524df	</xQwW
0x140e526ba	w+0|/[~
0x140e52835	J8}JiM
0x140e52856	2Cv!%v
0x140e52d5c	@|$,?xI
0x140e52d91	q6fZ:g
0x140e52dd7	R(xFbK5
0x140e52f5d	m)5wv~"
0x140e530ee	{hmcNs
0x140e53161	eB&CbSe
0x140e534f8	;znH;11\j
0x140e53983	"u?bT~
0x140e53a0c	;)u75`
0x140e53a2e	+"G/);
0x140e541f0	t|WXVZgX
0x140e543f0	dBFB+>f
0x140e547c2	KnN8m*e
0x140e54a5a	K6W89~
0x140e54c51	50iQ(*C
0x140e54e5d	LN$`J~
0x140e54edc	Xl](VT
0x140e55463	%_4,^ES=
0x140e5554a	,2jdzC
0x140e55881	C>[ ]~
0x140e55ce5	$JB41N$
0x140e55f4b	aT`pXM2
0x140e56248	r/QZdPkNy
0x140e563fd	GfP-Wq
0x140e567b3	%dYHZ4
0x140e5691a	gf|X+i
0x140e56972	@xjiE<$
0x140e569cb	G7_6fB
0x140e56acb	DINsi$v
0x140e56b74	f&Pt$lb
0x140e56d16	>2UMug
0x140e56d46	T33;5I%
0x140e5718a	-BoaR)
0x140e571cd	}1X}'d
0x140e57225	mPp]>'
0x140e577a9	,5=FWN
0x140e57880	>|#O?U
0x140e5793d	, BbME3
0x140e57aea	nHD/z)
0x140e57d69	E;%=nfw
0x140e580dc	v2Uvj1
0x140e5823d	T7K~yd
0x140e582ae	i.guA?
0x140e582d1	Dh6b)x
0x140e5837d	64f&%)
0x140e584e1	2{K\(\
0x140e5854c	$J``; 
0x140e5886c	7>=[&[3'hI
0x140e589d0	o>8fD{mM
0x140e58d7c	?9 7S4
0x140e58d9d	'*DMf|
0x140e5928e	;7d*q@
0x140e594af	>hzs.{
0x140e597f3	X{g3\H
0x140e598ba	(;}_G>
0x140e59ae7	hNxni~W
0x140e59c53	Hp+KBAh
0x140e59dc2	^DaSw*
0x140e59dcf	2'oy&fCO
0x140e59e03	8NP*wk
0x140e59f3b	FcHypZ
0x140e5a1c9	T>'DB?
0x140e5a1f9	/;Wi{~v
0x140e5a82c	"n6'Wa
0x140e5a99f	nRkj_8
0x140e5ab5b	DNS6]<
0x140e5afc9	C4iPS&
0x140e5afeb	V"JUDl
0x140e5b1f7	b~MXL{
0x140e5b2f5	7{r?E}uk
0x140e5b3f3	JW5f9f
0x140e5b43e	FonNq3D
0x140e5b4ac	IhZ~CB'
0x140e5baf7	z$=.O/t'J
0x140e5be8e	[xI,Dl
0x140e5c02b	E|)`l0o
0x140e5c6e8	x} }}%Z
0x140e5c928	<M_z<G
0x140e5ca90	=f/&`PT
0x140e5cbaf	D`^>x>@
0x140e5cc5e	g~e(DDV
0x140e5cfaa	Fu??@>
0x140e5d326	do>b=E
0x140e5d3be	N5Hqv6
0x140e5da35	*3mGO)
0x140e5db1b	Xi.j0M
0x140e5dd9f	`&4_D}
0x140e5ddc1	I5.h\%@R
0x140e5dff6	JGKXoNT
0x140e5e328	}3Kb0&8?B
0x140e5e339	Ld,wfP
0x140e5e7b3	x*DpIVZ
0x140e5e94e	iM-pbA
0x140e5ed4e	R/GsfJja
0x140e5eeca	F.ic4H
0x140e5ef51	53?8#&
0x140e5f11f	nA(ArnvD
0x140e5f476	B|n_45
0x140e5f6f0	lY$Z6t-
0x140e5f8e9	=cG;xNG
0x140e5fbfe	^/2g:B
0x140e60116	r'"KIt
0x140e60152	\|vH8 
0x140e6020b	L|H>k<
0x140e60405	KW`Cz'
0x140e604d2	sNhXufX
0x140e60733	4Qr&xq
0x140e60cc8	nUH-`z$
0x140e6100e	%mw53N
0x140e610e2	ZVB}II
0x140e612d6	<wP&xl
0x140e61712	l71b:}
0x140e617d7	l9?CXU
0x140e61856	su{AN^
0x140e6192e	Ry1_:'v
0x140e619ff	Af]n}i
0x140e61d06	7yk %D<
0x140e61e48	Nay0cA
0x140e61f16	'[PIFX
0x140e61f47	JID!h4
0x140e621f8	/k<M,`
0x140e6252a	}JUE.bfq
0x140e626ee	,}e=oJ1
0x140e626f7	 W.@uH
0x140e6283a	[ziv7O
0x140e62883	|ni499u
0x140e62c3f	w^'i#Z
0x140e62c4c	2h4=J8
0x140e62d85	5)^rc)
0x140e62ff5	1dgP}z
0x140e6304e	p~iYb>
0x140e63140	6V=$'v
0x140e63284	rZJVKf
0x140e634b8	G"U{m@
0x140e63504	HHO=|y
0x140e63860	;]q-fb
0x140e63a2f	j#TDE%-Z
0x140e63d41	Zm^A::
0x140e63e69	L;Y.V?
0x140e63ec5	XGGh%X
0x140e64324	f^1ICe
0x140e64501	VW}'x{`G3zc
0x140e648d8	I?6-aR
0x140e64a44	>)Pk#N
0x140e64cb5	86FVnz
0x140e64dbf	o*` SC5
0x140e64f54	u'7`6,
0x140e65086	jHfhD+
0x140e652da	j&W?;H
0x140e6573e	?(yy{%
0x140e65c61	7 |*$>m
0x140e65f06	`DLgO[
0x140e66066	h$D~od
0x140e66253	h1qcg 
0x140e668ba	.erEq.
0x140e66966	j3\):b
0x140e66c75	h1]wC1
0x140e66c8b	SlRh:kW
0x140e66d80	2I9hDl
0x140e66d8b	V]Ay[=]
0x140e66e49	+98QzH
0x140e67043	^BKk0o
0x140e67b67	%*}$CE
0x140e67be1	?{=p>I
0x140e682f3	OZJIDZ
0x140e68377	&sV{uu
0x140e68494	_X<$H*f
0x140e684c1	D8!0br
0x140e68565	kW)9?%
0x140e685ee	 @A2jl
0x140e6894f	 +Af?FN
0x140e6897e	 /_HG/
0x140e68bd5	(b~[a;
0x140e6905b	$z,X_u/
0x140e69b40	MD8ySt
0x140e69d02	j"duf3!
0x140e69e6d	l"TV3C:
0x140e6a4d9	ebFJ+>m
0x140e6a6a0	#9RjOW
0x140e6a73c	xPoqxYV
0x140e6a83e	G@gehE
0x140e6aa0a	/sco).
0x140e6aae2	 g,_2X
0x140e6ad09	Z!A^5-
0x140e6aec0	9O2.46
0x140e6b0b0	eDjh|B(
0x140e6b499	U#N,0<b
0x140e6b5d1	s4Hqx1q7q
0x140e6bc71	"y,>B%."#
0x140e6bf19	jf$&Sq
0x140e6c550	.Iw:<,
0x140e6ce84	,<OyZi
0x140e6cf50	S83`[Bx
0x140e6d45b	h`#FAIY
0x140e6d486	0}`^A%
0x140e6de43	%#ov!c
0x140e6dfcd	m7{D!O@
0x140e6dffc	'XGtN;HV
0x140e6edf9	uMs^$wM*
0x140e6f083	Bf^S"khY<K
0x140e6f192	Ag0l{?c&x
0x140e6f32c	+PPX@0
0x140e6f71b	Y:QNVM0
0x140e6fb64	)j2:,o
0x140e703a0	:{ad_X=tY!eG
0x140e704c3	[kpfry
0x140e70a88	-)Lp[8
0x140e70a9d	V^aC\Q
0x140e70c45	9_!Ik3sii
0x140e70cef	1<`{T`
0x140e71206	lu<4>N
0x140e713e1	nMhET8
0x140e71471	X'@#fK
0x140e7167b	&-(1&9
0x140e7169f	),yA8h7
0x140e71bd6	O:b/%{
0x140e71f24	3nRk[^
0x140e71f31	-1hn L
0x140e71fc8	J(I0jj
0x140e720a0	wZ]%L\/
0x140e720cb	! \:Ra
0x140e72131	|".he;
0x140e726bc	|B'1L1
0x140e726c5	6czO,k
0x140e72aa1	C:jy0Gz
0x140e72b30	9i0RWa
0x140e72b7b	HXh`E}9
0x140e72cfb	)U|G$|
0x140e72e03	X.{38s
0x140e732fd	^MsKv-
0x140e73383	Pv9|z&Y
0x140e73635	rp+KzV
0x140e74215	[h2%\Q
0x140e742f9	C2E9ca
0x140e749d7	ykWQEH{
0x140e74ea3	;*3+5g
0x140e74f9e	 S>~-E
0x140e75155	U^FJ}m
0x140e751f8	|}ZOm^oT
0x140e75453	Wy~AaTe
0x140e75672	<RV@u],
0x140e75749	d7Gf=*XY
0x140e7576b	'zSORVHr
0x140e7579f	hL8H jM
0x140e757df	K(ywuR_tQn:
0x140e75936	2~zFs8l
0x140e75a41	a 4#'tY
0x140e75d23	 K+L.h
0x140e75f1f	q]0AJn
0x140e75f3f	[kVUr'RU
0x140e76316	 ~)f{L
0x140e76527	RAFY;Q/
0x140e7654a	gD!]&{
0x140e76780	{|7c y
0x140e767e0	P0Z6r|
0x140e76847	YRWz}$
0x140e7689b	E 2keC
0x140e76910	HUIt#H
0x140e769dd	prFZM5
0x140e77292	6?2:bH-C
0x140e77363	sPSP/o
0x140e7775d	9LXKMj*
0x140e77a22	m._}fhJ
0x140e77b5c	s#Ox&!_[
0x140e77c16	Du*!4k<
0x140e77e6b	w #,g@
0x140e77f51	O6kpWeN\)M-
0x140e7819b	g~GLRQ
0x140e78477	79npY;
0x140e78487	SoI*S9t
0x140e787e0	eNIu`w
0x140e78b47	EiV)cW
0x140e78ca5	9:-KN)
0x140e78d87	_/6#5r
0x140e78f3e	H09R0(o
0x140e790ce	Dfn&2n
0x140e79962	3QcC^Ir
0x140e79990	f/"E}Tn
0x140e79cba	YKF+~u
0x140e7a14d	}6-(%G
0x140e7a39f	Ad<-|R
0x140e7a8b5	w2lkk2
0x140e7aab2	zS\rL\
0x140e7ac51	%7z.wkse
0x140e7ad89	%!w"~vS
0x140e7ae20	04e~.-
0x140e7afbc	45p,g(
0x140e7b327	|S1u\%b
0x140e7b53d	DGKS:cUK
0x140e7b5e6	p.sK.(
0x140e7b629	~$~_P4[J
0x140e7b7f9	tjUKQ/
0x140e7b806	mggv}b,
0x140e7b932	.^tcQw
0x140e7bce5	Q2j)*BH
0x140e7bd9e	x22;`Z
0x140e7bf20	Z!BwZJ
0x140e7c1d9	}((u^'
0x140e7c3a7	4aA-\ 
0x140e7c558	bf h+jZ
0x140e7c7fa	3(8Qk^
0x140e7c927	+m9]QPc)
0x140e7c984	Q_~])Y
0x140e7ca38	@7#!?@
0x140e7cdfe	xHy:^![O
0x140e7d313	+)xAc[
0x140e7d4b5	 fj%Pg3J
0x140e7d4c3	ouEdidGd
0x140e7d640	v.@;P~
0x140e7da7f	D=n(r_
0x140e7db62	y0(lmq
0x140e7db74	leKipk
0x140e7ddd1	y!]7wt
0x140e7de3e	J)%O 5
0x140e7df6c	yJW|HRjk
0x140e7dfc3	un`#,2Q
0x140e7e092	[OJ!<g
0x140e7e6e1	hb)a:[
0x140e7e6f1	^Zq1K&D
0x140e7e798	AV~o>i
0x140e7e8cb	Mk_lmW
0x140e7ecbb	`<E2-"1
0x140e7edb2	sXp[GP
0x140e7f011	/",KQ9
0x140e7f23c	fE`XzA
0x140e7f42a	z=#b)'_Lc
0x140e7f59e	f,Hf)^ga
0x140e7f81b	E?8>O9P
0x140e7fb38	S4!S\lj^}
0x140e7fdf1	m5k?"U
0x140e7fe1d	fs{4mP?;
0x140e80063	w(}X~H=
0x140e803f1	-V-%oP!
0x140e80404	j]Y*5|B
0x140e8048e	1u3TE=
0x140e8061e	qhc,I1[
0x140e80aa3	>BE9xi>T-
0x140e80b41	nQhKVih|
0x140e80ba5	Lj"WpnZ:
0x140e80bf5	LB9FcMBF
0x140e81832	'@Y"!~\
0x140e8195f	9Tkqu=
0x140e81b54	&`@zl?i
0x140e822c7	v-EUqWN
0x140e828f0	dDxN0Z
0x140e82a3d	8[6M$&
0x140e82b5a	@c ~8xM
0x140e82c05	*]d94.R
0x140e82c9e	A#?U&N
0x140e82d6c	Q\5'R/]\
0x140e83026	NZm+OIv
0x140e831fd	U3CDm(0
0x140e835f0	EmLC%i
0x140e83722	LpM`+7e
0x140e8378f	Z|jQkh
0x140e83866	|h|ug 
0x140e839c2	03zdJw
0x140e83f3b	yLeI~b
0x140e8417d	f]9S#f
0x140e8459a	&cdu/MG
0x140e84859	s Zg%*
0x140e84aa6	CU>jDS
0x140e84b79	^CO4%4
0x140e84be0	[U{6xe[F
0x140e84d0f	Bd5bL.
0x140e8528c	s*;}Sn9n
0x140e85413	0`ngNe
0x140e85630	 DH!kh
0x140e85908	=PPoy^
0x140e85e5f	NMO819"
0x140e85e6d	4w f+u2
0x140e860b5	b@x^+J
0x140e861e7	"Fzr#m
0x140e86516	rl'J1Z
0x140e86b4b	II7U%^
0x140e86ce1	9/eHQvh
0x140e86ef7	FGsIA[
0x140e87179	iJ[SI@
0x140e872ba	{}g|9=
0x140e874b6	L[Uzn~
0x140e87513	s@PNB7
0x140e8760b	wX77Fc
0x140e878d1	=lzrX9
0x140e87a95	lYlGa?
0x140e87ffe	VwxmS2
0x140e8800e	\VP~gR:
0x140e88088	dL8rYs
0x140e88109	a_`$X1
0x140e88246	z?bID%4
0x140e88538	VxE'.d
0x140e88afa	/11+gD
0x140e88e65	q_L!$t
0x140e89149	D:H8Gw:d
0x140e893dd	A^%(b78T
0x140e8956d	TiJS$<
0x140e89579	%"b:eC
0x140e89b3c	}E6u= 
0x140e8a757	YA) QM)>
0x140e8aaab	juOgAC
0x140e8ab3d	^mR"]YD@
0x140e8ac44	|`k3UO
0x140e8af04	V%y/?*e
0x140e8afd8	Hg\)OE
0x140e8b1c3	E}HjX$.h
0x140e8b231	o"OCg4{
0x140e8b3ba	px|yj3
0x140e8b4af	)O>@pQ
0x140e8b4ea	9[C6?;u
0x140e8b526	7Q@:I0
0x140e8b60d	V{0x5k
0x140e8b731	m]uh`@?
0x140e8bee4	}P5/:N
0x140e8c458	*|A}:~
0x140e8c4ef	0\LslGQ
0x140e8c87c	>HW-zE]
0x140e8ca4b	5TU%>UAx 
0x140e8cc67	>G8LCn
0x140e8cc8d	{r0vjW
0x140e8cd42	cd4!5.O
0x140e8cd79	3iEyjY
0x140e8cf05	r%SS7T
0x140e8d025	WN-LeU.
0x140e8d052	`3 [`J"
0x140e8d089	HH@DQ0>
0x140e8d84a	kgb$vu
0x140e8d931	TsY7;R-
0x140e8d961	&mCDOB
0x140e8dd91	8Mn(aS
0x140e8e58a	>hGr?17
0x140e8eac0	K"9aI/
0x140e8ed0c	mD+G&xP
0x140e8ef62	z+tO!*
0x140e8f348	GzweJ(
0x140e8f598	dVAeSbQSj-
0x140e8f8f9	ji> W'
0x140e8fab0	k*fu$,
0x140e8fed0	Bey.Ib
0x140e90201	NVN(A 7
0x140e90c79	V+P/YQA
0x140e90c89	<fmQg%
0x140e9106d	M3ZNG=
0x140e910a2	.oLlyBN
0x140e912a3	7fm\l:Q
0x140e91637	L]9bQn
0x140e91649	{0Fb$1
0x140e9175f	}+ef(I
0x140e919c5	A3&B$p
0x140e91b15	$]w;_8[H^
0x140e91c1b	lV0<A5Z
0x140e91c48	';QJW4r
0x140e91cc5	\FT"F:
0x140e91fcf	'8T8iIt
0x140e92079	0-:GZ&$
0x140e921c4	5F.([q
0x140e922ab	Wh_T(1
0x140e924ed	zghri%
0x140e927b6	*V7lOJ
0x140e9289c	g!)\x-z
0x140e928c2	BNek\-5
0x140e92b51	VnlmTb
0x140e92d96	&][Upp0
0x140e93055	Qa3C.sr$
0x140e932a2	D>PdUi
0x140e932f3	YCOGTJ
0x140e93303	@7+*F:!
0x140e93bef	F*4,>,#
0x140e93caa	FQOsSRD
0x140e940dd	(23Qg5
0x140e94189	CU'hvk
0x140e9419b	^:~T8i
0x140e942be	XL 3l)
0x140e9439a	9;js<^
0x140e94582	=#}/+f
0x140e947ae	D5]2,K
0x140e94bb3	~|.?g'f
0x140e94d57	?ZV_<9u
0x140e955b2	f*["J|
0x140e955be	c%o3?bR.
0x140e957eb	l^2G-l
0x140e95aac	s'(S![8\ 
0x140e95eeb	4c]bn>c=
0x140e96155	}~['pq
0x140e96442	4.(#6T:+$
0x140e964f8	OHDBMy
0x140e96537	dKg$>c
0x140e96583	}(9x|7a
0x140e9669d	sXvuhh
0x140e966c7	!u8X= 
0x140e96bf2	IE|ps^}
0x140e97572	W;R)C%
0x140e9794b	-rRE}#
0x140e97a74	x~6}!+'e{w
0x140e97f03	?[[L8F
0x140e97f5d	=(m7@-/u>
0x140e98764	P^2Hx{
0x140e98c17	UUOM$?
0x140e98c81	]p}&Z"
0x140e99372	@wJ}7-^y
0x140e99409	(cLL!c
0x140e99441	faZTqT
0x140e99810	>IDdnx
0x140e998e6	FxMyjv
0x140e99ac8	Hwwy~K
0x140e99bcc	Ma:p-^~it8
0x140e99cc6	eY7nI5
0x140e99f1f	s>_oUK
0x140e99fa0	FrV(/<P
0x140e9a052	s/oV\6
0x140e9a1bc	k@h>s5H
0x140e9a431	}&7<Dz
0x140e9a8db	%##7,+
0x140e9adcb	QPsb4Q7k
0x140e9ae58	9*k{EL
0x140e9b063	X'Q/*u#@{
0x140e9b0e8	pv{'eL{
0x140e9b228	Z!WaS'
0x140e9b262	fm^j3*U
0x140e9b2cf	TM1NQ\v
0x140e9bc67	oZ$h7@$
0x140e9be5a	(/G$l3X
0x140e9bec8	|,z):R 
0x140e9c6ca	Z0[%s\vDAY
0x140e9ca0e	bzkX<^#
0x140e9cbd6	d1f*]5
0x140e9cc7f	>>o@+{
0x140e9d198	!c_qY{
0x140e9d4e8	Q^arf,
0x140e9d701	%#2xLU@$
0x140e9dc27	c-s`NY
0x140e9e608	U4!&(vs[
0x140e9e6a1	'(7,qm\
0x140e9e6ed	wN}2_g
0x140e9e932	?G;w1v
0x140e9e9ed	KK76vL
0x140e9ecde	>=\K'~
0x140e9f1c7	lT-S8Nj
0x140e9f423	\t[a6'
0x140e9f4bc	t`HsJy
0x140e9f646	KHZR3ol=
0x140e9f6ca	,P|7~P
0x140e9f89a	J0Ojp-P
0x140e9fb2a	^:$0\I
0x140e9fc8c	@acyEj
0x140ea0565	y.u(*8
0x140ea05ee	8aoku4
0x140ea06d8	{^."hT
0x140ea0705	;stRzT
0x140ea09c8	h[EQx+
0x140ea09e4	OXA n@
0x140ea0f77	%r99-4a
0x140ea15f2	hr6NAZUMDNaA
0x140ea1707	,Av\LS5
0x140ea19ff	hn?Bo4
0x140ea1eb7	_:e fht
0x140ea1fef	KvtDTrU6
0x140ea21c4	Khnn[t/
0x140ea2217	pbtu}|
0x140ea245f	W!NyE1
0x140ea2633	`=0nH/`
0x140ea2737	i EUl8
0x140ea2a5a	u\%tzB
0x140ea2cfc	ewuNNxJ
0x140ea3079	z}q5r2"
0x140ea319e	{~`sq6
0x140ea34f8	rW/T#~p
0x140ea37aa	'"pqet
0x140ea37c9	wQo/:L4`
0x140ea398e	|2(FmX
0x140ea3c96	/GcD-3V
0x140ea40a3	ldEt3-
0x140ea4718	nnjt2\
0x140ea47b0	k&yb-H?
0x140ea4990	6"F A>F
0x140ea4b7f	wku[Nr
0x140ea4d20	C('S$x
0x140ea506b	#X 3LC
0x140ea5133	7v=4ry
0x140ea53c4	.s+Gfr
0x140ea5b39	T:jE[W
0x140ea61e9	/B1F9x
0x140ea66ab	Ib^It?
0x140ea68fd	P->Ov%
0x140ea6b1c	o({E-Q
0x140ea6f33	M~cPJjv
0x140ea72d3	`4eH{f
0x140ea74f0	ebd`=A
0x140ea762f	UeXipKPs
0x140ea7723	d/$UFNd
0x140ea7c57	Ft64sg
0x140ea82d3	/CQn2ya
0x140ea870d	J#.KHt&
0x140ea87ba	=m.AdZ
0x140ea8ad6	d';;4ZO6
0x140ea8af8	2yr&F/
0x140ea8bc3	,|,t,M
0x140ea8c81	m`WwNH
0x140ea8ca2	*4iPYl
0x140ea9300	Xx&:(]
0x140ea9469	#f]4-(f]u
0x140ea95e0	m.j%64
0x140ea9658	36v9#z
0x140ea9685	g{DDCtY
0x140ea9c16	XPI)n#
0x140ea9eea	?c~<DO[
0x140eaa0fd	K^WEs_
0x140eaa2c9	 &Q^Mn
0x140eaa359	yO1G\9
0x140eaa53b	2`?XRW
0x140eaa6e3	P)9=+w
0x140eaa96a	q%G,.tM)
0x140eaac00	27 #O<P
0x140eaaea4	`xJ AC
0x140eaaec4	}G`(Kn
0x140eab07e	}D7=D:>
0x140eab2f3	n;"yjBu
0x140eab3cd	VCfS|t
0x140eabae7	:bG^1I*
0x140eabbc1	zT.7C2
0x140eabfc2	4l.\:\
0x140eac0b0	yEVEakW{
0x140eac6dd	7X[jr:
0x140eac958	H);?A!
0x140eacb71	8qFlBS
0x140eacdf0	7xpjc>
0x140eace12	JMx"6IR]
0x140eace7e	]G}6>6
0x140ead573	18'51R
0x140ead59c	.TM)]~
0x140eadbe8	j=VK.r
0x140eadcae	5sI}O7
0x140eadd4b	<6HZq ,
0x140eae00b	_NWht\
0x140eae1cd	\Z`Uoj
0x140eae3d8	;AXl,TJ:
0x140eae4a9	/[aW<>
0x140eae779	{#FeKQ
0x140eaed3f	;EQ!KO
0x140eaee33	RJl;k6&
0x140eaf0dd	&ve{Xy
0x140eaf143	5V*_aB;}ej
0x140eaf16a	M)'{=-
0x140eaf642	Uz,i{r
0x140eaf6e9	!@osgR
0x140eaf7fa	8Qo00w
0x140eaf911	xKqUc:
0x140eafb7f	;KTxs2
0x140eafc30	e'rY~|:
0x140eb005a	*~_}:G
0x140eb0177	q%Geui
0x140eb02ea	G3kTbe
0x140eb0414	3kB?B8Nh?
0x140eb05f7	Dp9K@V|
0x140eb07cf	d?nM'0
0x140eb0b36	2f!?U(
0x140eb0e25	d=|gp(
0x140eb0fee	gs~zJnW-u
0x140eb126f	A%W`E.
0x140eb149c	.e>!+6
0x140eb1615	"b9-dD
0x140eb16a6	,T`OYh
0x140eb18d4	(I?g|(.
0x140eb197d	ta(!8B
0x140eb1f75	,Bj1b)
0x140eb209e	;@Z#PK_
0x140eb213e	NF?K+A
0x140eb21df	!_x[qL
0x140eb24a7	;2D5mh
0x140eb2813	OBf)YWI)
0x140eb2860	WtW7%&
0x140eb2ad6	Vies2z]*
0x140eb2c49	u#uNXq
0x140eb2e5b	(<%Pk|
0x140eb31f8	F$wQFf
0x140eb3433	CczgjO
0x140eb3849	)-mC\_
0x140eb3896	AE2scW
0x140eb3e5e	%Zrlxa
0x140eb40e8	ngNYa*
0x140eb44ba	*6fL:0
0x140eb470d	'BzGa>
0x140eb4aa3	F"O.)'
0x140eb4b07	!u>3NidS
0x140eb4bbd	&tzj!C
0x140eb4d89	3$I_W)tk|
0x140eb4ec3	M'&LTj
0x140eb531c	cqo/Cd
0x140eb5765	np0`U?7a
0x140eb57f7	3^#ot}
0x140eb5940	/F<7M?
0x140eb598d	*M0Nko
0x140eb6172	LA<NjF
0x140eb62a7	w7@C!IO$v
0x140eb6537	X[V/xO.
0x140eb6956	RbZg}"
0x140eb6994	NI^2z9'B
0x140eb702e	;xK)X*
0x140eb7082	!9*#3u
0x140eb7710	/o#'4'
0x140eb7966	n]$}['T
0x140eb7a02	*x!p47
0x140eb7dfd	g+aziR
0x140eb7fcf	E|jl\m]
0x140eb80a2	<Asyy{
0x140eb80ff	C\d/eG
0x140eb845a	IFE>*X
0x140eb8663	>tMg7_
0x140eb8992	fIW'8=
0x140eb8b1f	6>V\6=
0x140eb8c56	&Gjf7w
0x140eb8ce9	ash[Zb
0x140eb90d0	yky:."n
0x140eb9539	gi?eC!
0x140eb965a	*oeA+H
0x140eb9983	f&RIZC
0x140eb99b5	B:8 ZFX
0x140eb9b5e	RQhS17'
0x140eba36d	I_}2Ttn
0x140eba5e1	#26tX_
0x140eba91b	E[5uCR
0x140ebaa68	0W3*s$MM
0x140ebace9	+VK4K"U
0x140ebb862	C7yo*-
0x140ebb8e9	jazPs 
0x140ebbf8e	WB]#M7
0x140ebc236	k6cZv+-
0x140ebc390	X1wS@DCI9
0x140ebc45c	_SMJ?En
0x140ebc8e2	.i#]ANY
0x140ebce3c	4a7?IE
0x140ebd715	7#\rz#
0x140ebd779	)$4Wp5
0x140ebd82f	A$(yqt
0x140ebd8a7	E'TCV,
0x140ebd908	 sQ^u,
0x140ebd97a	03?RHLH;R
0x140ebdaf0	0FLB2ek
0x140ebddad	pJWa*aO
0x140ebe3e2	yUM,)x
0x140ebe878	 jO%}1
0x140ebec07	si,$f6
0x140ebf099	e)Smu?)o 
0x140ebf236	),N/ar
0x140ebf252	E2[6-6
0x140ebf63b	yc>Q/q
0x140ebf6b2	[(VAh[s
0x140ebfb4a	N5sSOb?
0x140ebfc65	XKSdSG
0x140ebff2e	~d6^q15
0x140ec009a	q }_og
0x140ec0211	@.ZK3W[fQ
0x140ec0525	s*W:g/=
0x140ec0576	mn;w"W
0x140ec0599	+ua?\C
0x140ec0626	?RgE7D
0x140ec07e9	,GfBvLn
0x140ec084d	3zTW>Ap:3
0x140ec0e5d	l =TZ 
0x140ec13bb	[CE4I|
0x140ec17d0	@4q!lj
0x140ec1c6b	Kn$R.A
0x140ec1e59	lM,=%N'
0x140ec1eb7	MZey"K
0x140ec1f2e	FrBOb 3`
0x140ec2076	&,3L[QjB
0x140ec20f1	H1qaV:x
0x140ec214b	-4\X [9
0x140ec25b4	tIPw}t!
0x140ec28cf	?p[R)Ju
0x140ec2ab9	=~Ck%r`
0x140ec2d24	yKL`+E
0x140ec2f31	*Gu8TB
0x140ec2fc4	V(w9S{
0x140ec30eb	^W,QQmB
0x140ec31b9	=X<l8~
0x140ec3231	EmV/lzt
0x140ec3541	'!{F*?
0x140ec38d0	^qjPOwK
0x140ec390d	]u4XMvI;
0x140ec4049	V\X`!\
0x140ec4416	Z7*40D
0x140ec47f2	-F??Ik
0x140ec4967	%aswH$
0x140ec4a36	/--oC;\
0x140ec4cb2	 "@a,L
0x140ec4d5d	Ndu/= P7
0x140ec50d7	.UN"3i
0x140ec537e	%|Eq)%
0x140ec54eb	Kq+roDJ(
0x140ec5622	`'k:\=
0x140ec57bb	l,;@+R
0x140ec5908	# \gckWXm
0x140ec5be9	AfeXFr[}u
0x140ec626b	XR-]>X
0x140ec65fb	@p"K[R 
0x140ec6719	y|/(c5
0x140ec6792	kLub2^
0x140ec68e1	k+Erl-
0x140ec6ad2	c}uXPb
0x140ec6e4e	.Z6ZSJ?
0x140ec7954	rQG#UA*Wk`|o
0x140ec8081	gwo9`Q
0x140ec8468	a:m./3
0x140ec89a0	:*IhcI
0x140ec8b32	0Juc8P
0x140ec8cb6	,8v56rNE
0x140ec8da1	J\h6s%
0x140ec8ddf	H= x{4
0x140ec8ea2	r=$lq:
0x140ec8f2e	(4L`_|
0x140ec930b	r^Qr8Jo
0x140ec9447	KP,/Q9
0x140ec9758	J$43{3
0x140ec990b	f{mu\H
0x140eca021	)#FeZ6
0x140eca0c2	V.0.hk
0x140eca0cc	Ng!D4H
0x140eca243	(Q1US[#
0x140eca329	)]=Q|S(
0x140eca82b	/Bx[0:
0x140eca9d5	_R=Hz0
0x140ecabd3	,?2Tuk
0x140ecb07e	1e}=;4
0x140ecb787	*$[WlP
0x140ecbb93	_&+.@.
0x140ecbda1	\Z|Q@o
0x140ecc8d1	iy%JGzo\;
0x140eccc54	0<nh03
0x140ecccaa	!45HR.
0x140eccd5a	xaS5a7
0x140ecce0e	>X"tSz
0x140ecd4c4	p}]sYv
0x140ecd8b0	=zib15
0x140ecd910	/R+m%Jj
0x140ecdc10	u?C1e*FEY
0x140ecded7	>pWd}f
0x140ece05c	qA/{;]
0x140ece07c	u}H`\(X
0x140ece12a	J|jsN4
0x140ece558	+8NU|@
0x140ece833	0Y~[Yc
0x140ece8e0	["$'@|
0x140eceafe	PSWy#-/
0x140ecec96	t@!~}^
0x140ecf070	_@YOZHE
0x140ecf305	'`Qkm3tMw|
0x140ecf579	^{NcgU
0x140ecf5a9	bmrg}b
0x140ecf756	R~nGZR
0x140ecf83e	<4{$Ks
0x140ecfca6	+t83nD
0x140ecfe96	~nKe]x
0x140ed0477	P$eDcA
0x140ed072b	hn4Q=$
0x140ed0af6	ai;)vsWo
0x140ed0cac	<0WzsQk
0x140ed0f64	Au0N%Q_Q
0x140ed0fa5	uyF~id%]
0x140ed1003	Ub\|4S
0x140ed1295	i8`XZ;
0x140ed165c	R~vW2=
0x140ed16b4	sX76v9
0x140ed184b	$N0uR-
0x140ed1958	Js}ywy
0x140ed1ab4	$;#6ua
0x140ed1ac5	,m~G(u
0x140ed1ad7	g+Ro*e
0x140ed1cb7	0Lt@i_
0x140ed1d6c	KOvIkpR0
0x140ed1fa5	@pkm#7t
0x140ed20a4	[gt=aea
0x140ed2285	\6NLJu
0x140ed2645	-]d,5O
0x140ed2a89	)d3:Tn
0x140ed2d7f	P*!_R}
0x140ed30ff	Pj~Zj%
0x140ed31ee	?f%46)
0x140ed32cd	U`xP@=
0x140ed332f	_|OWKqZx
0x140ed33f5	`rWK-T
0x140ed3546	6q3>jI$
0x140ed3e66	)JF[Jm
0x140ed42b5	IAhJs5O
0x140ed49c5	<D2e.k
0x140ed4aa8	8/IEa}
0x140ed4c0e	-'(aNt
0x140ed4df9	L=0tX2w
0x140ed5473	4[([1`
0x140ed547f	w8}l+2
0x140ed5da2	:i>Q`5_
0x140ed5e6b	e] 6Xu
0x140ed5fd8	^{8XRj
0x140ed60cd	L}4T&<
0x140ed62ff	8y!QiN
0x140ed638e	]1Y4Dg
0x140ed6677	?=nIQo
0x140ed669c	kbtE}C
0x140ed68db	(^^c&H
0x140ed6ac0	zpOj73
0x140ed6b7e	y(I$s)m
0x140ed7165	:YRdV1W8
0x140ed7392	Z<LsxO
0x140ed74da	kf//~=r
0x140ed78a0	N*pHW/
0x140ed7ab1	X>CHF}KB
0x140ed7d68	=]jcNPR
0x140ed7eb0	`EW'y;
0x140ed8089	#.RMP4
0x140ed8225	06 @[|
0x140ed82ca	z)98s_
0x140ed84d6	;*?h62
0x140ed8983	P#c{(*)P
0x140ed899d	_Za&GA
0x140ed8b30	\<pi0AYO
0x140ed93a3	(yk7S)
0x140ed9621	1vbZYY
0x140ed965d	AiX&m.'ru/{'
0x140ed9683	JE/|_@
0x140ed96fb	8 (wec
0x140ed98be	":unB:
0x140ed9964	\~8yr!*
0x140ed99cb	kc(5=V#%
0x140ed9a13	t,a7n4
0x140ed9caf	todZsN
0x140ed9e12	r0MtQv
0x140ed9e3e	~U)b8%\5
0x140edaa8c	L`SU,M!_
0x140edac1a	wyA<dS
0x140edacba	, NerT
0x140edad06	>\V#0D`G.
0x140edaf65	9K(Oj<t/
0x140edb103	Y|{gQ9
0x140edb54f	YL0!=Ik?
0x140edb624	^Z>%]b
0x140edb8a8	221 @h
0x140edbb88	Pxuz`W%
0x140edbbd0	drn|.+
0x140edc074	q?(c[l
0x140edc8cd	b=eP4)
0x140edca2f	DTk3f.
0x140edcc23	pN//\!1
0x140edcde2	tqwaP}
0x140edcfe0	u~`A=K
0x140edd043	)kO:0M
0x140edd360	sbFUV"zUC
0x140edd62c	(;}-][
0x140edd818	p{t+X>
0x140eddaff	s|q(ta
0x140eddb25	v2?b,&
0x140edddf8	l^{I"G
0x140eddee2	)9B6J>h
0x140ede033	%KjvDp
0x140ede135	G(Oggn
0x140ede19e	0.0l_(3
0x140ede847	YQp6uBUo
0x140ede9f8	"e`HgN
0x140edeb2c	E\Au(4
0x140edecc8	os6_C#
0x140ededc7	&/3'[>
0x140edf065	dLrMN+
0x140edf77a	*>A*[W
0x140edf9e3	3R$,:}?
0x140edfaa4	o1L<[#Z
0x140edfaca	LjuEal
0x140edfda0	Y-|G`'nJj
0x140edfed8	@7W=-x
0x140ee0517	\VY3,g
0x140ee0678	1SE.UdZP
0x140ee06bd	!pu;/>c
0x140ee0ed3	{ej@Z(Yb*
0x140ee0ef2	k- W@;
0x140ee121e	pnh%$'
0x140ee13b1	yDJ:sH
0x140ee1975	-22!xL
0x140ee1a86	/fF <V
0x140ee1cd5	WZPf3L
0x140ee2068	0~|s/d
0x140ee246f	d{`B`qMQ\
0x140ee2842	d~ehG}
0x140ee2943	@cb5h~
0x140ee2f16	2^UBnI
0x140ee2f4f	Q!N@d;
0x140ee3294	9lVPPA""
0x140ee346e	}4*oqJ
0x140ee34ae	a#irJ)C
0x140ee37c1	?Jym:q
0x140ee39ab	 (+ZNB
0x140ee3d12	]mEil\
0x140ee3f07	yyw$[M%
0x140ee4146	MPh=9{
0x140ee448f	hQ[)n]
0x140ee4599	w% 'P.t
0x140ee49df	Z(7"cs
0x140ee4af5	%_PvSJ
0x140ee4e08	fUeD=BJ
0x140ee53d2	zz14Wd
0x140ee5553	@$Kb,H
0x140ee5c58	@ryo/(
0x140ee5dfe	W^QCa0?
0x140ee5ec5	/s@pB_
0x140ee5ffa	I>@[+8(
0x140ee61b6	6u2+`uH9Z
0x140ee63a9	$lM07V
0x140ee6928	ZQKl:-F>
0x140ee716e	HjO[7h
0x140ee73b9	Hdp4%&
0x140ee7997	i5t}s\
0x140ee7a5b	uVSDk)]_
0x140ee7c40	^EZn$oy1
0x140ee7d3d	=&|O<b
0x140ee7d88	>kQBX'
0x140ee7f90	8{h0;V+
0x140ee8030	jnF"ly
0x140ee83fd	`g[)M`I
0x140ee8781	%@bGW^
0x140ee8a9c	HVN3S"
0x140ee8f33	4Ep# I
0x140ee90aa	Y]LmnP
0x140ee928e	N]>dpn
0x140ee93fb	)T1_gX!
0x140ee94dd	HV]3cBQ
0x140ee9506	:yU_YBp
0x140ee9517	7jEfv\Ix
0x140ee9607	|yP'$?K
0x140ee99bc	&.m]>zG
0x140ee99e2	jR f/r
0x140ee9de7	i@!pd&
0x140eea1cd	YLXVTsg
0x140eea1da	h12dL<
0x140eea22f	%]LmF_
0x140eea274	oQcxa+1n
0x140eea34c	r;ZzPH=sO
0x140eea439	.l[UM|
0x140eea474	idJG>W$
0x140eea517	@94"gr,_
0x140eea6a0	{@W@7?
0x140eeadce	Jr$ivT
0x140eeae80	$9D6):
0x140eeb39f	-H]_|/
0x140eeb69a	AGu_8r
0x140eeb7dd	v')Vl|
0x140eebaf0	-G?XQ1
0x140eebbff	^/O<dq
0x140eebe04	1&j+j[
0x140eebf6a	JKD,m_8
0x140eec039	1)67iY?
0x140eec2e9	AUz-[Y
0x140eec3e3	NiUD+Sk&5
0x140eec560	gI_"?<
0x140eec6b9	BsrE6zv
0x140eec7eb	sd%V.b
0x140eeca4b	_Cq2Jx
0x140eecb33	<&3!96IX7
0x140eecd60	E;~Vyl+
0x140eed1be	9Zm9v|
0x140eed2b7	^P4huR
0x140eed3e4	nbyScd
0x140eed54e	Bc^]3T
0x140eed76b	-tJpR_
0x140eedffc	}:w{84
0x140eee21b	]xsBW)C
0x140eee804	kJymHqd
0x140eef179	{t&ey^
0x140eef3d8	mi#rib
0x140eefc16	Ly\V!`
0x140eefd66	WddgZmH
0x140ef008f	\@JA|&u
0x140ef01e7	{Kni2}
0x140ef046b	2o5Z$5
0x140ef0d25	))7:WV:
0x140ef0dd4	e}sKWK
0x140ef1154	2<'-P!
0x140ef1503	t7O_WS
0x140ef1870	Q)PL'9
0x140ef1c8d	WLL%FzP
0x140ef2db6	3b@sf.
0x140ef2ddf	GN=TFYM
0x140ef2e81	8qf"v%
0x140ef303b	Mg6*7N
0x140ef30a8	g/Z+GJ
0x140ef311e	PLM4fM
0x140ef322f	9]o<[W
0x140ef3645	O@$*HX
0x140ef3822	bu'4 gC
0x140ef3ab0	1]OIaI
0x140ef4013	,Jl]#9J
0x140ef40b6	+*b#zs
0x140ef40dd	!K3q?z
0x140ef427b	v#Nr5nPi
0x140ef4486	=8WP(S
0x140ef45f6	-8HBLm
0x140ef492c	gC% ^ 
0x140ef4ab1	vx>-,M
0x140ef4cf0	4v Ydk
0x140ef4d30	A^>;]S
0x140ef4ec1	8)d^VC
0x140ef5134	';_8h*
0x140ef5571	LwFnGi
0x140ef56b2	4TNlP3
0x140ef58cc	^z%t{L7#H
0x140ef5972	:Kj!`Q
0x140ef6026	PmNCGv^v_
0x140ef60fa	 7*@f7
0x140ef6177	Hv`_^G
0x140ef62f6	L8fWs<
0x140ef63bd	k<8o/W?
0x140ef684d	GJUr`@
0x140ef6e95	}O}b`?
0x140ef7171	.xNxI$
0x140ef72af	2;[rBc
0x140ef74a8	N<m\}s{
0x140ef7570	_-/05)
0x140ef763f	+zp3r[K
0x140ef7ae9	,\fU33
0x140ef8135	z21i]W
0x140ef8828	E'xO=h4
0x140ef88a0	8VP3Ui
0x140ef895a	!Z.'d]@n
0x140ef8a88	o?cm7q 
0x140ef8d87	& V'1T
0x140ef904a	oJ*p2r
0x140ef958a	\o`Y<b>=?V
0x140ef98bf	bqVql,
0x140ef9b25	mk(wUI
0x140ef9e1d	%(1I@D 
0x140efa296	h$9[!o
0x140efa75d	x5}a:s
0x140efa7be	MO;k\B
0x140efa9d6	^[YCdTM5#
0x140efaf4e	uE,f HR
0x140efb07f	8?[5c+
0x140efb0a7	LGYhAoW
0x140efb4c8	g?4~}5c
0x140efb789	q)o-K{
0x140efb941	G^q=4g\
0x140efbc51	=OVh@:
0x140efc014	*C4,8hR
0x140efc25c	.uU+n5Wl^N
0x140efc5fd	PV.'?*j<Ao
0x140efc642	&@1&Xa^
0x140efc7c2	Q[C`%B
0x140efcb3e	TcAZ_9
0x140efcc7a	v{9$O~
0x140efd4d8	:7Pt/S6
0x140efd8c4	\~h%&Q
0x140efe054	8G^!Oz
0x140efe33d	 AZ)A[
0x140efe521	Pb[VPy$D
0x140efe69c	>Q#i/~
0x140efe7ce	)mHqPv
0x140efe85b	ZEqy3m9,o
0x140efe9ab	[)3BA1v
0x140efece1	"MAN*!,
0x140eff06a	-'!g;>
0x140eff3aa	e&Ze59'
0x140eff4e4	9.0R$-
0x140efff9a	Pbk,nqm
0x140f00502	"^A!TRV
0x140f009aa	D%7Kbn
0x140f009bd	yjUg=?
0x140f00ce4	\ (/nJ
0x140f00e0a	c[^Vf%
0x140f01347	z+,7sr
0x140f0155b	N2N1-Y
0x140f01607	"#[g";
0x140f0163e	l\dGWVBFt
0x140f01663	fw)Z_X
0x140f016df	Y]'?W9
0x140f016f5	$LjmMY
0x140f017d0	TwJS00}}
0x140f0216d	)kEoa}Z
0x140f02353	QT5#-M,5
0x140f02403	u=E)vL
0x140f02516	#sb4[@ 
0x140f0284b	|4;Yr6
0x140f029a4	6 )"F@
0x140f02aea	h'qQG-p
0x140f02dc5	OA"M>)
0x140f0326c	Dtxu<1&I0
0x140f032c3	blMd8]
0x140f03469	EU1 [n
0x140f03856	vI;a8m
0x140f03965	&@Ru`]
0x140f03ad8	$4Y4rm
0x140f03de3	`l[&d&o
0x140f03eb7	>}I'q:1=
0x140f03edf	Q':%Zsk
0x140f046b1	"%hWm4y
0x140f04ffb	MZ"XDO
0x140f053ae	I%.HZ\
0x140f053f2	.9\V|S
0x140f055fd	G#Af*<
0x140f05934	k5>+l1U
0x140f05cb2	-Kg* }
0x140f05f74	ExBPmd
0x140f05fb6	RfU(Ds
0x140f060f2	\Md_TU"
0x140f063a1	4s;s M
0x140f0670f	YrlBE0
0x140f06b72	%gBI&a^s
0x140f06b8e	RNO@3v
0x140f06d3e	M[g29,3/
0x140f06d86	),,U;&uB
0x140f0732b	GEY5)~Opsuj
0x140f0762e	 @vB Y
0x140f07740	AG3Iu<
0x140f0785c	T)Va;{
0x140f0799a	"gxon5F
0x140f07a80	#;C.ik
0x140f07f8c	mq6(V:
0x140f08022	J4]qCD9
0x140f08234	4{HA__q
0x140f082f7	ogk]R|
0x140f083c2	<)0+p6f2o
0x140f0888d	HNk2df
0x140f08ee5	;pto&[
0x140f0921a	vaF$0@
0x140f09525	Y;g0=p
0x140f097da	jC9I5lv-]
0x140f09b59	I5/b-s
0x140f0a063	m'HR^'
0x140f0a6bf	",>qh5]'(f
0x140f0a7ea	1g~sxw
0x140f0acd2	Js2ys`
0x140f0af06	qiC/IQ
0x140f0aff5	{nq1^:
0x140f0b12d	R'yoR4
0x140f0b13e	Dh_fWd
0x140f0b2f2	7kQv-X
0x140f0b3c7	N&0LiDF
0x140f0b44b	6VMPBY`
0x140f0b501	bTuCq%
0x140f0b73c	:Zh-us
0x140f0b82e	mdY7>'
0x140f0be8a	sq[Wnx-
0x140f0bfa2	{;%<K1
0x140f0c02a	?t%^x^
0x140f0c1e9	+JulGv*N
0x140f0c2ff	RHa1<G0
0x140f0cb21	wKfGL=
0x140f0cb29	;/&nw'
0x140f0cf5d	T'R-'p]J
0x140f0d323	,]R[&G7S
0x140f0d413	Jgvz't
0x140f0d5c5	WzPz+A
0x140f0d5f4	h(E)SA
0x140f0d8b5	O e878
0x140f0da59	.T5%-_
0x140f0da8d	X"!o&+
0x140f0e1a3	B~yC9l
0x140f0e268	Z<.e_/4%
0x140f0e4ca	kb%V5@
0x140f0e5c6	;<bn;0$
0x140f0e70c	1WB1PXe
0x140f0ea4a	iTD@!&O
0x140f0ece5	ed`4_k
0x140f0edf5	K>[r*Luu
0x140f0ee5f	YaYn}Z
0x140f0eec2	(NNPPXr
0x140f0ef4f	od,&S4
0x140f0f046	WsdCeP
0x140f0f326	>Ix.G/Z
0x140f0f500	n{sx;"
0x140f0f7fc	 bucVf-v7
0x140f0faed	<T@2(&:s*
0x140f0fdc0	[Pu;g6
0x140f0fe32	$phln"
0x140f10156	goT;$'
0x140f10283	Sci]g-
0x140f104f0	SX\2"|
0x140f10646	fz,DqP
0x140f1075d	UNx|#~
0x140f10857	Q^'MXR
0x140f10934	@HL6N*\
0x140f10a29	4~Bst[P
0x140f10c3c	>-SM;y
0x140f10f40	N7-+Mw
0x140f10fa0	=0Q|x@E
0x140f11417	o:dTcOV
0x140f11528	RhDf|s
0x140f11551	]UfF9-
0x140f11599	P4?xpvcw
0x140f119ae	Ay@"TG
0x140f11ab9	mVW0zj
0x140f11c72	V!xL],y}#
0x140f11c82	Om<%=n
0x140f11dfa	8 _UZ^
0x140f125a6	G^q;.<
0x140f126e8	n=4N?m
0x140f1312f	a+~w`@n
0x140f13277	eaI]mQ
0x140f13792	(Z2\ep>
0x140f138a3	AmjtvV
0x140f13b8a	}q<5zeh)
0x140f13e4f	RkE&1F
0x140f13edf	Ne4KYX4
0x140f1450f	Eg8432D
0x140f14572	a@%['%]Jp
0x140f145a8	>c%(/v 
0x140f145ea	Cn)9-6
0x140f14839	RcZZ3V
0x140f148b0	BbEb5Qd
0x140f14931	3zzm9_?
0x140f14d30	3TQ1E\
0x140f14f58	0:Dz;.
0x140f14f76	esm3p&
0x140f15274	*S|c?@j
0x140f1537b	as`F?e
0x140f1574d	"}qc5m
0x140f15a8e	<`_(@||
0x140f15bc1	H~af[Rv
0x140f16093	=B_ax?
0x140f160d3	(dn34;
0x140f163c4	eU5@cH?
0x140f165c4	0jF"; 
0x140f1677e	v1[B;<mJ\
0x140f16b6b	&.qTuz
0x140f16ed5	BnehkR
0x140f1704f	M:'E`$
0x140f174cb	Y<;8=;
0x140f17528	b4=`b)
0x140f17595	6W_e/! #-
0x140f178e0	qi& _r
0x140f17c22	vMaMkz,
0x140f189ba	Xu]")0
0x140f18d44	9MI-U-=+(cp
0x140f19132	{wiVS{
0x140f195d8	'q'>7o
0x140f1980c	z$&wi]
0x140f199ab	<J qF5
0x140f19f89	!kng*T
0x140f19fc3	!7Nf,%G.D
0x140f1a15a	jQOj_@
0x140f1a18e	,6{Jw:-l
0x140f1a41c	u}!Gqrw
0x140f1a522	:>KABu
0x140f1a643	*3L:eG
0x140f1a71e	:"PPb<
0x140f1a926	-K8<GG
0x140f1ac28	B,u&H:R
0x140f1ad00	7_@Pr{W0
0x140f1af65	veT'~Y
0x140f1b09c	7v1E$~
0x140f1b757	e;J!PI
0x140f1b777	"x6f "M
0x140f1b7b2	Rl8Dc3
0x140f1bca1	2g9W2|
0x140f1bf17	]>!t2JU
0x140f1c445	3V,LMB
0x140f1c770	nf'UBN
0x140f1c7e5	x+/~,o"
0x140f1c91b	0%nUuw
0x140f1cb6a	6(<Q9~
0x140f1ce3b	/|#]x#?
0x140f1cfcb	u{PhhSt
0x140f1cffb	K{v8_'<&e2
0x140f1d1e5	1S(jN*
0x140f1d451	5"u1Zk,
0x140f1d996	*PxpZ<
0x140f1dae3	#pRL(3:
0x140f1df0a	4_(G]8
0x140f1e359	gZcPO-
0x140f1e3df	XJ+Y7PrMvT
0x140f1e405	s3#(>^y
0x140f1e46e	$ZjO.n_
0x140f1e99b	;+F$+r
0x140f1eb68	EPZO3c<S
0x140f1ecb0	@HkZjH
0x140f1ef5b	X/URqI
0x140f1efca	QTvb- !
0x140f1f0ad	qL9nO-
0x140f1f21a	R&HHwka
0x140f1f34f	*s{i*P
0x140f1f3f1	8@t_@4cwE
0x140f1f741	*q<78T
0x140f1f973	I>KG3G
0x140f1f9c1	W|~xwV
0x140f1fa5f	^{!v8t~
0x140f1fd8e	g,G8`y
0x140f20329	Mx%.z%
0x140f2039b	Bx(Y5E
0x140f2052d	uy![$l|
0x140f20791	hJhZ,l
0x140f207b4	7l['0<`gK
0x140f208b5	GbiE4QnNGX
0x140f208d4	odYJ;-7
0x140f20a64	'#Uv]]
0x140f20cbf	9WVgG|
0x140f211ce	:/H_jK
0x140f2159f	\E4xV_K~j$#
0x140f21612	3T;*ZB
0x140f219ad	s+(xp,
0x140f21c72	7<3zh\
0x140f21cb9	PTWMiX
0x140f22063	$ZW^+q
0x140f22177	02V;\86
0x140f2246a	 7m9jJr
0x140f224dc	8SkxSS
0x140f227b4	1kEq_'lQ
0x140f227f3	d +-r]
0x140f22e64	6/]<)0
0x140f22ecf	hl=LOhD
0x140f23327	0eelY$
0x140f23370	Ovo6.z
0x140f233bd	{=JnXC
0x140f23449	sQGHL]
0x140f23504	7onYh4
0x140f23719	sy_Y5kG
0x140f239b5	1lH3z-
0x140f23ad3	+F;yr?8Io
0x140f24190	z1kM{=I
0x140f245a5	A[/|ra
0x140f24634	Ul)?Ra
0x140f24d8c	jI:Wa%
0x140f25137	{-^'yw
0x140f25204	TW:79%
0x140f25481	PwG`23
0x140f2562e	/+5LDR
0x140f258a2	ioi$Yr
0x140f25a7f	Fo"UNh
0x140f25bd3	;n~y!{
0x140f25dc5	xk%qa\
0x140f25fcd	8o|f+f2o8
0x140f26090	N;;%p:
0x140f26a23	qI1'L'e
0x140f26c7d	0Rs(D9
0x140f26da0	jKNH{)
0x140f26ed5	n|$3eO
0x140f2701b	Yh1/(j
0x140f272ee	6R15*6Z
0x140f273ca	W0R4,3H
0x140f27c02	SHd+%,!
0x140f27e4b	SMrcb7}@
0x140f27f05	)JB(H*M
0x140f27f4b	G^z="(
0x140f28248	?sygz<
0x140f2838c	SJrKTo
0x140f28470	T$BMj<
0x140f28681	+5ky0H
0x140f286fd	q_&"7[
0x140f287c6	Ui[`(a
0x140f28ace	C~FQq%
0x140f28ba4	*B[o-}
0x140f28d68	jYS!)r
0x140f28fb8	4Kl|ZSy
0x140f29101	?1*i|c:g
0x140f29379	p/%2%i
0x140f2945b	1Gh;!j
0x140f297be	GO,r+NNE
0x140f297f1	nlC*m}y
0x140f2988c	|'JOS&
0x140f2a3b6	Knx D2
0x140f2a4c9	HS;!rN<
0x140f2a5ae	[K{qP-
0x140f2a959	oI2LqCY
0x140f2aa12	tW8<*:
0x140f2aa2a	<_[{_%3
0x140f2aa32	YP5sx]
0x140f2aabe	!<vQp@
0x140f2adcd	:K{UoV
0x140f2ae17	_:WO@2
0x140f2af3c	p6q2dC
0x140f2af8f	?  ~/z8O
0x140f2afcc	sH\6&g
0x140f2b25f	UzXMh4
0x140f2b454	K%f`Ow]
0x140f2bd95	96Su~(
0x140f2c06e	So#T@st]
0x140f2c152	?RE35Pu
0x140f2c16e	h 8j3|
0x140f2c19d	<[?Wv,
0x140f2c523	2W#loIO
0x140f2c690	#iYZ'cQ^
0x140f2c945	nD:+cq
0x140f2ca11	?ahE\0
0x140f2ccdd	D9mH2p
0x140f2d07a	V|?xD6"
0x140f2d1bf	Z1PKp:
0x140f2d5ed	x>g`>6
0x140f2d8ba	Bt5I,,
0x140f2d8d9	bD/9j/WSsK:{
0x140f2d93e	o|hNfq
0x140f2dd41	d"]G_!
0x140f2dd5b	j/Nnj6
0x140f2e38f	O[xNNP70I
0x140f2e9d1	yu*<3+
0x140f2ead4	.::Rw6
0x140f2ecc3	7597^Q
0x140f2eeba	&=+]x4w
0x140f2eeed	|EYP|Q
0x140f2efd5	d76RsK
0x140f2f32e	XBY2L+
0x140f2fcf5	2./^$][
0x140f2fd05	A0F"$1
0x140f2fea8	fk$;\u
0x140f30713	Sa7T>u
0x140f3076b	Pcaz}D
0x140f30e4d	_ "t$/
0x140f30ffb	NH<Qi7
0x140f3110f	4ja7yM
0x140f312d4	*8V1CY
0x140f31532	\pJ]$Kt
0x140f315be	aQeaWe
0x140f316ce	JEWrE2
0x140f31731	\x\uSI
0x140f31a59	cDxtYw
0x140f31d98	PH-G(E
0x140f31f40	L.A@4k
0x140f32031	-xo]:$
0x140f3203c	~#o-X+b
0x140f321fc	SXQOUa
0x140f322d6	bz]pJU
0x140f325df	PEf[nB
0x140f32b77	bTg{(q
0x140f32c1f	qA|s#!ZsL
0x140f3314d	,Jv*9b}
0x140f3319e	j2|(WUO$ZvE
0x140f33c80	%=R6ZlY)
0x140f33d84	pr\ln$
0x140f33f37	QAi#SU
0x140f34383	HWxR5V!
0x140f34563	P-9Y#E
0x140f34586	zR"VcR
0x140f347e9	GtWB4#T
0x140f34cbb	>"FbYNN]y;2
0x140f34d76	[xX Qh
0x140f34f63	]Zjp>N
0x140f34f77	Y3<vA!
0x140f3523e	y[<Bhe
0x140f3540d	xJ(_o]
0x140f355ed	5+l%06Y_R
0x140f3560c	)|/347
0x140f36007	HUB`?epK
0x140f3617a	+X1Ei]
0x140f36307	SuN`3;\
0x140f3659d	B-Is=N
0x140f367f3	7[%j&LD
0x140f36a23	O\hWm;
0x140f3733c	LeHOxiV}f
0x140f37378	u!=I@-
0x140f37452	ua%dG '
0x140f37a8e	ic)SMW
0x140f37c68	.{wM"w
0x140f37d46	uwB4Vd~kp
0x140f37f93	"f[<\p*0
0x140f38073	G9zxq5
0x140f382a5	SN:TLD7
0x140f383d6	\7!/kt
0x140f3858f	!4Y$|fku
0x140f386fa	>?VL5q
0x140f38a51	]_)8"u
0x140f38c34	x5+;eN|9
0x140f39022	G%-sCR
0x140f392a7	^`gN@KiU
0x140f3939e	g6yFi%
0x140f39442	cH}kZ1
0x140f39449	>DaLY&
0x140f39531	Xs6Ety
0x140f3967d	udq2G8?
0x140f396cf	~_mo@Eb
0x140f398c9	x!zRQV0
0x140f39ba5	B)%zT]
0x140f3a04d	{?^ij]
0x140f3a0c8	5f)En{T:
0x140f3a388	6]@QB|
0x140f3a70f	U66uS(F
0x140f3a792	&\m(8j
0x140f3a8c4	K)4nEJ
0x140f3aaea	|mAH(b
0x140f3aef9	k%<.h'
0x140f3b149	Uy+:7t
0x140f3b437	k&.c&~
0x140f3b5f9	;79^8o
0x140f3b7c7	#3E.[Z6
0x140f3b8fe	(CJS?j
0x140f3bedd	"%'3(E"
0x140f3c2c6	`Woev)
0x140f3c34c	62&vvA
0x140f3c36a	V"nTO~
0x140f3c6f3	6t>#y^
0x140f3c71f	$~"68|
0x140f3c827	JX!|6\
0x140f3cb69	)X4%*6GRo
0x140f3cd07	(D0m=0
0x140f3cd13	nG|*]f
0x140f3d438	8v<p@f6-
0x140f3d661	H%Q*lkB5
0x140f3d856	.i_nb\Z
0x140f3d9cb	J!alKl
0x140f3db71	RtOV[J
0x140f3df65	Q|Yb|^
0x140f3e2e1	&CS)'e
0x140f3e4b6	/*q{l)
0x140f3ebb5	}(}F1O
0x140f3ec77	BpMUd*
0x140f3ee27	s|Oc1~
0x140f3ee50	!t?+?Z
0x140f3ef06	:?'yt;u
0x140f3f126	zM"X3"
0x140f3f368	!(1nQcc4
0x140f3f371	M-nuC8
0x140f3f4b6	s0{+kIQA
0x140f3f5cf	7$|y>"%
0x140f3f84e	9%"@^l
0x140f3fefd	pRn=r)
0x140f4011a	Q{p~80
0x140f40417	nT:(*r
0x140f40795	2i;1c61h
0x140f409ff	=%]J&2
0x140f40f8f	PH|OS]
0x140f411c7	Z,!M]t:
0x140f412b3	4Pvxl`RY
0x140f41c7f	*ydeAN
0x140f41d8b	x:7E{5i
0x140f41f8f	"hU-OE.]
0x140f42043	s2AMdt
0x140f420b4	|,./7D
0x140f4219c	ieg{b#=
0x140f42737	}X&&+~
0x140f4296e	eC+xtg&{
0x140f4319a	3_RdUUB
0x140f432c4	5b-}[G
0x140f4336e	;{"eR[
0x140f43451	=["u1g0
0x140f43530	dK6e2oUU
0x140f4354a	is3pGZ
0x140f43674	o]0#Jb
0x140f43748	YszUBO
0x140f439e5	Fj8PuLB
0x140f43aaa	Fn5Qrz
0x140f43d58	=!/@-E4
0x140f43f41	{gA{0t
0x140f44354	WZ-<8wwbv
0x140f44385	WK_G?A
0x140f4461d	V$F5<I
0x140f44856	hxUs=2+
0x140f44ad1	6,#ZnHi
0x140f44b12	t3q^[b
0x140f44beb	FfSs#6
0x140f4501c	K:J!MPO
0x140f4508e	tBZZJH
0x140f450eb	^FRx9bv~
0x140f4510f	:_<%~[
0x140f45573	`@fx7W
0x140f456c7	L'>=I9_
0x140f458f8	+c~[7r
0x140f45aa5	_HPwtyl
0x140f4639a	0TI5!I^
0x140f465f8	6&q_CZ@
0x140f4697b	E>@.V_U
0x140f46a64	"f;/f`y
0x140f46b49	ze[pbp
0x140f46b69	9$ ig/(
0x140f470aa	H+^+5v
0x140f4795a	D<ul8E
0x140f47b66	=K#Qk>e
0x140f47fe3	e\mFgz
0x140f48075	w79qt*
0x140f48155	3SSK(Tl
0x140f4830c	^eKW/4
0x140f48464	1\O3,q
0x140f48572	Byu\4C
0x140f485de	vr]Qw~
0x140f486bf	nlCK!%vT
0x140f4888e	,5.%?D
0x140f488bf	>bj.1g
0x140f488dc	sdDo%=
0x140f48e9f	Ni$&.N'M
0x140f48fd2	zeg%I@?
0x140f49a27	alG5wU|;I,
0x140f49bcc	;$z5_D.x
0x140f4a006	W-/+PU
0x140f4a058	Ph;N"h
0x140f4a06a	TL#"p@
0x140f4a219	`%b`[!
0x140f4a4ce	P[%@E0
0x140f4a783	TPaMGU
0x140f4a7c2	b(.-CR
0x140f4a86b	m D"1mc
0x140f4aa1c	ou+f4%
0x140f4ae23	0{FW&T.
0x140f4b067	HIS+\(
0x140f4b249	K!rgeV
0x140f4b99c	<TZ1jyb]
0x140f4bbfb	G*"]XSJ
0x140f4bd87	Xu|lwy
0x140f4be87	e_]iO!G
0x140f4bfbe	ew$`xZ
0x140f4bfe7	LA(J~HFj
0x140f4c05f	3{sp.qnYa[s
0x140f4c485	VxE:8L
0x140f4c7ee	"*$BCA
0x140f4cc19	i~:~%"
0x140f4cd52	L}H'`T
0x140f4d3a6	}K?ue:
0x140f4d58c	6YJcFkM}
0x140f4d727	0>MFY*
0x140f4d7a3	#Nsb]zhk
0x140f4dcc4	g"AI q
0x140f4e10f	W"-,+E82#
0x140f4e20d	a_U^C=
0x140f4eba3	IPBBs 
0x140f4ed44	^`e`H&
0x140f4ee1a	C1^gO8
0x140f4ee3a	wu^4tK1Te
0x140f4ee46	ZQSM?9
0x140f4ef8b	=" KV5
0x140f4f1fa	xBw#j;z
0x140f4f4b5	f{=ip/
0x140f4fa7d	3?6Iz/\
0x140f4ff72	vnPP_~
0x140f506f9	hDc~92
0x140f50a9a	jvV|e($
0x140f50bbe	OMm_"Z
0x140f50cb2	l=Y:oG
0x140f50df0	:S;|sQW
0x140f51035	E-Eg:aF
0x140f51317	'$z5|d
0x140f5138b	I`hqfE
0x140f51563	Y7pobyjk{
0x140f5165b	TIp"a;
0x140f516b7	P9}B(V
0x140f51d41	{4rFd>
0x140f51f84	|apDi@
0x140f52064	o{CNK|
0x140f5263c	??.b\e@\
0x140f52a63	m$-\Rik
0x140f52de4	qeQrxh
0x140f52e7f	?64X4Gl0
0x140f534d5	q@XnaN
0x140f535bb	t4.vkJ
0x140f54328	+Ogu\l7
0x140f54361	1JdI<yL
0x140f546fd	l0b^7w
0x140f54cc0	Xp%WSh#%0
0x140f54f62	r1QL5B
0x140f5504b	 )%UrR[R
0x140f555b0	&L*gwz
0x140f55718	OH]P<)c
0x140f55769	NxS`W4
0x140f557cf	1l@ns&
0x140f55bde	lkd9_L
0x140f55f6e	/2@6"x
0x140f563b8	M`pZEu
0x140f564a1	yz\AXq*
0x140f56766	{Z^q`j
0x140f56b7d	t4%7yp
0x140f571d0	M;f-v@2
0x140f572df	l{;U?I
0x140f57584	t~!GyS
0x140f5799d	,WXK9y
0x140f579bc	XJ~aJii
0x140f579d9	1A'o  L
0x140f57d8c	<(Sf)Xk
0x140f57e3b	NEH3-Z
0x140f5803a	O~=;w{
0x140f58742	e' I!!m
0x140f5898b	A|vd"N
0x140f58c3e	<#fhYS
0x140f58c9d	oc*)On
0x140f58ced	t^repu<
0x140f58d1d	Pd(7Yg
0x140f596ca	}3(-eI]
0x140f599a5	MmT/sA
0x140f599f2	R#7~js
0x140f59b53	T.#fFc
0x140f59c56	;9?+@S
0x140f59e34	b~ B\v
0x140f5a17d	d8,c>d6
0x140f5a301	.=2/}*
0x140f5a476	reJn-+
0x140f5a61a	NDAaV(q
0x140f5a622	sJxo^`S
0x140f5a843	fX7TbCm+dDO
0x140f5a883	wB/NM{
0x140f5afde	Ls[{|P
0x140f5b35f	$=04RmU(
0x140f5b6da	9x)e:i8
0x140f5bd72	q{jWa8
0x140f5be03	.Mc(OR,
0x140f5c61b	liQkzU
0x140f5c6e4	E\|[%G
0x140f5c86e	]D"_6,
0x140f5cc0a	ER&a'y(
0x140f5cd01	p|a_^2)
0x140f5cd19	%<K;!8
0x140f5cd79	tD-PQg
0x140f5cec6	fI%mx<
0x140f5cf19	"&p`}d(/J
0x140f5cffc	n$_+xD
0x140f5d092	e3v_pB1
0x140f5d0a7	_~{?Xm
0x140f5d0ee	~YK3K5
0x140f5d719	pVz,AG
0x140f5d805	{ -[?w
0x140f5d899	cJyY~Z
0x140f5dfa3	LYg^]vW6
0x140f5e48c	KrlG/x
0x140f5e6b5	l.;\33
0x140f5ea80	zRdYG!H
0x140f5ea9e	:jJv0:~
0x140f5edc4	vk[oQ!
0x140f5ee9e	]D`iBI
0x140f5ef12	JB#L3c
0x140f5f360	g3XLcz
0x140f5f41e	l%`Hy6#
0x140f5f4d7	To\Gk(s
0x140f5f722	;3d(Uj|t~
0x140f5f83a	rez>t#
0x140f6010f	WK~*350
0x140f60289	li$n@pZC
0x140f602ca	:nkz*}
0x140f6040e	Q@Iz)-
0x140f60466	/G%(durd
0x140f60ffc	CENd+m
0x140f610c0	C~#"[Fc
0x140f612db	GW$b:&
0x140f61735	I<C"3Y
0x140f61a62	'(*uUO
0x140f61d66	`JrSk%B
0x140f61efe	R:xU%4
0x140f61fae	dk+yA*
0x140f62095	)8VgIU
0x140f62169	NJHg{N
0x140f62369	>^g1? 
0x140f62428	L."Vy+
0x140f62586	?I@[Wm
0x140f6259f	8*S*Pq
0x140f6272c	Z.;:5,
0x140f627fd	\tdUq8
0x140f62ac7	.kC"nx
0x140f62ba9	SEuujW
0x140f62cbf	#@=Ceq
0x140f62d3e	tt4Gwuu
0x140f6322c	MEV'63
0x140f632d4	8s+P=}y.?
0x140f63582	jpsXQ/
0x140f635ab	G;|!U|
0x140f63732	cH3sKiSBx
0x140f6386d	:eqP1$
0x140f63944	yEu{x[
0x140f639fb	[jeG]m
0x140f63c04	W^_rJ@
0x140f63e9b	+@B<(fK
0x140f6414d	;9{(^ZkP
0x140f6453c	PHw0~q
0x140f6461f	$S9-qw:
0x140f6467a	$Edy-WB\
0x140f64848	xSRZmV
0x140f648ce	oLxj-&
0x140f649af	eu"lHT
0x140f64b10	iSzd2am0
0x140f64ba6	Cz;cME
0x140f64e2f	C8@r-u.T
0x140f64efd	XjoGiu
0x140f65452	\t^V9#
0x140f655c6	j\o{g\
0x140f656c5	*Lg9GB
0x140f657f3	}"CHQg
0x140f65a8c	.Yv@x=
0x140f65b62	}{zEyf
0x140f65c8d	dt\xEwR
0x140f65e8f	6Oe;s5
0x140f661ce	3i1BwszuT
0x140f66267	/R2%#-
0x140f6631e	>/UDmP
0x140f66c74	v5bQf;
0x140f66df2	XNt33m_
0x140f66e27	}5$jzP
0x140f67155	"Sjo%'cjf
0x140f67302	!sATO3
0x140f67706	)ys~ad
0x140f6778c	U$}cz(]k
0x140f67a8a	R:E`*;
0x140f68163	]LE{Kn
0x140f68623	b>{}'#
0x140f68982	iqu*~NgM
0x140f68abd	<u.)um
0x140f68c20	q,/.?Wd
0x140f68d2d	Y\|j`==
0x140f68e77	'.BT\H
0x140f6978c	bz<vg<
0x140f6993b	gSS^5Hg
0x140f699e5	7.BNKy
0x140f69ae8	E(~[5?5
0x140f69d82	l~JPoc
0x140f69f1b	%}nlS 
0x140f6a2bd	]kG[?,
0x140f6a3d5	)Bq`X7
0x140f6a853	$3`Kad
0x140f6aac1	YJNWX$
0x140f6ac19	i6vQjn
0x140f6ae3a	tZyl"]
0x140f6ae5f	kTEQG1
0x140f6b2c2	Rzj`/h
0x140f6b50a	TSk7(t80
0x140f6b8c4	.S~l0/&
0x140f6b8dc	Im'gegy
0x140f6b9e4	#7(uJpM],"3
0x140f6bf2c	Wp':LT7
0x140f6c006	Va$x9i
0x140f6c409	7@\Hv+;
0x140f6cb29	o8fi^{
0x140f6cbc2	Q5~1z?
0x140f6d228	"(#5hp
0x140f6d28a	@1CFe):
0x140f6d298	gt:tC;
0x140f6d60c	CN!%r~k
0x140f6d90f	$.@#O(z
0x140f6db85	9p>rI]n3\#
0x140f6dc90	t<mYV\
0x140f6dd03	Sx'12X
0x140f6e056	Ei!p! 
0x140f6e0b1	lCR/Fmq]>
0x140f6e15a	`y*1&,
0x140f6e3c3	DVAcD~{
0x140f6e4ba	TM[=*X-
0x140f6e516	}Ddi9x
0x140f6e917	6tz>ba
0x140f6eb70	B`"R2FCN
0x140f6eb96	ty] /@
0x140f6ee15	=S4,.F
0x140f6f22d	Pd1}fR
0x140f6f286	r0FRrl
0x140f6f486	Vmuz?y
0x140f6f678	11CL35
0x140f6f6c5	l3""<?
0x140f6f703	h43WIq
0x140f6fa27	+QAv4H
0x140f6fc95	~K;?s3L72
0x140f6fcdf	Q=Cj$(]&Me
0x140f6fe1d	TBZTx6
0x140f6fe6a	d5 c30a
0x140f70181	y0Oi5L
0x140f705fc	i8S{R-
0x140f70942	7)u.%F
0x140f70b79	)JT=!e
0x140f70fa0	s.T}IZ
0x140f70fac	i\@dqu
0x140f7121d	ab;EM6
0x140f7195c	D:tVnL5igD
0x140f719d9	."=:mN
0x140f71d2a	D,OW''
0x140f722b7	O8W~Bk,
0x140f726cf	H9C-|v'
0x140f73317	"LEL`+
0x140f73605	OP!UViK
0x140f73d2c	 Xz4E2
0x140f7405b	5uu;%NB
0x140f74181	#_Y,?jC
0x140f743b9	"m1/scC
0x140f74525	=*ZU:U
0x140f746e0	KKl!i~g
0x140f746f2	pY9w9h
0x140f74a39	RL:Vm@a
0x140f74aeb	\H^chh
0x140f74dcb	EB]~BM'
0x140f74dff	(Gp,5H
0x140f74e48	_r5d6MD:
0x140f74eca	(by-Sz
0x140f75105	p~&iL{
0x140f751b7	b71m;q
0x140f75245	}iUSO^
0x140f75444	w\.H>F
0x140f7559d	z'PF*W
0x140f75610	QACl%-
0x140f7563c	dJRxGbyQ4
0x140f75d3f	B#p$C^
0x140f75dca	$baPy,
0x140f75e78	!UzbnSw
0x140f7602b	<hZw+U
0x140f76136	+^h"NY
0x140f76471	ucI!5o
0x140f764d3	oB$<$R}R4
0x140f76543	q%v9;Ze
0x140f7687d	}\z!kX
0x140f76d7c	dy@Gb<
0x140f76fd7	gyTqRc
0x140f77413	'"l6k-_
0x140f77565	 y8Kk*
0x140f7766a	a)|>uU
0x140f77962	;Py]q^
0x140f77ad4	xTUT.z
0x140f77e14	<n9y#f
0x140f77ff9	p!Xx,c
0x140f78448	ufsW3z1
0x140f788df	s=z?n?
0x140f789d2	Xb2V9K
0x140f78d0b	}~M6]j
0x140f78d19	L],z#1H
0x140f78feb	!k4wRE
0x140f793e3	[Zr'F"
0x140f793ff	mf04DM
0x140f7966d	HSc`&F
0x140f79b39	9Wc1^P
0x140f79c02	Zz9F}q
0x140f79f57	`W*%kejH
0x140f7a37d	p>jA9@`
0x140f7a472	YD^2A=s
0x140f7a53e	c%{qai
0x140f7a6bc	oc9wgz
0x140f7a7c0	_|oaM 
0x140f7a7e8	)ic#t(@
0x140f7a9f1	_edBNy
0x140f7ab66	<C1A]8
0x140f7ac66	SH#(!#
0x140f7ac77	Ird8,C
0x140f7acf9	M2r#id
0x140f7ae5c	/}$PGzr
0x140f7aea3	kJ=&W}yI
0x140f7af2f	QgMLuY
0x140f7b0c6	bx.k/!
0x140f7b649	s2gj"?
0x140f7b8af	2:AmA-
0x140f7b991	&^\e^H
0x140f7c2ff	T\pp,U
0x140f7c47b	U2@z/T{ 
0x140f7c6c0	`XI[YBp@E=KuWb
0x140f7c75a	.&N/& 4
0x140f7cbae	5C16S}
0x140f7cbcc	r2Mn=;
0x140f7d674	oHs_.d==
0x140f7d9fc	Jq+wh[6
0x140f7dc07	sV>|N%v
0x140f7dc2c	.dR$zR
0x140f7dcb5	r"&(iZ
0x140f7de1b	%e4Au+\
0x140f7e1a6	`$+ID;
0x140f7e657	aL(D}^
0x140f7e68d	"qgQ?P
0x140f7e952	/<8-8W
0x140f7ea3a	$_U@%'8
0x140f7eeab	 Vo4Wp+
0x140f7f009	b09*P/
0x140f7f171	V(+\C<
0x140f7f595	yi+q/'_A
0x140f7f613	]<FQ$U`
0x140f7ff47	'E}z$g
0x140f80001	?w7*HcR
0x140f80057	ncy[A\
0x140f8030e	o`?dsb
0x140f80443	;-Irb]
0x140f80897	@K#x\ T
0x140f80a8a	k4Wc>"
0x140f814c2	Xe%uZ%
0x140f81563	G! B5'
0x140f815f0	SMs4ig
0x140f81768	zdg7O 
0x140f819a0	|medCvM
0x140f81a42	7NtH,Ox
0x140f81a99	sP4|^*
0x140f81bd6	H/W7!]
0x140f81de8	,JcD[>
0x140f81e5c	{}v'($
0x140f81e6e	f|gn(snz?J
0x140f820a0	V}da6`
0x140f8210c	HVA?UW
0x140f82222	dvVQ%`
0x140f82258	0-iWY%
0x140f82836	N/JmYv
0x140f82bb1	Nq;,(3
0x140f82c14	di9UGR
0x140f82f82	\(49r:?h
0x140f83052	d~%X#t
0x140f833c0	][,)dII
0x140f836d4	Tl0F{6
0x140f838d2	-EOsZl;
0x140f8398c	w#C@YA
0x140f841ff	B_Ecywg
0x140f844b1	m,]tTN
0x140f846cf	EBBT-jz?#
0x140f84757	3n? m"
0x140f847f6	+$[>A$
0x140f84937	&ee;]"S
0x140f84b9f	J@s&0r
0x140f84c80	(YT\!m
0x140f84ce2	B4Q/;4]
0x140f84d7e	+4,yx?
0x140f84dcf	rAWRo&3
0x140f84f9e	fne*N@
0x140f85487	E/=d^P
0x140f857fe	XpP`W?s
0x140f859de	r"j9{p
0x140f85e09	kX@p@p0#
0x140f86522	'(hr!r
0x140f86a17	YatR73
0x140f86c90	gIL|1Q
0x140f872c8	*5$PFIm
0x140f873af	{s&63_zM
0x140f87411	;cy=x7
0x140f87486	jjMm}t
0x140f876f6	N|XF3CW,{
0x140f87956	B7()+>*
0x140f87b6c	+G1x0>
0x140f87f79	7O[*vz
0x140f88bce	4T<2[p
0x140f88f4f	2}d<)"t
0x140f89141	PY3/uY
0x140f8915b	mAAm5t
0x140f8942b	*oe`=l
0x140f89542	t#Zz\17
0x140f89809	r5C0zH.f
0x140f8981e	;Cac*[
0x140f89967	P#,:Xj
0x140f899fc	Zl=,cc:?
0x140f89a38	S(\S(F
0x140f89c41	yB7v2i
0x140f89d7b	9s9qLKcS
0x140f89e08	>@3|x/
0x140f89faf	G7'j$h
0x140f8a2c3	SS '"L!
0x140f8a32f	jEshJq
0x140f8a543	s:g0yRE
0x140f8ab58	Mw,5TF
0x140f8ab7c	Q474w6
0x140f8ac2a	j"5LRM
0x140f8ac5c	[UvG?gy
0x140f8aeb9	D}&}}7
0x140f8af1b	=@dJ2?yf
0x140f8af8e	cl~30'
0x140f8b015	bZETyPqB
0x140f8b1cc	MT!.Oj
0x140f8b86b	6QT\mq^
0x140f8b95f	N{1\E;
0x140f8ba5e	"r^3rFJ
0x140f8bcda	n-JD,zS
0x140f8c084	7c6y^:
0x140f8c0a3	BaFxJB
0x140f8c1f7	TH)<By
0x140f8c2f5	-kHEBG;`
0x140f8c610	tY't1"w
0x140f8c8b6	dE0=Q\
0x140f8cb60	RtlGetVersion
0x140f8cba0	HP_WKS_SWTOOLS_DRIVER.sys helper
0x140f8cbc8	Reading %s at address 0x%.16I64X...
0x140f8cbf0	Can't read %s at address 0x%.16I64X...
0x140f8cc58	Y}WtjUE}U1=""=
0x140f8cc77	_5Q&2pSB
0x140f8cc92	Me{mIFB\F&
0x140f8cd16	tcx5GQU
0x140f8cd20	^CQvgat
0x140f8cd40	ABCDEFGHIJKLMNOPQRSTUVWXYZabcdefghijklmnopqrstuvwxyz0123456789
0x140f8cd98	4.>66t>66
0x140f8cdc0	abcdefghijklmnopqrstuvwxyzABCDEFGHIJKLMNOPQRSTUVWXYZ
0x140f8cdf8	iSkHFCcUNQBU
0x140f8ce20	nHP}XVIOHlNUJUPY[Y
0x140f8ce50	abcdefghijklmnopqrstuvwxyzABCDEFGHIJKLMNOPQRSTUVWXYZ0123456789
0x140f8ce98	iostream stream error
0x140f8cec0	0123456789ABCDEF
0x140f8ced8	bad cast
0x140f8cee8	string too long
0x140f8cf00	iostream
0x140f8cf10	bad locale name
0x140f8cf20	ios_base::badbit set
0x140f8cf38	ios_base::failbit set
0x140f8cf50	ios_base::eofbit set
0x140f8cf78	%sEPT_runtime_hash.csv
0x140f8cf90	Time,Type,Path,Length,SHA256
0x140f8cfb0	"%04u-%02u-%02u %02u:%02u:%02u.%03u","runtime-driver-image","%s",%llu,"%s"
0x140f8d130	C:\Windows\System32
0x140f8d148	<HOST_PATH>\<DIR>
0x140f8d160	CI00 open_auth begin path=%s comm=%s ioctlAuth=0x%08lX magic=0x%08lX
0x140f8d1b0	CI01 open_failed gle=%lu path=%s comm=%s
0x140f8d1e0	CI02 auth_stage0_failed ioctl=%d gle=%lu ret=%lu decode=%d stage=%lu packetPid=%lu pid=%lu nonce=0x%08lX comm=%s ioctlAuth=0x%08lX
0x140f8d270	CI03 auth_stage1_failed ioctl=%d gle=%lu ret=%lu decode=%d stage=%lu packetPid=%lu pid=%lu session=0x%08lX comm=%s ioctlAuth=0x%08lX
0x140f8d300	CI04 auth_success comm=%s session=0x%08lX ioctlRun=0x%08lX
0x140f8d340	SYSTEM\CurrentControlSet\Services
0x140f8d370	CI06 scan_existing attached service=%s comm=%s ioctlRun=0x%08lX session=0x%08lX
0x140f8d3c8	CI08 comm_init begin h=%p session=0x%08lX comm=%s
0x140f8d400	CI09 comm_init reuse_current comm=%s session=0x%08lX
0x140f8d440	CI10 comm_init attached_existing comm=%s session=0x%08lX
0x140f8d480	CI11 comm_init direct_open_ok comm=%s session=0x%08lX
0x140f8d4c0	CI13 comm_init driver_load_failed driverStage=%s win32=%lu nt=0x%08lX driver=%s comm=%s
0x140f8d520	CI15 comm_init open_after_load_failed commStage=%s win32=%lu driverStage=%s driverWin32=%lu nt=0x%08lX driver=%s comm=%s
0x140f8d5a0	CI16 comm_init new_load_ok driver=%s comm=%s session=0x%08lX ioctlRun=0x%08lX
0x140f8d5f0	CI17 close_comm h=%p session=0x%08lX comm=%s
0x140f8d630	CI18 reopen_fresh driver_load_failed driverStage=%s win32=%lu nt=0x%08lX driver=%s
0x140f8d690	CI19 reopen_fresh open_auth_failed commStage=%s win32=%lu driverStage=%s driverWin32=%lu nt=0x%08lX driver=%s comm=%s
0x140f8d710	CI20 reopen_fresh ok driver=%s comm=%s session=0x%08lX ioctlRun=0x%08lX
0x140f8d760	RC01 invalid_state h=%p in=%p session=0x%08lX comm=%s ioctlRun=0x%08lX
0x140f8d7b0	RC00 send mode=%lu serialMode=%d diskLen=%lu comm=%s ioctlRun=0x%08lX session=0x%08lX
0x140f8d810	RC02 ioctl_failed gle=%lu ret=%lu comm=%s ioctlRun=0x%08lX session=0x%08lX driver=%s
0x140f8d870	RC03 decode_failed ret=%lu marker=0x%08lX comm=%s ioctlRun=0x%08lX session=0x%08lX driver=%s
0x140f8d8d0	RC04 session_mismatch ret=%lu response=0x%08lX expected=0x%08lX comm=%s ioctlRun=0x%08lX driver=%s
0x140f8d940	RC06 success ret=%lu common=0x%08lX mode=%lu serialMode=%d comm=%s session=0x%08lX
0x140f8d9a0	HS00 begin mode=%lu serialMode=%d diskLen=%lu comm=%s session=0x%08lX
0x140f8d9f0	HS01 register_failed mode=%lu serialMode=%d commStage=%s commWin32=%lu driverStage=%s driverWin32=%lu nt=0x%08lX
0x140f8da70	HS02 common_mismatch common=0x%08lX expected=0x12345678 mode=%lu serialMode=%d comm=%s session=0x%08lX
0x140f8dad8	HS03 success mode=%lu serialMode=%d comm=%s session=0x%08lX
0x140f8db20	HS11 first_failed reopen_fresh commStage=%s commWin32=%lu driverStage=%s driverWin32=%lu nt=0x%08lX
0x140f8db90	HS12 reopen_failed commStage=%s commWin32=%lu driverStage=%s driverWin32=%lu nt=0x%08lX
0x140f8dbf0	HS13 second_attempt mode=%lu serialMode=%d comm=%s session=0x%08lX
0x140f8dc38	EPT Hardware Console - 
0x140f8dc90	--shift-open
0x140f8dca0	--nsp-runtime-child
0x140f8dddb	DSE-%lu
0x140f8de55	%s-NT=0x%08lX
0x140f8decb	%s-W%lu
0x140f8df54	%s-W%lu
0x140f8dfb7	%s/%s-W%lu
0x140f8e013	%s-NT=0x%08lX-W%lu/%s-W%lu
0x140f8e030	SP_NOERROR
0x140f8e040	SP_NOINIT
0x140f8e050	SP_WSAFAILED
0x140f8e060	SP_CONNECTFAILED
0x140f8e078	SP_DATAERROR
0x140f8e088	SP_NOLOADCLOUDDLL
0x140f8e0a0	SP_FAILEDWRITE
0x140f8e0b0	SP_EXPIREDTOKEN
0x140f8e0c0	SP_UNKNOWNERRROR
0x140f8e0d8	SP_INVALIDCARD
0x140f8e0e8	SP_EXPIREDCARD
0x140f8e0f8	SP_BANNEDCARD
0x140f8e108	SP_INVALIDAGENT
0x140f8e118	SP_BANNEDAGENT
0x140f8e128	SP_MAXONLINE
0x140f8e138	SP_OFFLINE
0x140f8e148	SP_ANOTHERUSERUNBIND
0x140f8e160	SP_INVALIDPARAM
0x140f8e170	SP_FYINOTENOUGH
0x140f8e180	SP_NOACTIVATEDCARD
0x140f8e198	SP_LOGINEXCEPTION
0x140f8e1b0	SP_FAILEDACTIVATECARD
0x140f8e1c8	SP_BINDMSGDIFF
0x140f8e1d8	SP_FAILEDGETCARD
0x140f8e1f0	SP_NOBIND
0x140f8e200	SP_MAXUNBINDCOUNT
0x140f8e218	SP_DISABLELOGIN
0x140f8e228	SP_UNKNOWN_CODE
0x140f8e238	%s\SysWOW64\SPVerifyDiag.log
0x140f8e258	C:\Windows\SysWOW64\SPVerifyDiag.log
0x140f8e280	[%04u-%02u-%02u %02u:%02u:%02u] 
0x140f8e2a8	stage=%s ret=%d name=%s
0x140f8e2c0	stage=%s value=%d
0x140f8e2d8	user32.dll
0x140f8e2e8	MessageBoxTimeoutA
0x140f8e3b8	<HOST_PATH>\<DIR>ware
0x140f8e3d8	C:\Windows\System32\Hardware
0x140f8e3f8	<HOST_PATH>\<DIR>ware.exe
0x140f8e420	C:\Windows\System32\Hardware.exe
0x140f8e4e8	<HOST_PATH>\<DIR>cmd
0x140f8e508	C:\Windows\System32\EPT.cmd
0x140f8e528	<HOST_PATH>\<DIR>.cmd
0x140f8e548	C:\Windows\System32\hwid.cmd
0x140f8e568	<HOST_PATH>\<DIR>cmd
0x140f8e588	C:\Windows\System32\ept.cmd
0x140f8e5a8	<HOST_PATH>\<DIR>cmd.tmp
0x140f8e5c8	C:\Windows\System32\EPT.cmd.tmp
0x140f8eb54	TITLE=
0x140f8eb68	VERMSG=
0x140f8eba8	EPT Hardware Console
0x140f8f910	Microsoft YaHei UI
0x140f8f974	STATIC
0x140f8fa24	BUTTON
0x140f8fa40	NspFirstRunDisclaimerWindow
0x140f8fb00	%02u:%02u:%02u
0x140f8fc28	tooltips_class32
0x140f8fe18	License Key
0x140f90150	NspSetupWindow
0x140f901d8	0123456789ABCDEFHIJKLMNOPQRSTUVWXYZabcdefghijklmnopqrstuvwxyz
0x140f90260	SeShutdownPrivilege
0x140f904a8	cmd.exe /d /s /c "
0x140f904c0	HardwareTask.xml
0x140f90908	DisableAntiSpyware
0x140f90920	SOFTWARE\Policies\Microsoft\Windows Defender
0x140f90950	DisableBehaviorMonitoring
0x140f90970	SOFTWARE\Policies\Microsoft\Windows Defender\Real-Time Protection
0x140f909b8	DisableIOAVProtection
0x140f909d0	DisableOnAccessProtection
0x140f909f0	DisableRealtimeMonitoring
0x140f90a18	SYSTEM\CurrentControlSet\Services\SecurityHealthService
0x140f90a50	DisableSR
0x140f90a60	Software\Policies\Microsoft\Windows NT\SystemRestore
0x140f90a98	CEIPEnable
0x140f90aa8	SOFTWARE\Policies\Microsoft\SQMClient\Windows
0x140f90ad8	2023-05-08T09:59:52Z
0x140f90af0	PauseFeatureUpdatesStartTime
0x140f90b10	SOFTWARE\Microsoft\WindowsUpdate\UX\Settings
0x140f90b40	2042-07-07T09:59:52Z
0x140f90b58	PauseFeatureUpdatesEndTime
0x140f90b78	PauseQualityUpdatesStartTime
0x140f90b98	PauseQualityUpdatesEndTime
0x140f90bb8	PauseUpdatesStartTime
0x140f90bd0	PauseUpdatesExpiryTime
0x140f90be8	FlightSettingsMaxPauseDays
0x140f90c08	FeatureSettingsOverride
0x140f90c20	SYSTEM\CurrentControlSet\Control\Session Manager\Memory Management
0x140f90c68	FeatureSettingsOverrideMask
0x140f90c88	FeatureSettings
0x140f90c98	Enabled
0x140f90ca0	SYSTEM\CurrentControlSet\Control\DeviceGuard\Scenarios\HypervisorEnforcedCodeIntegrity
0x140f90cf8	VerifiedAndReputablePolicyState
0x140f90d18	SYSTEM\CurrentControlSet\Control\CI\Policy
0x140f90d48	EnableLUA
0x140f90d58	SOFTWARE\Microsoft\Windows\CurrentVersion\Policies\System
0x140f90d98	FilterAdministratorToken
0x140f90db8	HiberbootEnabled
0x140f90dd0	SYSTEM\CurrentControlSet\Control\Session Manager\Power
0x140f90e08	ShutdownWithoutLogon
0x140f91df8	C:\Windows\Temp\HardwareTask.xml
0x140f91e20	<HOST_PATH>\<DIR>Task.xml
0x140f91e48	@echo off
0x140f91e58	chcp 65001 >nul
0x140f91e70	setlocal
0x140f91e80	if /i "%~1"=="del" goto clear
0x140f91ea0	echo Usage: EPT del
0x140f91eb8	exit /b 1
0x140f91ec8	:clear
0x140f91ed8	fltmc >nul 2>nul
0x140f91ef0	if errorlevel 1 (
0x140f91f10	    powershell -NoProfile -ExecutionPolicy Bypass -Command "Start-Process -FilePath '%~f0' -ArgumentList 'del' -Verb RunAs -Wait"
0x140f91f98	    exit /b %errorlevel%
0x140f91fb8	taskkill /f /im Hardware.exe >nul 2>nul
0x140f91fe8	taskkill /f /im R3.exe >nul 2>nul
0x140f92010	schtasks /Delete /TN "\Microsoft\Hardware" /F >nul 2>nul
0x140f92050	del /f /q "C:\Windows\System32\Hardware.exe" >nul 2>nul
0x140f92090	del /f /q "C:\Windows\System32\Hardware" >nul 2>nul
0x140f920c8	del /f /q "<HOST_PATH>\<DIR>ware.exe" >nul 2>nul
0x140f92108	del /f /q "<HOST_PATH>\<DIR>ware" >nul 2>nul
0x140f92140	del /f /q "C:\Windows\Temp\HardwareTask.xml" >nul 2>nul
0x140f92180	del /f /q "<HOST_PATH>\<DIR>Task.xml" >nul 2>nul
0x140f921c0	del /f /q "%TEMP%\HardwareTask.xml" >nul 2>nul
0x140f921f8	rmdir /s /q "C:\Windows\System32\Logs" >nul 2>nul
0x140f92230	rmdir /s /q "C:\Windows\System32\HardwareLogs" >nul 2>nul
0x140f92270	rmdir /s /q "<HOST_PATH>\<DIR>" >nul 2>nul
0x140f922a8	rmdir /s /q "<HOST_PATH>\<DIR>wareLogs" >nul 2>nul
0x140f922e8	echo [OK] HWID deployment data cleared
0x140f92318	exit /b 0
0x140f92328	-reboot
0x140f92410	rmdir /s /q "C:\Windows\System32\Logs"
0x140f92438	rmdir /s /q "C:\Windows\System32\HardwareLogs"
0x140f92468	rmdir /s /q "<HOST_PATH>\<DIR>"
0x140f92490	rmdir /s /q "<HOST_PATH>\<DIR>wareLogs"
0x140f92508	StoredVerify.begin
0x140f92520	StoredVerify.StoredAuthorizationUsable
0x140f92550	<REDACTED_EMBEDDED_VERIFY_TOKEN>
0x140f92640	StoredVerify.SP_Verify_Init
0x140f92660	StoredVerify.init_failed_soft_allow
0x140f92688	yz.hwid001.com
0x140f92698	StoredVerify.SetHost yz.hwid001.com:1029
0x140f926c8	StoredVerify.SP_Verify_GetServerOption
0x140f926f0	StoredVerify.option_failed_soft_allow
0x140f92718	StoredVerify.SP_Verify_CardLogin
0x140f92740	StoredVerify.cardlogin_denied_clear_or_block
0x140f92770	StoredVerify.cardlogin_failed_soft_allow
0x140f927a0	StoredVerify.SP_Verify_IsLogin
0x140f927c0	StoredVerify.islogin_failed_soft_allow
0x140f927e8	stage=StoredVerify.SP_Cloud_Beat ok=%d ret=%d name=%s
0x140f92820	StoredVerify.beat_hard_deny_clear_or_block
0x140f92850	StoredVerify.beat_not_soft_allow_clear_or_block
0x140f92880	StoredVerify.allow
0x140f92930	sc.exe config "AntiCheatExpert Protection" start= delayed-auto
0x140f92970	sc.exe config "AntiCheatExpert Service" start= delayed-auto
0x140f929b0	SeDebugPrivilege
0x140f92ae0	MAIN startup admin=%d cfgMissing=%d cfgPath=%s exePath=%s
0x140f92c1f	 -now -reboot -ins -c 
0x140f92c37	 ept del
0x140f92c51	 -reboot 
0x140f92c87	 -h / -n / -m 
0x140f92d10	CliConfigUpdate.begin
0x140f92d28	CliConfigUpdate.LoadConfig
0x140f92d48	CliConfigUpdate.StoredAuthorizationUsable
0x140f92da0	CliConfigUpdate.VerifyStoredCardStatusBeforeUse
0x140f92dd8	Dynamic serial generate failed.
0x140f92e50	SetupFlow.begin
0x140f92e60	Setup.SP_Verify_Init
0x140f92e88	Setup.SetHost yz.hwid001.com:1029
0x140f92eb0	Setup.SP_Verify_GetServerOption
0x140f92ee8	Setup.SP_Verify_GetNotice
0x140f92f10	stage=Setup.SP_Verify_GetLastestVersionInfo ret=%d name=%s self=%d server=%d force=%d
0x140f92fb8	Setup.SP_Verify_CardLogin
0x140f930d9	Dynamic serial: 
0x140f93108	Setup.SaveConfig
0x140f93140	Setup.StoredAuthorizationUsableAfterSave
0x140f93190	Setup.SP_Verify_IsLogin
0x140f93208	StoredFlow.begin
0x140f93220	StoredFlow.LoadConfig
0x140f93238	StoredFlow.StoredAuthorizationUsable
0x140f93288	Dynamic serial save failed.
0x140f932a8	Dynamic serial: 
0x140f932c0	StoredFlow.VerifyStoredCardStatusBeforeUse
0x140f93350	RUN dse_read ret=%lu captured=%d method=%d provider=%s line=%lu
0x140f933b0	RUN dse_disable ret=%lu method=%d provider=%s startRc=%d startWin32=%lu helper=%d line=%lu
0x140f93420	Run.StoredAuthorizationUsableBeforeDriver
0x140f93470	RUN comm_init result=%d commStage=%s commWin32=%lu driverStage=%s driverWin32=%lu nt=0x%08lX driver=%s comm=%s ioctlRun=0x%08lX session=0x%08lX
0x140f93500	Dynamic serial is empty.
0x140f93560	 HWID 
0x140f93570	RUN apply soft_success dynamic=%d cliSwitch=%d commStage=%s driverStage=%s
0x140f93609	HWID-RUN-FAILED
0x140f93620	Run.skip_driver_load_because_authorization_not_usable
0x140f93688	invalid string position
0x140f9386e	LySPQR
0x140f94fba	zj&upc
0x140f96498	08FxB{
0x140f9798b	"*$(& ((,
0x140f97c59	*.,..&0E
0x140f97ca4	L.N.P&R
0x140f97cd1	d.f.h&f-
0x140f97fd1	@08~xB{
0x140f9c174	1W_n6j1W_
0x140f9c17e	^"1W_Ffk !
0x140f9c1c4	\ Hjw|
0x140f9c295	7%0]S_
0x140f9c5fd	<,@nJ)$
0x140f9cc25	\dO:i7)
0x140f9cd85	F2(Co%C[1
0x140f9ce9c	Nx=TIi
0x140f9d089	_SC;lAx
0x140f9d3ac	<<AS++
0x140f9d445	E:N+}<
0x140f9d867	jS7^a%
0x140f9d8c7	|!'f!6
0x140f9db3c	.~0d[p5
0x140f9db49	ghxC]N
0x140f9dcdc	6sA6d$
0x140f9f091	kY2:"6
0x140f9f121	Wd?J4@
0x140fa23bf	8qtw)\6v
0x140fa4b70	RT%oiy
0x140fa4cd0	<Y7rdM+
0x140fa5594	h&j\taeIfV
0x140fa8c3c	9ARtZU8$
0x14112f350	.?AVCSLock@@
0x14112f388	_fSu1+c
0x141130af2	w?n"1mr
0x141153fca	                          
0x1411540aa	abcdefghijklmnopqrstuvwxyz
0x1411540ca	ABCDEFGHIJKLMNOPQRSTUVWXYZ
0x1411541e2	((((((((((((((((((((((((((
0x1411542d1	abcdefghijklmnopqrstuvwxyz
0x1411542f1	ABCDEFGHIJKLMNOPQRSTUVWXYZ
0x1411546ad	d[[[[[
0x1411546ba	[[[[[[[[[[[[js
0x1411546c9	[RRRR[[[[w|w
0x1411546dc	vv[[[[[[[[[[[
0x14115479c	@@@@AI@@@@LB@@@@@@@@ODS@@@DWC\@`@@@@@@@@@@@@@@dfnk@@jF@@DF@@[D@@
0x141154d28	.?AVlogic_error@std@@
0x141154d50	.?AVlength_error@std@@
0x141154d78	.?AVout_of_range@std@@
0x141154da0	.?AVbad_exception@std@@
0x141154dc8	.?AVbad_alloc@std@@
0x141154df0	.?AVexception@std@@
0x141154e18	.?AVbad_array_new_length@std@@
0x141154e48	.?AVfailure@ios_base@std@@
0x141154e78	.?AVruntime_error@std@@
0x141154ea0	.?AVsystem_error@std@@
0x141154ec8	.?AVbad_cast@std@@
0x141154ef0	.?AV_System_error@std@@
0x141154f20	.?AVtype_info@@
0x141154f40	.?AV_Generic_error_category@std@@
0x141154f78	.?AV_Locimp@locale@std@@
0x141154fb0	.?AV?$basic_filebuf@DU?$char_traits@D@std@@@std@@
0x141154ff8	.?AV?$codecvt@DDU_Mbstatet@@@std@@
0x141155030	.?AV?$basic_ifstream@DU?$char_traits@D@std@@@std@@
0x141155078	.?AVios_base@std@@
0x1411550a0	.?AVerror_category@std@@
0x1411550d0	.?AV?$ctype@D@std@@
0x1411550f8	.?AVcodecvt_base@std@@
0x141155120	.?AV_Facet_base@std@@
0x141155148	.?AU_Crt_new_delete@std@@
0x141155178	.?AV?$_Iosb@H@std@@
0x1411551a0	.?AV_Iostream_error_category2@std@@
0x1411551e0	.?AV?$basic_ofstream@DU?$char_traits@D@std@@@std@@
0x141155230	.?AV?$basic_streambuf@DU?$char_traits@D@std@@@std@@
0x141155278	.?AUctype_base@std@@
0x1411552a0	.?AV?$basic_istream@DU?$char_traits@D@std@@@std@@
0x1411552e8	.?AV?$basic_ios@DU?$char_traits@D@std@@@std@@
0x141155328	.?AVfacet@locale@std@@
0x141155350	.?AV?$basic_ostream@DU?$char_traits@D@std@@@std@@
0x14115b120	<HOST_PATH>\Users\<USER>\AppData\Local\Temp\EPT_3C9F3CEF_69BB4F9F.exe
0x14116d049	#pk""'""
0x14116d0c2	5o<:Q)
0x14116d6f4	/hZG%7H
0x14116d7e5	>s='tEv
0x14116de50	;+>CLAH
0x14116e2f5	@B6oLk
0x14116e34c	/#V:uaN
0x14116e620	&]uUN2
0x14116e972	g-]oWw
0x14116e9f2	I7~EA0
0x14116ebc1	}}hK*8
0x14116ebf1	,lqxgH
0x14116ed4d	,li:Zf
0x14116f0b5	5NE`d8
0x14116f42e	<1(0*KE
0x14116f450	ig'>~HQY
0x14116f6e7	&_l`5Y2
0x14116f720	]@26Zt
0x14116f7b3	:vcM;V)
0x14116f8ee	c9g}%-c
0x14116faa7	Z\)TZ=
0x141170021	B`w/KEK
0x1411702e5	X0(T0Q
0x141170676	\|m,[B
0x1411706e4	z jb(\@
0x141170894	8}(xd?K}Q
0x14117097c	#v8y>[
0x141170ef0	[R.*"+<
0x14117101f	]m8;/5
0x141171623	V>!=d&
0x14117164c	7V>!=z
0x141171845	`?L1Th
0x141171bec	xJp$v-
0x14117411d	D$ V/$
0x1411741a9	T$@AVAPH
0x141174294	T$8WE:
0x141174737	\$ fA#
0x141174880	f!t$ f
0x141174bc3	&>fD9L$
0x141174f30	T*j,T)
0x141174fc3	4#AQVA
0x1411750c1	V> ASH
0x141175553	nj^K5NNz^K5Z>
0x1411757bb	xZR!>U
0x14117591a	9SI_6cUO
0x141175f6e	|$`fE3
0x141175fa7	<4=a9fD
0x1411763dc	j=-#wh
0x1411764c1	ow08_`
0x14117656c	<p7k:L
0x1411768db	37AQD*d$
0x1411768ee	D$ ARE:
0x141176946	D3L$<fA
0x14117694f	6D1L$0fA
0x141176b54	G(.J)@
0x1411776e2	v{C?W,
0x141177793	9&wvP-
0x1411778e2	D:*nv+
0x141177965	8hkhTu,`
0x141177ee7	Xm>pv`
0x141178207	 +V'uEd
0x141178392	uz%l5V
0x14117894d	q-me1V!
0x141178c77	U}5"8X
0x141178c82	FpqBp2*^E\5a
0x141178ce1	5%)fWl
0x141179057	mcSq9&
0x14117928f	H9Y8vMH
0x141179331	|$ ATH
0x141179391	G0H9G8u_A
0x141179430	@SWAUH
0x141179460	l$@fffff
0x141179491	s)fffff
0x141179512	l$ WAUAVH
0x141179559	L93uhM
0x1411795e6	 A^A]_
0x1411797d6	R#\LQ:,^
0x141179fe6	ASAUAPH
0x14117a193	}xZ Z3
0x14117a350	T$ L9d$P
0x14117a6cd	9j$n!f-
0x14117a950	biL$-bbiLe
0x14117a99e	}1O9F"
0x14117a9cc	zz2)6+
0x14117aa86	P.kgFH
0x14117afef	doL_/QdoL
0x14117b000	1doLn.
0x14117b243	/u'ix~
0x14117b562	8%^fRv
0x14117b8f8	A]BjWOA
0x14117bae7	U`SAMziSMUg
0x14117be78	{&QC)k
0x14117c98e	<.{<=zT
0x14117ca4c	j$|MzJ
0x14117cb1b	y'2#;%
0x14117cb76	Q2#;%1
0x14117cb89	g#*3#;%
0x14117cba2	2#;%>Y
0x14117cbcf	BNr@eP~7
0x14117cbe3	x3#;%L
0x14117cbf8	$92#;%
0x14117cc34	RC)Vq_
0x14117cd40	mqrq/6
0x14117cd7f	a-;<HuC+[[
0x14117cda7	eDig"h
0x14117d250	L$8ASI
0x14117d480	02tqa_
0x14117d75e	MCe|-ue
0x14117dc0d	0'0S9t
0x14117ddbb	`zglfq
0x14117dddc	t$ WATAUE3
0x14117deac	t$8A]A\_
0x14117e307	$J(oLU
0x14117e314	R(oLUM
0x14117e5d5	T$8ATJ
0x14117e72c	T$0!t$(
0x14117e95a	D$0AWI
0x14117ee7b	Y%\.Yn
0x14117eeda	oV_X/~
0x14117f2bc	t$8;R4
0x14117f38b	|$8AQA
0x14117f97e	D3T$YfB
0x14117fe24	SG<E1_e
0x1411800e0	+^O~B?
0x1411803d8	en!@`s
0x14118059f	fD#t$4f
0x141180910	ATAUASI
0x141181161	-c7fDqp-h
0x141181520	$C;sY.W
0x141182337	VAQh=J*^
0x14118280c	mlT?+YY
0x14118291a	_rX[6Ww
0x14118294b	t."t?u
0x141182a66	_r$4|h
0x141182b25	RdI;%&?
0x141182b40	0QHSdI;
0x141182b57	RdI;%`^(
0x141182b68	ojCSdI;
0x141182bd2	dmm)zqV
0x1411833e6	P4,0:.
0x1411836ca	^y~V$7
0x1411837d4	t$32T$5f
0x1411837f7	t$ 8t$ 
0x141183943	|$ #nD
0x141183f66	gwMDeR6
0x14118403c	N0N:|R
0x1411840d9	 M5<!>|R
0x1411840ed	x=(97h5
0x141184308	#%!G )3_
0x141184992	F[B')y
0x141184af1	eQ7O0#y
0x1411850ff	hMTgeG
0x1411853ad	DPH1N<
0x141185764	ut4"FL:
0x141185829	uqNX}Ot
0x141185ac9	aK@IBm[j
0x141185e96	W\Nh{?
0x14118637f	b_wbH^%
0x14118648e	n5n4sA H
0x141186752	!Ca#UyO>7B
0x141186b5d	9U/nr0
0x141186b80	|N^x-I
0x141186d57	f3l$5H
0x141186e5a	UAEM`.
0x141186f9c	?2moK+
0x141186fce	A3]kBl
0x14118753c	ICO,EW
0x1411879f2	(tVXfNo7[N
0x141187cea	fD;L$#
0x141187fea	WATAUH
0x14118807e	l$PL9#u
0x1411880c0	0A]A\_
0x1411880f1	|$ ATH
0x141188261	H SUVWATH
0x14118831a	PA\_^][
0x14118839f	ha|`kv
0x14118877f	Lf3T$nH
0x14118960d	%L1d$(H
0x141189c52	&oia_Bu'
0x141189c8b	\.Y~V&
0x141189ef8	L3D$ A
0x141189f07	fD3D$ F
0x14118a14d	aL ;A\=$D*E
0x14118a41c	yARATL
0x14118a423	d$(ASA
0x14118a505	|$(AWI
0x14118a6d7	D$0AWH
0x14118a7df	D0t$ I
0x14118a9c8	T$HL)t$8f
0x14118aa1c	AWL#|$XWH
0x14118aaa5	VWATAUAVH
0x14118aaf2	>\ucH;
0x14118abde	@A^A]A\_^
0x14118abfb	SUVWATAUAVAWH
0x14118af15	hA_A^A]A\_^][
0x14118afe1	f1\$0H
0x14118afe8	\$0AVH
0x14118affb	>8*o"?
0x14118b4a1	|$ ATH
0x14118b5c7	meRzGH
0x14118b7d6	oAXWR&
0x14118b80d	3@XWRX
0x14118b85f	WYVR&KZ
0x14118c02b	Ob%]x(wb%]
0x14118c27f	rYeL5l
0x14118c4af	?S"WP++
0x14118c866	Xx9|~}
0x14118ca11	OC9d)e
0x14118cc84	eBOFhi
0x14118cd0c	8]b?|9
0x14118cdd8	_ASATI
0x14118d01d	29'w3Y
0x14118d10e	[wtL:dO
0x14118d182	WG&qLgHHF
0x14118d44f	fT\f#p
0x14118d7fc	7zD2Y8
0x14118d9a4	\$0QAR
0x14118d9d2	D$ VSI
0x14118dbc8	,]DJDkP
0x14118dd21	+.'fG$
0x14118e34c	|%Bedh?
0x14118e3be	Rr!Pz"#3V
0x14118e502	I9+#XU"26C
0x14118e573	|$(Lc|$X
0x14118e61b	D$ AVI
0x14118e66d	/Nf+T$)L
0x14118e722	ZA:&,x
0x14118e75a	SEE;CijP[
0x14118eb92	: =cD|u=
0x14118ec9d	d$01fA
0x14118ee09	V6#_T?
0x14118f2a4	L$86v*T
0x14118f368	D$ AQH
0x14118f36f	L$(fD#t$+M
0x14118f6de	b"ffEL
0x14118faf2	fD;T$*
0x14118fbdd	,%L+T$
0x14118fe93	TBS%Q9
0x14118ffa5	UVWATAUAVAWH
0x14119018b	@A_A^A]A\_^]
0x1411901c2	\$ ATH
0x1411903f8	@8l$Ht
0x141190495	@8l$Ht
0x1411906f3	\$0E9c
0x14119077b	D8d$Ht
0x1411908af	SVWATH
0x1411908f7	8A\_^[
0x141190f6f	WATAUH
0x1411910b6	0A]A\_
0x1411910ea	UVWATAUAVAWH
0x14119113f	D8|$Ht
0x14119131b	PA_A^A]A\_^]
0x14119136d	x ATAUAVH
0x1411915aa	@8|$Ht
0x1411915d7	A^A]A\
0x141191657	WATAUH
0x1411916a4	0A]A\_
0x141191d49	UVWATAUH
0x141191e0e	D$&8\$&t-8X
0x141191fb2	@A]A\_^]
0x141192eb3	ATAUAVH
0x141192fa1	 A^A]A\
0x1411931c3	WATAUAVAWH
0x141193347	A_A^A]A\_
0x141193460	@UATAUAVAWH
0x141193991	e A_A^A]A\]
0x141193d6d	UVWATAUAVAWH
0x141193e32	T$@fE;
0x1411943a5	l$H~.A
0x1411948bb	A_A^A]A\_^]
0x141194b2e	D$x8L$Xt
0x141194e9b	WATAUAVAWH
0x14119500b	@A_A^A]A\_
0x1411950ad	` AUAVAWH
0x14119514a	fD9|$b
0x141195382	A_A^A]
0x141195539	x ATAUAVH
0x1411956ef	 A^A]A\
0x14119576b	Hct$@H
0x14119577d	s\HcL$HH
0x141195eb2	L$ UATAUAVAWH
0x141196110	A_A^A]A\]
0x1411964e1	fffffff
0x141196681	fffffff
0x141196e82	@8l$Ht
0x141196f7c	l$ AVH
0x141197330	LcA<E3
0x141197418	@USVWATAUAVAWH
0x14119768e	eHA_A^A]A\_^[]
0x141197746	WATAUAVAWH
0x141197864	0A_A^A]A\_
0x141197872	\$ UVWATAUAVAW
0x1411978cd	H!|$ E3
0x1411979b4	z!|$LI
0x141197afa	|$@9l$L
0x141197bb7	f;D$Dux
0x141197cb6	H!\$ H
0x141197d08	HcD$HH;
0x141197d9d	H!\$ H
0x141197df3	HcD$HH;
0x141197f2b	H!|$ L
0x141197fc2	A_A^A]A\_^]
0x141197fde	WATAUAVAWH
0x1411980f6	0A_A^A]A\_
0x14119842b	l$ VWATH
0x141198572	x9\$ ~?H
0x1411986b8	\$0A9k
0x1411986cc	@8l$Ht
0x14119877c	@8l$Ht
0x1411989f6	WATAUAVAWH
0x141198a56	H!t$ E3
0x141198c53	A_A^A]A\_
0x141198e96	VWATAUAVH
0x141199076	@A^A]A\_^
0x1411992ec	L$@tfH
0x141199567	AUAVAWH
0x141199644	0A_A^A]
0x1411997f0	L$ UVWH
0x141199866	\$@A9k
0x1411998ae	@8l$Xt
0x141199aaa	H!\$ E3
0x141199d72	WATAUH
0x141199e75	0A]A\_
0x141199ed8	t$ WATAUAVAWH
0x141199fac	 A_A^A]A\_
0x14119a02d	p WATAUH
0x14119a0c5	 A]A\_
0x14119a25b	WATAUH
0x14119a36a	 A]A\_
0x14119a833	SVWATAUAVAWH
0x14119a9a7	0A_A^A]A\_^[
0x14119aa2b	WATAUAVAWH
0x14119aae4	 A_A^A]A\_
0x14119aaf0	@SWATAUAVAWH
0x14119ab15	L!t$HL!t$@
0x14119aba9	D$PL9wXt(
0x14119ad07	D$8HcH
0x14119ad24	A_A^A]A\_[
0x14119ad3f	ATAUAVH
0x14119af4e	0A^A]A\
0x14119b013	VWATAUAVH
0x14119b0c0	A^A]A\_^
0x14119b0d6	UVWATAUAVAWH
0x14119b303	pA_A^A]A\_^]
0x14119b31f	UVWATAUAVAWH
0x14119b814	A_A^A]A\_^]
0x14119b89f	WATAVH
0x14119baae	@A^A\_
0x14119d09e	H(H9J(u
0x14119e0a3	q+pmKJ
0x14119e1a7	,6z+Bls
0x14119e42f	 !"#$%&'()*+,-./0123456789:;<=>?@ABCDEFGHIJKLMNOPQRSTUVWXYZ[\]^_`abcdefghijklmnopqrstuvwxyz{|}~
0x14119e4b0	Unknown exception
0x14119e528	CorExitProcess
0x14119eba0	 !"#$%&'()*+,-./0123456789:;<=>?@abcdefghijklmnopqrstuvwxyz[\]^_`abcdefghijklmnopqrstuvwxyz{|}~
0x14119ed20	 !"#$%&'()*+,-./0123456789:;<=>?@ABCDEFGHIJKLMNOPQRSTUVWXYZ[\]^_`ABCDEFGHIJKLMNOPQRSTUVWXYZ{|}~
0x14119ee00	HH:mm:ss
0x14119ee10	dddd, MMMM dd, yyyy
0x14119ee28	MM/dd/yy
0x14119ee40	December
0x14119ee50	November
0x14119ee60	October
0x14119ee68	September
0x14119ee74	August
0x14119eea0	February
0x14119eeb0	January
0x14119eee8	Saturday
0x14119eef4	Friday
0x14119ef00	Thursday
0x14119ef10	Wednesday
0x14119ef20	Tuesday
0x14119ef28	Monday
0x14119ef30	Sunday
0x14119ef58	runtime error 
0x14119ef70	TLOSS error
0x14119ef80	SING error
0x14119ef90	DOMAIN error
0x14119efa7	An application has made an attempt to load the C runtime library incorrectly.
0x14119eff5	Please contact the application's support team for more information.
0x14119f047	- Attempt to use MSIL code from this assembly during native code initialization
0x14119f097	This indicates a bug in your application. It is most likely the result of calling an MSIL-compiled (/clr) function from a native constructor or from DllMain.
0x14119f13f	- not enough space for locale information
0x14119f177	- Attempt to initialize the CRT more than once.
0x14119f1a7	This indicates a bug in your application.
0x14119f1df	- CRT not initialized
0x14119f1ff	- unable to initialize heap
0x14119f227	- not enough space for lowio initialization
0x14119f25f	- not enough space for stdio initialization
0x14119f297	- pure virtual function call
0x14119f2bf	- not enough space for _onexit/atexit table
0x14119f2f7	- unable to open console device
0x14119f327	- unexpected heap error
0x14119f34f	- unexpected multithread lock error
0x14119f37f	- not enough space for thread data
0x14119f3b2	This application has requested the Runtime to terminate it in an unusual way.
0x14119f400	Please contact the application's support team for more information.
0x14119f44f	- not enough space for environment
0x14119f47f	- not enough space for arguments
0x14119f4af	- floating point support not loaded
0x14119f4d8	Microsoft Visual C++ Runtime Library
0x14119f508	<program name unknown>
0x14119f520	Runtime Error!
0x14119f530	Program: 
0x14119f550	(null)
0x14119f599	`h````
0x14119f5a1	xpxxxx
0x14119f600	`h`hhh
0x14119f609	xppwpp
0x14119f630	SunMonTueWedThuFriSat
0x14119f648	JanFebMarAprMayJunJulAugSepOctNovDec
0x14119f670	 Complete Object Locator'
0x14119f690	 Class Hierarchy Descriptor'
0x14119f6b0	 Base Class Array'
0x14119f6c8	 Base Class Descriptor at (
0x14119f6e8	 Type Descriptor'
0x14119f700	`local static thread guard'
0x14119f720	`managed vector copy constructor iterator'
0x14119f750	`vector vbase copy constructor iterator'
0x14119f780	`vector copy constructor iterator'
0x14119f7a8	`dynamic atexit destructor for '
0x14119f7d0	`dynamic initializer for '
0x14119f7f0	`eh vector vbase copy constructor iterator'
0x14119f820	`eh vector copy constructor iterator'
0x14119f848	`managed vector destructor iterator'
0x14119f870	`managed vector constructor iterator'
0x14119f898	`placement delete[] closure'
0x14119f8b8	`placement delete closure'
0x14119f8d8	`omni callsig'
0x14119f8e8	 delete[]
0x14119f8f4	 new[]
0x14119f900	`local vftable constructor closure'
0x14119f928	`local vftable'
0x14119f948	`udt returning'
0x14119f958	`copy constructor closure'
0x14119f978	`eh vector vbase constructor iterator'
0x14119f9a0	`eh vector destructor iterator'
0x14119f9c0	`eh vector constructor iterator'
0x14119f9e8	`virtual displacement map'
0x14119fa08	`vector vbase constructor iterator'
0x14119fa30	`vector destructor iterator'
0x14119fa50	`vector constructor iterator'
0x14119fa70	`scalar deleting destructor'
0x14119fa90	`default constructor closure'
0x14119fab0	`vector deleting destructor'
0x14119fad0	`vbase destructor'
0x14119fae8	`string'
0x14119faf8	`local static guard'
0x14119fb10	`typeof'
0x14119fb20	`vcall'
0x14119fb28	`vbtable'
0x14119fb38	`vftable'
0x14119fbc0	operator
0x14119fbe8	 delete
0x14119fbf8	__unaligned
0x14119fc08	__restrict
0x14119fc18	__ptr64
0x14119fc20	__clrcall
0x14119fc30	__fastcall
0x14119fc40	__thiscall
0x14119fc50	__stdcall
0x14119fc60	__pascal
0x14119fc70	__cdecl
0x14119fc78	__based(
0x14119ff90	GetProcessWindowStation
0x14119ffa8	GetUserObjectInformationA
0x14119ffc8	GetLastActivePopup
0x14119ffe0	GetActiveWindow
0x14119fff0	MessageBoxA
0x1411a0000	USER32.DLL
0x1411a0010	CONOUT$
0x1411a0125	@tUjt(
0x1411a03bf	I}\;Y;
0x1411a0600	0123456789abcdef
0x1411a0618	0123456789abcdefghijklmnopqrstuvwxyz-
0x1411a0658	bad allocation
0x1411a135e	7R-GlS
0x1411a13c1	weK{rh
0x1411a1ec8	bad exception
0x1411a75a9	FbD)H3
0x1411a77c9	2#obt+3
0x1411a79fb	6L]`!4
0x1411a8020	.?AVbad_alloc@std@@
0x1411a8048	.?AVexception@std@@
0x1411a80de	                          
0x1411a81be	abcdefghijklmnopqrstuvwxyz
0x1411a81de	ABCDEFGHIJKLMNOPQRSTUVWXYZ
0x1411a82e2	((((((((((((((((((((((((((
0x1411a83d1	abcdefghijklmnopqrstuvwxyz
0x1411a83f1	ABCDEFGHIJKLMNOPQRSTUVWXYZ
0x1411a88d0	.?AVtype_info@@
0x1411a95e1	Qkkbal
0x1411a99e1	Qkkbal
0x1411a9de1	Qkkbal
0x1411aa1f1	Qkkbal
0x1411aa5f1	Qkkbal
0x1411aa9f1	Qkkbal
0x1411aadf1	Qkkbal
0x1411ab1f1	Qkkbal
0x1411ab5f1	Qkkbal
0x1411ab8d0	.?AVbad_exception@std@@
0x1411aba00	<HOST_PATH>\Users\<USER>\AppData\Local\Temp\EPT_3C9F3CEF_69BB4F9F.exe
0x1411ae52d	WXGYvT
0x1411aedeb	'StVS `
0x1411aee38	f}:lHL
0x1411af411	|.;W*o
0x1411afc80	o*T22Z
0x1411afdff	UG`wxU
0x1411aff8a	YeTBz=e
0x1411aff92	r%v1(?
0x1411b027f	adB%y4